SNP,Chr,Pos,P.value,MAF,nobs,H&B.P.Value,Effect
BS00093327_51,chr1A,1354675,0.0909851010325665,0.479032258064516,310,0.773440466448767,-0.0873622335564903
Excalibur_c9509_1180,chr1A,1354748,0.466800494320353,0.453225806451613,310,0.912558600245865,-0.0357836557207776
Tdurum_contig44888_837,chr1A,1355110,0.27304202277541,0.445161290322581,310,0.880538241125859,-0.0589719804818714
RAC875_rep_c110533_92,chr1A,1357290,0.416624649209061,0.329032258064516,310,0.902759083044459,-0.0457418078118934
Kukri_c2408_857,chr1A,1360891,0.653839577111192,0.441935483870968,310,0.946995518652029,-0.0243141736508647
BS00033749_51,chr1A,1816397,0.848350237577337,0.485483870967742,310,0.980434074318493,0.0101597489835683
tplb0025b13_1721,chr1A,4167188,0.190195378556238,0.2,310,0.853966700058071,0.0840153223412941
CAP12_c8501_370,chr1A,4718945,0.920093026851738,0.261290322580645,310,0.988595103778186,0.0070681286607055
BS00056550_51,chr1A,6999797,0.763397278950389,0.0129032258064516,310,0.978627404872569,-0.0668457408172927
RAC875_c57939_78,chr1A,12439180,0.0836690255076394,0.479032258064516,310,0.771248770971997,0.124120688806386
RAC875_c34888_65,chr1A,12909949,0.230377653515433,0.224193548387097,310,0.870624065981587,-0.0890437079491875
BobWhite_c6558_234,chr1A,12915431,0.748292886060605,0.425806451612903,310,0.977698860305626,-0.0214669147999302
wsnp_Ex_c4876_8692783,chr1A,13228692,0.61086876326888,0.0112903225806452,310,0.944768200113944,-0.13037816546651
BS00074370_51,chr1A,13552412,0.143445433590291,0.237096774193548,310,0.851731339446211,-0.133901467319447
BobWhite_c27474_124,chr1A,13674933,0.159989433471771,0.287096774193548,310,0.851731339446211,-0.098292152985394
Jagger_rep_c10343_173,chr1A,14484241,0.00378827559917328,0.309677419354839,310,0.4183676864837,-0.204975491311245
D_contig08749_250,chr1A,20208049,0.593476370912908,0.259677419354839,310,0.944768200113944,-0.0483842222971305
CAP7_c4833_55,chr1A,25868810,0.154729704543869,0.233870967741935,310,0.851731339446211,0.103346762128638
RAC875_c16820_419,chr1A,27603266,0.1279398516223,0.248387096774194,310,0.83007088714199,0.105494209896037
BobWhite_c4328_1345,chr1A,28461062,0.399946899992756,0.212903225806452,310,0.901554819268231,0.0632458311218329
Excalibur_c7026_2635,chr1A,28467461,0.894320084334887,0.369354838709677,310,0.982948974677996,0.00928725339453251
Tdurum_contig13946_329,chr1A,33724809,0.420914176470908,0.398387096774194,310,0.904467004863931,0.0417497482013971
wsnp_CAP11_c23_61357,chr1A,65077856,0.865778715137498,0.441935483870968,310,0.980434074318493,0.0110479189617365
IAAV4243,chr1A,71367943,0.825208221730726,0.37741935483871,310,0.980434074318493,-0.0134874644501366
BS00087437_51,chr1A,113855345,0.54212049783762,0.343548387096774,310,0.934731651563707,0.037031350593054
BS00062869_51,chr1A,248549559,0.617374287622468,0.174193548387097,310,0.944768200113944,-0.0310739326528093
wsnp_Ex_c44049_50205904,chr1A,336951094,0.783623550782088,0.190322580645161,310,0.978627404872569,-0.0190079155245542
TA004725-0348,chr1A,397284657,0.753518608113398,0.358064516129032,310,0.977698860305626,0.0181644776608749
IACX3496,chr1A,470800686,0.670191780735822,0.329032258064516,310,0.956276631921383,0.0290917179017356
BS00033469_51,chr1A,472323049,0.0651339136220976,0.153225806451613,310,0.740176151750893,0.221240662285794
Kukri_c3582_87,chr1A,473918642,0.745312667610239,0.258064516129032,310,0.977698860305626,-0.0265229163330645
GENE-0112_64,chr1A,473977326,0.720766481149252,0.185483870967742,310,0.972667118892286,0.0340424800740067
RAC875_c2734_135,chr1A,479860652,0.695807189507954,0.483870967741935,310,0.96506774441112,-0.0254047240720183
BS00067421_51,chr1A,479992930,0.877364386274935,0.383870967741935,310,0.980434074318493,-0.0101632112695
BS00012283_51,chr1A,480067827,0.959359996972172,0.333870967741935,310,0.988595103778186,-0.00306073223273984
BS00023101_51,chr1A,480068381,0.332701600596912,0.390322580645161,310,0.895693630978228,0.06404304160111
wsnp_JD_c13903_13781269,chr1A,480068628,0.0550583642763435,0.140322580645161,310,0.740176151750893,0.139407344283001
BS00021889_51,chr1A,480889849,0.0957458044757649,0.104838709677419,310,0.773440466448767,0.135975979084947
wsnp_BE495786A_Ta_2_1,chr1A,480890263,0.788998193956424,0.104838709677419,310,0.978627404872569,0.0212507378414628
IACX4378,chr1A,481526778,0.0634263981480609,0.282258064516129,310,0.740176151750893,0.12640843334502
wsnp_Ex_c4539_8148835,chr1A,481528464,0.112659691421523,0.0645161290322581,310,0.80457466559444,-0.160647396182348
Excalibur_c30591_637,chr1A,481964686,0.466233486530924,0.274193548387097,310,0.912558600245865,0.049021096179402
RAC875_c31276_1128,chr1A,483405666,0.919419558989025,0.385483870967742,310,0.988595103778186,0.00676960483556854
wsnp_Ex_c5192_9203100,chr1A,484060367,0.396285477356049,0.125806451612903,310,0.901002605767183,0.0989847007797096
wsnp_Ex_c12336_19686808,chr1A,484062365,0.230293309523431,0.0903225806451613,310,0.870624065981587,0.104584868366736
BS00021714_51,chr1A,489169148,0.64311373690706,0.353225806451613,310,0.944768200113944,0.0298687004853662
Ra_c4159_2716,chr1A,489617658,0.371113771287942,0.232258064516129,310,0.901002605767183,0.0715421278119237
BobWhite_c12568_900,chr1A,490253962,0.95597885749237,0.154838709677419,310,0.988595103778186,-0.00582411074523748
Kukri_c25215_124,chr1A,491269251,0.000103344994732501,0.209677419354839,310,0.0304351009487216,-0.213184605276708
BobWhite_c37384_208,chr1A,498821176,0.781756626833466,0.388709677419355,310,0.978627404872569,-0.0170128588108298
BobWhite_c7337_717,chr1A,511557116,0.0943381816068392,0.187096774193548,310,0.773440466448767,-0.161788539512258
wsnp_Ex_c1997_3757721,chr1A,513064456,0.529541257804884,0.387096774193548,310,0.934731651563707,-0.0355336640952828
wsnp_JD_c6544_7697578,chr1A,513066693,0.451825745204342,0.37741935483871,310,0.910320760562939,-0.0431598959504527
Jagger_c5280_407,chr1A,513066859,0.622805853647224,0.398387096774194,310,0.944768200113944,0.0365527655560811
wsnp_Ku_c23012_32893918,chr1A,514746340,0.094565061106489,0.353225806451613,310,0.773440466448767,-0.0966225052219016
Excalibur_c49946_169,chr1A,520448683,0.915389871686696,0.338709677419355,310,0.988595103778186,0.00632977880937347
BS00039377_51,chr1A,521739732,0.387399216867021,0.0967741935483871,310,0.901002605767183,0.0782263824172418
BobWhite_c27438_81,chr1A,527160340,0.586147679615901,0.0919354838709677,310,0.94245252678881,0.0465883229832826
wsnp_Ku_c5210_9289260,chr1A,527160478,0.659551712767499,0.1,310,0.947672166096893,-0.0384472651819294
wsnp_Ku_c5210_9290700,chr1A,527163793,0.505923829473891,0.0887096774193548,310,0.9285590613822,-0.0633716726176843
wsnp_Ra_c11594_18777085,chr1A,529465274,0.380332232064712,0.1,310,0.901002605767183,-0.0834227799237794
Excalibur_c7370_179,chr1A,530229961,0.970082827119124,0.433870967741936,310,0.991274427837528,0.00205850401145824
IAAV8743,chr1A,532099147,0.0498754583299063,0.395161290322581,310,0.72834656916483,0.095851199119906
BS00110627_51,chr1A,535721747,0.399121584074003,0.314516129032258,310,0.901554819268231,0.0478929280177312
RAC875_c21411_162,chr1A,539294401,0.860843555585473,0.164516129032258,310,0.980434074318493,0.0115890021637313
Jagger_c6890_167,chr1A,540738981,0.0110851055704899,0.429032258064516,310,0.607401898370502,0.192330730323732
RAC875_c12348_720,chr1A,540937942,0.540592565258952,0.240322580645161,310,0.934731651563707,0.0399744669186788
Ra_c29200_300,chr1A,545236493,0.0350289128687434,0.296774193548387,310,0.704421205579219,0.147291604839282
Ra_c8027_1021,chr1A,549334497,0.51670940462215,0.17258064516129,310,0.934017322849871,-0.0536999819993866
BobWhite_rep_c49755_131,chr1A,549894332,0.615292745287876,0.262903225806452,310,0.944768200113944,-0.0336947908734686
BS00030043_51,chr1A,549999988,0.49810759091333,0.262903225806452,310,0.927746556942725,0.0501502851177236
BS00066212_51,chr1A,550613782,0.907163998513804,0.295161290322581,310,0.988595103778186,-0.00806221296299725
Tdurum_contig78830_745,chr1A,558465541,0.627424078197116,0.166129032258065,310,0.944768200113944,-0.0387791706168201
wsnp_RFL_Contig3951_4390396,chr1A,560345683,0.334139700565737,0.274193548387097,310,0.895693630978228,-0.0886945735387599
Tdurum_contig51167_390,chr1A,565387073,0.0372488709472372,0.412903225806452,310,0.704421205579219,-0.114466229037177
Excalibur_c88792_93,chr1A,576699754,0.819596129111384,0.353225806451613,310,0.980434074318493,-0.0123374132779048
wsnp_Ex_c3264_6017750,chr1A,579495807,0.218828253738312,0.383870967741935,310,0.870503379202377,-0.0678007958374138
wsnp_Ku_c816_1684613,chr1A,579800618,0.368282772935704,0.120967741935484,310,0.900076984477717,-0.106443844081667
Tdurum_contig8224_378,chr1A,579800877,0.729434230872535,0.208064516129032,310,0.976889958071243,-0.0217883641737515
Excalibur_c41553_213,chr1A,580101627,0.30070384400293,0.267741935483871,310,0.8940875944891,-0.0629008974935061
wsnp_Ex_c41553_48351921,chr1A,580104194,0.0603912237910776,0.180645161290323,310,0.740176151750893,-0.142924793718436
Kukri_c2338_533|wsnp_Ex_c7684_13109335,chr1A,580105699,0.155582810848079,0.188709677419355,310,0.851731339446211,-0.102653462246948
Excalibur_c16947_114,chr1A,580529487,0.951190062234145,0.0548387096774194,310,0.988595103778186,-0.0062012419962798
TA001430-0733,chr1A,580738176,0.139941983107917,0.103225806451613,310,0.846568295219364,-0.192340490332569
IAAV4238,chr1A,584049510,0.303089116637788,0.0129032258064516,310,0.8940875944891,-0.269659500330306
BS00035273_51,chr1A,586167981,0.0520260878636676,0.0612903225806452,310,0.735440778040805,-0.222142191221849
BS00075271_51,chr1A,586624992,0.417404737321632,0.47741935483871,310,0.902759083044459,0.106131191969325
RFL_Contig3395_1311,chr1A,588535850,0.468564033485595,0.241935483870968,310,0.912727979873224,-0.0424506975323595
BS00021780_51,chr1A,590952711,0.354305377660093,0.0532258064516129,310,0.895693630978228,-0.112371543392868
BobWhite_c44947_277,chr1A,593735900,0.321206028190116,0.445161290322581,310,0.895693630978228,-0.0518737187767186
wsnp_Ex_rep_c67492_66096650,chr1A,595126027,0.934029698621415,0.146774193548387,310,0.988595103778186,-0.00742572819494569
BS00050522_51,chr1B,22335,0.365024056864147,0.353225806451613,310,0.897265489376611,0.05320736010475
Ku_c3169_1250,chr1B,5151885,0.455070871997019,0.362903225806452,310,0.910320760562939,-0.0444314354840571
RAC875_c3692_2287,chr1B,8142192,0.0129554403819641,0.332258064516129,310,0.607401898370502,-0.214421067905448
CAP11_c852_603,chr1B,8667979,0.894660347437763,0.408064516129032,310,0.982948974677996,0.00774509479539631
RAC875_rep_c70613_78,chr1B,12778945,0.21495990784664,0.483870967741935,310,0.869185714336413,-0.0655677542877413
Tdurum_contig44861_1253,chr1B,24100217,0.0487050634628813,0.437096774193548,310,0.724937686765342,-0.0981590148781351
BS00065737_51,chr1B,38915610,0.17591168711041,0.42258064516129,310,0.851731339446211,-0.0646666924582036
Ra_c29142_340,chr1B,50691940,0.639155854994337,0.12258064516129,310,0.944768200113944,0.0484598102976008
Excalibur_c4058_1121,chr1B,57086380,0.93612741635474,0.0919354838709677,310,0.988595103778186,-0.00990039608782922
Kukri_c65759_98,chr1B,283865024,0.199000133675433,0.312903225806452,310,0.857204732422721,-0.108865288743146
IAAV5269,chr1B,311474930,0.444166354493253,0.17741935483871,310,0.908746202374313,0.0622372193661533
IAAV8661,chr1B,311756323,0.858435530218148,0.112903225806452,310,0.980434074318493,-0.0151849876678014
Kukri_c2535_98,chr1B,323187964,0.890564648713041,0.138709677419355,310,0.982289472082361,0.0119149432351406
Kukri_c62848_106,chr1B,323371934,0.30902993899699,0.188709677419355,310,0.895693630978228,0.0970215483907708
BS00062942_51,chr1B,325756734,0.532891644871685,0.145161290322581,310,0.934731651563707,-0.0514129409528294
CAP7_c1241_128,chr1B,334516236,0.704388413188138,0.251612903225806,310,0.967275280998654,0.0286190003200915
Kukri_c49091_415,chr1B,341648517,0.564107475692437,0.466129032258065,310,0.941851669063827,0.0625939290007977
BS00022670_51,chr1B,341955467,0.270284618720384,0.162903225806452,310,0.880538241125859,-0.0843445794452578
RAC875_c44575_561,chr1B,343628061,0.517642559398006,0.493548387096774,310,0.934017322849871,-0.0552233026825206
RAC875_c44575_396,chr1B,343628226,0.714121018406148,0.0854838709677419,310,0.970912393142264,0.0622010189354967
IAAV2546|wsnp_Ku_c30982_40765341,chr1B,343800079,0.761328435849635,0.166129032258065,310,0.978627404872569,0.027686613066237
wsnp_Ku_c66585_65967792,chr1B,376231351,0.682271356664028,0.15,310,0.957568862026297,-0.0381006905131613
Tdurum_contig65023_587,chr1B,376367714,0.177982077824127,0.190322580645161,310,0.852288161287892,-0.128700587018656
JD_c10376_670,chr1B,380749208,0.640352164358728,0.180645161290323,310,0.944768200113944,-0.0372287482925628
Kukri_rep_c95031_104,chr1B,381979642,0.699936473153407,0.124193548387097,310,0.965486142124957,0.0370584134880119
Kukri_c8308_245,chr1B,388396521,0.200219753311245,0.133870967741935,310,0.85870947597323,-0.140017973809762
Tdurum_contig84184_124|wsnp_Ex_c15934_24341135,chr1B,388904013,0.787034145491103,0.180645161290323,310,0.978627404872569,-0.0248011070043503
Kukri_rep_c70738_896,chr1B,389675488,0.924357972670772,0.167741935483871,310,0.988595103778186,0.00897369615834975
BS00041010_51,chr1B,389681588,0.863578239659548,0.130645161290323,310,0.980434074318493,0.0225607111831891
Tdurum_contig10326_151,chr1B,396633638,0.658404584570713,0.161290322580645,310,0.947672166096893,-0.0333503623963907
Kukri_rep_c108436_534,chr1B,398246044,0.743433051084508,0.159677419354839,310,0.977698860305626,-0.0247553017649835
BS00062740_51,chr1B,398251099,0.236462108128366,0.0870967741935484,310,0.870624065981587,-0.141948395104649
Tdurum_contig42217_127,chr1B,415831210,0.223168098912664,0.37258064516129,310,0.870503379202377,-0.0916772764411178
Tdurum_contig43910_687,chr1B,415841752,0.140855166267398,0.395161290322581,310,0.846568295219364,-0.111384008732585
wsnp_BE442716B_Ta_2_2,chr1B,416367185,0.558043738367175,0.138709677419355,310,0.93554391432144,0.0425326274061675
BS00022581_51,chr1B,420891509,0.634225004457574,0.187096774193548,310,0.944768200113944,-0.0440110562284701
BobWhite_c11460_291,chr1B,421760674,0.891690819913846,0.0806451612903226,310,0.982918077846392,0.0165231317955232
Tdurum_contig57127_56,chr1B,422242469,0.554609279552448,0.138709677419355,310,0.934731651563707,-0.057648966427621
Tdurum_contig8081_2331,chr1B,422259364,0.820151289694629,0.162903225806452,310,0.980434074318493,0.0221154048797132
BS00071083_51,chr1B,428575338,0.925902652526573,0.193548387096774,310,0.988595103778186,-0.0079293532426874
BS00076696_51,chr1B,428575404,0.467921821710244,0.219354838709677,310,0.912602493335541,-0.0528254432601329
Kukri_c12151_467,chr1B,428578789,0.161034909061995,0.0903225806451613,310,0.851731339446211,-0.136870205135324
Tdurum_contig28305_106,chr1B,434454031,0.764896339421222,0.219354838709677,310,0.978627404872569,-0.024123725792137
BS00110480_51,chr1B,435014214,0.192656810898929,0.170967741935484,310,0.853966700058071,-0.110140639625783
IACX5764,chr1B,437206836,0.174343689008613,0.259677419354839,310,0.851731339446211,0.118132125121122
Tdurum_contig48171_189,chr1B,445021239,2.56892886932041e-05,0.237096774193548,310,0.0113482432802229,0.218657081160145
BS00073132_51,chr1B,454685170,0.847979236568414,0.193548387096774,310,0.980434074318493,0.0149946479788099
wsnp_Ra_c2027_3945713,chr1B,464716376,0.659464166577419,0.111290322580645,310,0.947672166096893,-0.0499102878358997
Ra_c3083_982,chr1B,465069906,0.927860923209778,0.104838709677419,310,0.988595103778186,0.0119850950990497
IAAV5704,chr1B,465205324,0.576852349881404,0.0887096774193548,310,0.942050002070648,-0.0854124468778821
wsnp_Ex_c34966_43196962,chr1B,465207721,0.260339869730385,0.151612903225806,310,0.877901812621355,0.0983291949514893
RAC875_c46646_549,chr1B,479560518,0.523198272921332,0.164516129032258,310,0.934387305704065,0.070679991281196
Excalibur_s102212_259,chr1B,482244929,0.541243488636629,0.395161290322581,310,0.934731651563707,0.0469183525931953
CAP8_c9553_109,chr1B,482246415,0.410120632302137,0.366129032258065,310,0.902759083044459,-0.0556159377190539
Kukri_c667_1073,chr1B,482247845,0.118383099628344,0.156451612903226,310,0.826810027839064,0.106988001924499
CAP7_c3456_113,chr1B,483824929,0.976870248689448,0.367741935483871,310,0.992680831229816,0.00200309875430094
Excalibur_rep_c105376_485,chr1B,484685232,0.50357009370645,0.198387096774194,310,0.9285590613822,0.0647237917407324
BS00023142_51,chr1B,484687372,0.574566517818387,0.391935483870968,310,0.941851669063827,-0.0414496781089326
BS00034925_51|Tdurum_contig28316_442,chr1B,485203357,0.54635346419001,0.401612903225806,310,0.934731651563707,-0.0458609314795524
BS00067146_51,chr1B,488628573,0.0785155283613391,0.0967741935483871,310,0.7564864396327,0.148339988388202
wsnp_Ku_c19618_29134473,chr1B,490545756,0.746305910840037,0.330645161290323,310,0.977698860305626,0.0198224793278285
RAC875_c87890_234,chr1B,495275022,0.128697789221715,0.266129032258065,310,0.83007088714199,-0.0951625267038878
Tdurum_contig59449_249,chr1B,495276116,0.563928422084685,0.398387096774194,310,0.941851669063827,0.0453677983191767
wsnp_Ex_c23992_33235984,chr1B,540458499,0.541502373458523,0.104838709677419,310,0.934731651563707,0.0540019674715921
BS00065126_51,chr1B,548030097,0.463890602571135,0.283870967741935,310,0.912102406053892,-0.0514005634716312
Tdurum_contig83770_218,chr1B,551693240,0.788382610195079,0.0838709677419355,310,0.978627404872569,0.0263904699879589
Tdurum_contig42749_3287,chr1B,557183418,0.880678474549,0.324193548387097,310,0.980434074318493,-0.00909240047410265
BS00023071_51,chr1B,609474528,0.154479618216147,0.170967741935484,310,0.851731339446211,0.1015999442427
RAC875_c52957_154,chr1B,611027568,0.24648756151726,0.380645161290323,310,0.870624065981587,-0.082246474986988
Excalibur_c44818_109,chr1B,611027714,0.137809836841352,0.22258064516129,310,0.84484116209351,0.0897526590002968
RFL_Contig2176_1111,chr1B,611028387,0.435518794147535,0.414516129032258,310,0.90670347646114,-0.0492392961347008
RFL_Contig2176_932,chr1B,611028566,0.769856900191742,0.396774193548387,310,0.978627404872569,0.0151916155987379
BS00064162_51,chr1B,611145616,0.69884398443499,0.229032258064516,310,0.965486142124957,0.0285114412236851
Tdurum_contig96049_200,chr1B,613632313,0.246293604701904,0.475806451612903,310,0.870624065981587,-0.0582769561889194
BS00022775_51,chr1B,614467582,0.80226232155268,0.140322580645161,310,0.978627404872569,0.0191005219854858
BobWhite_c48071_144,chr1B,624345061,0.118313178035956,0.424193548387097,310,0.826810027839064,-0.0822286889667225
RAC875_c16136_1597,chr1B,632415952,0.717939512291601,0.433870967741936,310,0.971362265098973,0.0343850063124478
Tdurum_contig49651_546,chr1B,637979778,0.775457913552348,0.133870967741935,310,0.978627404872569,-0.0223674124575766
BS00022411_51,chr1B,639185133,0.425360543883377,0.482258064516129,310,0.904467004863931,-0.0415350628353366
Ra_c17685_927,chr1B,641746937,0.674683481923738,0.0806451612903226,310,0.956276631921383,-0.0451772386385159
BobWhite_c36862_84,chr1B,642008969,0.092370860474998,0.156451612903226,310,0.773440466448767,-0.171054580099934
CAP12_c6260_64|Kukri_c63336_621,chr1B,643756710,0.238621612835073,0.154838709677419,310,0.870624065981587,0.0835401313187489
BobWhite_c2844_569|BS00039135_51,chr1B,646331263,0.0253750973902411,0.0241935483870968,310,0.700590579508689,-0.410443108583159
BS00094237_51,chr1B,647594072,0.272639718713755,0.0790322580645161,310,0.880538241125859,0.0977612021282894
CAP11_c6406_104,chr1B,647594448,0.121659050381069,0.112903225806452,310,0.826813623166725,0.157800526375922
Tdurum_contig10036_1057,chr1B,650372614,0.363683129670257,0.356451612903226,310,0.897265489376611,-0.0495409645552058
Tdurum_contig93532_89,chr1B,650732830,0.413873394670884,0.0903225806451613,310,0.902759083044459,0.0773670690398802
TA004946-0577,chr1B,650733704,0.212217456879677,0.0758064516129032,310,0.868028347931455,0.132144646441162
wsnp_Ex_c27176_36393952,chr1B,651094835,0.802041082185495,0.201612903225806,310,0.978627404872569,0.0191604263653886
Kukri_c4453_1248,chr1B,651095088,0.0972876203877188,0.243548387096774,310,0.773440466448767,-0.0929300602912306
Tdurum_contig50988_500,chr1B,655761835,0.333506206544457,0.241935483870968,310,0.895693630978228,-0.0627806110622799
BobWhite_c23617_167,chr1B,655818576,0.357194837836495,0.0774193548387097,310,0.895693630978228,0.0940992354936228
Jagger_c3757_131,chr1B,655819171,0.393405785953116,0.0790322580645161,310,0.901002605767183,0.0885772783893017
RFL_Contig1823_1044,chr1B,655955235,0.196743988079632,0.159677419354839,310,0.853966700058071,0.0939478162682974
BS00068077_51,chr1B,660645333,0.539342654352302,0.0709677419354839,310,0.934731651563707,0.0640599591959514
BS00071893_51,chr1B,667040658,0.584442993628547,0.116129032258065,310,0.94245252678881,0.0475717029745724
Tdurum_contig57153_1356,chr1B,669462262,0.0460131535423628,0.0338709677419355,310,0.724937686765342,-0.323236100339493
CAP12_c1085_283,chr1B,669989968,0.169523345341964,0.106451612903226,310,0.851731339446211,-0.124115661876999
Tdurum_contig10475_87,chr1B,669990181,0.362342567614242,0.0790322580645161,310,0.897265489376611,-0.110653655823825
IACX8074,chr1B,670565745,0.305750725402415,0.306451612903226,310,0.895693630978228,-0.0766051507621768
IACX2234,chr1B,671612273,0.15786835292893,0.0935483870967742,310,0.851731339446211,-0.142821717373252
wsnp_CAP12_c1337_682282,chr1B,672141700,0.407746802070814,0.0838709677419355,310,0.902759083044459,-0.0845842757927926
BobWhite_c9963_51,chr1B,672661803,0.497728828765555,0.220967741935484,310,0.927746556942725,0.0451201060446493
Kukri_c1565_111,chr1B,674269701,0.960528903214088,0.0854838709677419,310,0.988595103778186,0.00565766760195174
Tdurum_contig4904_2923,chr1B,674537343,1.09593882046485e-06,0.251612903225806,310,0.000919070630910317,-0.299494969597693
Kukri_c44604_203,chr1B,682090700,0.527516427883486,0.0532258064516129,310,0.934731651563707,-0.0814181112286718
Ku_c11537_539,chr1B,694408430,0.0716720209935674,0.203225806451613,310,0.742613657904646,0.132105662030725
Kukri_c7822_144,chr1D,119937,0.0824310389754514,0.287096774193548,310,0.771248770971997,0.129414223298767
BobWhite_c47810_111,chr1D,146722,0.666475495253898,0.0258064516129032,310,0.954345380967291,-0.0725468963029385
D_GDS7LZN02IXNP1_255,chr1D,176881,0.769373057394035,0.404838709677419,310,0.978627404872569,0.0164378510883125
BS00093325_51,chr1D,201744,0.773844066980892,0.329032258064516,310,0.978627404872569,-0.0166013847460817
RAC875_c48669_292,chr1D,201983,0.686551838865384,0.232258064516129,310,0.95976036335058,0.0248840555791787
RAC875_c10925_1887,chr1D,206331,0.360471497586052,0.438709677419355,310,0.897265489376611,-0.0488934025912613
wsnp_Ex_c278_538285,chr1D,4107550,0.39485949033143,0.425806451612903,310,0.901002605767183,-0.0452791437750335
RAC875_c2070_566,chr1D,4108163,0.209550194324522,0.42258064516129,310,0.862741585119681,-0.0678543773951361
Kukri_c83523_57,chr1D,4819665,0.300755974081335,0.206451612903226,310,0.8940875944891,0.0970478025321597
wsnp_Ex_c1969_3705930,chr1D,9178798,0.494727017815447,0.112903225806452,310,0.927746556942725,0.0545550261682024
BobWhite_rep_c49356_206,chr1D,9181696,0.247809825790349,0.174193548387097,310,0.870624065981587,0.0753882182887367
IAAV8085,chr1D,9252704,0.347180828776268,0.0903225806451613,310,0.895693630978228,0.0922898525441411
wsnp_Ex_c1085_2078686,chr1D,9490728,0.351549107578261,0.390322580645161,310,0.895693630978228,-0.0675027639453276
wsnp_Ex_c1358_2600929,chr1D,9889218,0.0169913196356606,0.0741935483870968,310,0.653956135439035,0.24643987311314
wsnp_Ex_c1358_2602235,chr1D,9890524,0.264661687252197,0.067741935483871,310,0.880538241125859,0.12167750676371
wsnp_Ra_c2633_5017265,chr1D,9894028,0.0586311760162241,0.0661290322580645,310,0.740176151750893,0.208950932051899
wsnp_Ku_c13622_21660346,chr1D,11487828,0.356737101241618,0.175806451612903,310,0.895693630978228,0.058448636060966
Ku_c13622_482,chr1D,11488050,0.458841612811781,0.445161290322581,310,0.91039869403602,0.0592358142937428
wsnp_Ex_rep_c67198_65703538,chr1D,11549768,0.432568265526721,0.440322580645161,310,0.90670347646114,0.0449643634553922
Kukri_c17177_1575,chr1D,11552558,0.160889439761166,0.151612903225806,310,0.851731339446211,-0.093384079011777
BobWhite_c33756_74,chr1D,11670552,0.536520508705995,0.42741935483871,310,0.934731651563707,-0.0355806959042582
RAC875_c23587_548,chr1D,13032856,0.0639850585113513,0.446774193548387,310,0.740176151750893,0.154225962542824
Ku_c12842_664,chr1D,13713082,0.259161031048474,0.308064516129032,310,0.877274984411214,-0.0688767073170595
Ex_c6145_1877,chr1D,13910970,0.182442419726927,0.174193548387097,310,0.853966700058071,-0.0969783150973882
RAC875_c7752_549,chr1D,13912290,0.172219554523075,0.243548387096774,310,0.851731339446211,-0.0967674167873724
D_F5XZDLF02I14SZ_56,chr1D,14840658,0.123933764594412,0.170967741935484,310,0.828421611696655,-0.113645243411113
D_GBF1XID01CJH0V_94,chr1D,15541438,0.095917724334598,0.167741935483871,310,0.773440466448767,-0.12290174784701
BS00022178_51,chr1D,17161138,0.619404222614507,0.0403225806451613,310,0.944768200113944,0.0676816643163107
BS00023049_51,chr1D,18034111,0.11292276008343,0.111290322580645,310,0.80457466559444,0.138946701156911
Kukri_c19257_78,chr1D,18034210,0.309738593362574,0.0758064516129032,310,0.895693630978228,0.11124274145309
Kukri_c46169_294,chr1D,19078051,0.171620288621603,0.454838709677419,310,0.851731339446211,0.0822777386725164
Excalibur_c48750_124,chr1D,19528319,0.353225077121576,0.270967741935484,310,0.895693630978228,-0.0538979470409515
IAAV5327,chr1D,19530369,0.0292552821255665,0.351612903225806,310,0.704421205579219,0.127566289838484
wsnp_Ex_rep_c101500_86856679,chr1D,32547194,0.96351200328086,0.203225806451613,310,0.988595103778186,0.00337093925638499
RAC875_c62_1546|RFL_Contig5594_1283,chr1D,33651304,0.965097087729129,0.383870967741935,310,0.988595103778186,-0.00300932629093609
RAC875_c62_1514,chr1D,33651336,0.464568288312678,0.469354838709677,310,0.912102406053892,-0.0448272150297555
BS00000721_51,chr1D,33651744,0.757593983956804,0.208064516129032,310,0.977844097627227,0.0233487014175893
wsnp_BE405518D_Ta_2_3,chr1D,33651984,0.639824166047,0.206451612903226,310,0.944768200113944,0.0352421492201813
RAC875_c62_321,chr1D,33652851,0.530088857457227,0.283870967741935,310,0.934731651563707,-0.0465638431102491
IACX11290,chr1D,34571815,0.097729968075239,0.125806451612903,310,0.773440466448767,-0.125468635851213
BS00002178_51,chr1D,34811486,0.284356938119363,0.303225806451613,310,0.888486882529512,-0.0665263612379192
BS00012936_51,chr1D,35723926,0.462481644738723,0.288709677419355,310,0.912102406053892,-0.0481638796041182
D_GDS7LZN02JVIW1_263,chr1D,35740701,0.328379401156447,0.241935483870968,310,0.895693630978228,-0.0626131976726612
CAP11_c3218_126,chr1D,36043189,0.793984945823576,0.214516129032258,310,0.978627404872569,-0.0193561279591847
BS00105568_51,chr1D,36045951,0.765465551877071,0.314516129032258,310,0.978627404872569,-0.0162865508374495
wsnp_CAP12_c633_339740,chr1D,37765713,0.635124991803573,0.232258064516129,310,0.944768200113944,0.0318128650970806
CAP7_c1609_203,chr1D,39898481,0.66530540979069,0.369354838709677,310,0.95344254590442,0.0220162661929066
BS00065478_51,chr1D,39912847,0.61553076890836,0.369354838709677,310,0.944768200113944,0.0278833260016853
BS00086679_51,chr1D,40083959,0.6122232090163,0.32741935483871,310,0.944768200113944,-0.0304094204604866
BS00034563_51,chr1D,40089836,0.858673841170895,0.379032258064516,310,0.980434074318493,0.0100924221892171
BobWhite_c555_1485,chr1D,40090195,0.789016531132471,0.306451612903226,310,0.978627404872569,0.0159846751271715
BS00011451_51,chr1D,40092595,0.707542979773774,0.369354838709677,310,0.968307673387707,0.0204471621577511
BS00074824_51,chr1D,40195159,0.4545787022512,0.354838709677419,310,0.910320760562939,-0.0432086337499129
IAAV4760,chr1D,42691775,0.961492550659465,0.0693548387096774,310,0.988595103778186,0.00557068248953385
IAAV4794,chr1D,44855708,0.636341343542849,0.0661290322580645,310,0.944768200113944,-0.057671089507302
BS00100990_51,chr1D,45136819,0.162447750229222,0.0290322580645161,310,0.851731339446211,-0.207993088089538
Kukri_rep_c72587_123,chr1D,45779727,0.391630139784294,0.116129032258065,310,0.901002605767183,-0.0854989002269093
Kukri_c53398_200,chr1D,48947800,0.875171960164253,0.0725806451612903,310,0.980434074318493,-0.0174648933901551
BS00077237_51,chr1D,49084981,0.747204483011751,0.0806451612903226,310,0.977698860305626,-0.0349274931230639
Kukri_c5113_1082,chr1D,49113902,0.787420100336835,0.303225806451613,310,0.978627404872569,0.021253540365791
RAC875_rep_c81479_191,chr1D,49114668,0.977719769355687,0.130645161290323,310,0.992680831229816,0.00219171750529767
BS00033405_51,chr1D,50810410,0.675941999586761,0.0806451612903226,310,0.956276631921383,-0.045637478378687
Excalibur_c4030_1770,chr1D,51161845,0.917621397951851,0.0903225806451613,310,0.988595103778186,-0.00930624208609743
RAC875_c35094_476,chr1D,51565938,0.26966738187002,0.0483870967741935,310,0.880538241125859,-0.164115920540432
BS00072193_51,chr1D,52050649,0.251661494214468,0.0580645161290323,310,0.870624065981587,-0.141101429835828
Kukri_c20844_116,chr1D,52392217,0.435648699216473,0.0725806451612903,310,0.90670347646114,-0.0856156572634035
BS00074817_51,chr1D,53588898,0.333821212538042,0.0741935483870968,310,0.895693630978228,-0.0971294979639481
D_contig16934_681,chr1D,53591999,0.397986142325278,0.0661290322580645,310,0.901554819268231,-0.0999003239269527
IACX6432,chr1D,57088704,0.741141881971269,0.0629032258064516,310,0.977698860305626,0.0437279851555417
wsnp_BE445121D_Ta_2_2,chr1D,57314473,0.825176290187219,0.0693548387096774,310,0.980434074318493,-0.0241959542558092
Excalibur_c5958_1270,chr1D,58111306,0.423995403024269,0.0725806451612903,310,0.904467004863931,-0.0812355206397939
Excalibur_c5958_1398,chr1D,58111434,0.330570032282342,0.082258064516129,310,0.895693630978228,-0.106752326759242
BS00094471_51,chr1D,58809326,0.896277798946691,0.0725806451612903,310,0.98367880170112,-0.0150128326959731
BS00024812_51,chr1D,112441745,0.206884423752399,0.309677419354839,310,0.862741585119681,-0.12239222820449
Kukri_c18350_151,chr1D,172527877,0.505785378572783,0.170967741935484,310,0.9285590613822,0.0446181167105451
RAC875_c19509_174,chr1D,193934385,0.0817837728222175,0.103225806451613,310,0.771248770971997,0.180966363715712
wsnp_Ex_rep_c70574_69491038,chr1D,216049707,0.423576362380573,0.117741935483871,310,0.904467004863931,-0.0675411239979482
Excalibur_c54055_694,chr1D,312106829,0.446888342374308,0.262903225806452,310,0.909563081413239,-0.0587566780373265
RAC875_rep_c105196_532,chr1D,329638192,0.709653897587482,0.135483870967742,310,0.968307673387707,0.0334876155957176
Excalibur_c33661_412,chr1D,341579717,0.429233278902568,0.237096774193548,310,0.90670347646114,-0.0511014419950868
wsnp_Ku_c53270_57959459,chr1D,355119524,0.381710582045638,0.251612903225806,310,0.901002605767183,0.0700037702983991
BS00071465_51,chr1D,358398125,0.0349046318055186,0.116129032258065,310,0.704421205579219,0.213028825063617
BS00038418_51,chr1D,359836800,0.61308721022716,0.312903225806452,310,0.944768200113944,-0.0303284163911002
IAAV4656,chr1D,361141537,0.240628082346319,0.0838709677419355,310,0.870624065981587,-0.128782158762164
D_contig14507_369,chr1D,369511242,0.864870877592491,0.166129032258065,310,0.980434074318493,0.0148943540205124
wsnp_Ex_c26626_35864468,chr1D,411773833,0.187880536480035,0.195161290322581,310,0.853966700058071,-0.10768555484745
BobWhite_c3283_54,chr1D,411994616,0.0455331862738539,0.0741935483870968,310,0.724937686765342,-0.229311574198519
Kukri_c12758_1488,chr1D,414251873,0.0144373965656826,0.175806451612903,310,0.607401898370502,-0.211186703812615
BS00040568_51,chr1D,439237091,0.751982539269359,0.017741935483871,310,0.977698860305626,-0.0605971409076318
CAP11_c1701_324,chr1D,439396010,0.255194023288612,0.00806451612903226,310,0.872200849421621,-0.357596454299156
BS00022188_51,chr1D,465703299,0.0302589803246626,0.0854838709677419,310,0.704421205579219,-0.210144466859887
Kukri_c3365_1192,chr1D,471972623,0.00031698189364533,0.156451612903226,310,0.080015286581614,-0.258916823494791
Excalibur_c20462_128,chr1D,477183304,0.0834941581626834,0.196774193548387,310,0.771248770971997,0.113481782561024
RAC875_c68124_105,chr1D,477331667,0.788607791007536,0.0967741935483871,310,0.978627404872569,0.0291366400233386
D_contig10329_117|Excalibur_c17937_1157,chr1D,478815749,0.273081469234279,0.367741935483871,310,0.880538241125859,-0.0634162067739368
RAC875_c51493_471,chr1D,479894522,0.177952696963546,0.135483870967742,310,0.852288161287892,0.113938225003722
CAP7_c6937_354,chr1D,480215313,0.0787173653695294,0.230645161290323,310,0.7564864396327,-0.130994574619535
wsnp_Ku_c23598_33524490,chr2A,4150148,0.457860877547499,0.261290322580645,310,0.91039869403602,-0.0479616056948231
Excalibur_c386_894,chr2A,4275967,0.403854625400791,0.346774193548387,310,0.901554819268231,0.0463964768128733
wsnp_Ex_c997_1906900,chr2A,5528827,0.926218806055143,0.12741935483871,310,0.988595103778186,-0.00838091357528015
wsnp_Ku_c33374_42877546,chr2A,5531907,0.251321669853872,0.0806451612903226,310,0.870624065981587,-0.115723553016231
Kukri_c27040_309,chr2A,30844971,0.0931676161479316,0.067741935483871,310,0.773440466448767,-0.173314640781591
BobWhite_c9564_154,chr2A,60480967,0.937122186245031,0.412903225806452,310,0.988595103778186,0.00762031590198831
BobWhite_c1611_1685,chr2A,62090230,0.576722665191807,0.280645161290323,310,0.942050002070648,-0.0309978772161941
BS00039209_51,chr2A,73598217,0.839119039543523,0.188709677419355,310,0.980434074318493,0.0150890062611921
Tdurum_contig48302_532,chr2A,76225305,0.413434461017784,0.135483870967742,310,0.902759083044459,0.0862884098215346
Excalibur_c15733_252,chr2A,76226142,0.435289632710084,0.106451612903226,310,0.90670347646114,0.0945951735975967
Excalibur_c3108_5476,chr2A,76412639,0.543483912808531,0.235483870967742,310,0.934731651563707,-0.0376328700584736
wsnp_BE497494A_Td_2_1,chr2A,79772005,0.569102077205808,0.235483870967742,310,0.941851669063827,-0.0369413483504246
wsnp_Ex_c41913_48628389,chr2A,86161281,0.850169918052216,0.237096774193548,310,0.980434074318493,0.0128210835150213
BS00074780_51,chr2A,88038316,0.820687639309963,0.240322580645161,310,0.980434074318493,0.0153194334401832
Kukri_c29034_492,chr2A,89375701,0.513073569729103,0.114516129032258,310,0.931082600252098,0.0856575060261378
BobWhite_c3644_491,chr2A,89387690,0.753608289607393,0.261290322580645,310,0.977698860305626,-0.0190711120958156
Tdurum_contig56511_144,chr2A,90197856,0.85426815093664,0.238709677419355,310,0.980434074318493,-0.0115076737640294
Tdurum_contig44062_733,chr2A,91270892,0.620829600877637,0.27741935483871,310,0.944768200113944,-0.0309939247071611
Excalibur_c21269_176,chr2A,95428717,0.182682995210365,0.145161290322581,310,0.853966700058071,-0.146007257009899
BobWhite_c5562_219,chr2A,95437852,0.353818502915363,0.132258064516129,310,0.895693630978228,-0.109716391796383
BobWhite_c26259_248,chr2A,101650624,0.191088384894399,0.270967741935484,310,0.853966700058071,-0.0835137519731433
Tdurum_contig30569_579,chr2A,102169489,0.820629646345844,0.319354838709677,310,0.980434074318493,-0.0124245960421661
Tdurum_contig28682_120,chr2A,102768046,0.0238095562654124,0.298387096774194,310,0.700590579508689,-0.138420040409486
Excalibur_c21872_135,chr2A,102769471,0.410249793271069,0.148387096774194,310,0.902759083044459,-0.0569953791452065
RAC875_rep_c119471_174|Tdurum_contig62073_376,chr2A,103379714,0.283204019362842,0.117741935483871,310,0.888486882529512,-0.108884856435282
TA002645-0060,chr2A,131769179,0.555618333081273,0.0354838709677419,310,0.934731651563707,-0.099189806861915
Excalibur_c18417_241,chr2A,195049743,0.8573975805602,0.124193548387097,310,0.980434074318493,0.0188273015871516
BS00039797_51,chr2A,210511211,0.512913314895728,0.470967741935484,310,0.931082600252098,-0.0654058779402931
RAC875_rep_c101788_71,chr2A,377697739,0.942900778469771,0.259677419354839,310,0.988595103778186,-0.00568270530118298
IAAV2090,chr2A,421339395,0.448206026350316,0.151612903225806,310,0.909563081413239,-0.0730191985618518
tplb0047f03_349,chr2A,438830037,0.223899184735324,0.206451612903226,310,0.870624065981587,-0.0752010423875049
Kukri_c57491_156,chr2A,508666408,0.803438582284,0.15,310,0.978627404872569,0.0222957182184871
wsnp_Ex_c31900_40635609,chr2A,510294239,0.026816492231137,0.251612903225806,310,0.704421205579219,-0.159295204765172
BobWhite_c2002_100,chr2A,541486812,0.8873301292409,0.17258064516129,310,0.981786060343563,0.0104660167737052
wsnp_BE403597A_Ta_2_1,chr2A,573136296,0.302175056666558,0.425806451612903,310,0.8940875944891,-0.0581069909436707
wsnp_BE406351A_Ta_2_3,chr2A,575052769,0.653395428664663,0.266129032258065,310,0.946995518652029,-0.0261204073361796
CAP12_c6044_69,chr2A,575146330,0.845469794272774,0.375806451612903,310,0.980434074318493,0.0143344883988163
BobWhite_c28819_733,chr2A,580673465,0.556501243602161,0.480645161290323,310,0.934731651563707,-0.0308055268855867
wsnp_CAP11_c838_518859,chr2A,584175181,0.68891499237314,0.454838709677419,310,0.960025860822822,-0.0223762404776267
BS00041816_51,chr2A,617159317,0.611846128955638,0.0580645161290323,310,0.944768200113944,-0.0626022592281359
BS00022241_51,chr2A,670881819,0.696134376571659,0.120967741935484,310,0.96506774441112,-0.0330751872594703
BS00081195_51,chr2A,683403062,0.745342616522456,0.0838709677419355,310,0.977698860305626,0.0325671277676918
Kukri_c44255_832,chr2A,708770014,0.299046283806072,0.182258064516129,310,0.8940875944891,-0.0725535028716564
BS00029332_51,chr2A,712971442,0.265839667713662,0.111290322580645,310,0.880538241125859,-0.103603597940243
BobWhite_c11081_1619,chr2A,716729497,0.801419691680204,0.0483870967741935,310,0.978627404872569,-0.0300506137450185
RAC875_c83712_84,chr2A,717763964,0.099669543490082,0.219354838709677,310,0.774204845548354,-0.131465429983692
wsnp_Ex_c59095_60108185,chr2A,723736722,0.0965686370754896,0.214516129032258,310,0.773440466448767,0.108667826641316
wsnp_Ex_c59095_60108097,chr2A,723736810,0.199224606396055,0.137096774193548,310,0.857204732422721,0.10199984266054
wsnp_Ra_c32271_41304469,chr2A,723738030,0.195665346713725,0.253225806451613,310,0.853966700058071,0.08128745579846
BobWhite_c16923_64,chr2A,726859048,0.554036563746519,0.366129032258065,310,0.934731651563707,-0.0300846744604399
BS00057059_51,chr2A,736842476,0.523962268427059,0.0129032258064516,310,0.934387305704065,0.141192813873275
BS00024921_51,chr2A,740644564,0.0114682628512815,0.0419354838709677,310,0.607401898370502,-0.29295470030825
wsnp_CAP11_c1711_934478,chr2A,741852418,0.513755254808034,0.409677419354839,310,0.931082600252098,-0.0480973611765592
RAC875_c19904_308,chr2A,742458348,0.930728406351275,0.459677419354839,310,0.988595103778186,-0.00473342355336115
RAC875_c104160_61,chr2A,742459079,0.583986750092803,0.451612903225806,310,0.94245252678881,0.0296144068458517
BS00077768_51,chr2A,746382095,0.638843673655774,0.0451612903225806,310,0.944768200113944,0.0556463110616647
Excalibur_c22696_316,chr2A,747870924,0.471534050804268,0.125806451612903,310,0.912727979873224,-0.0629791441978114
Excalibur_c99029_69,chr2A,750152199,0.939453464520005,0.406451612903226,310,0.988595103778186,0.00560080316668632
Kukri_c2687_1407,chr2A,750187115,0.236054127293482,0.22258064516129,310,0.870624065981587,-0.0882711104859766
Excalibur_c44834_80,chr2A,766213417,0.180875886990626,0.435483870967742,310,0.853966700058071,0.0717859208519371
RAC875_c27530_860,chr2A,768108224,0.153082294465757,0.119354838709677,310,0.851731339446211,0.102502944943623
wsnp_Ex_c10555_17235832,chr2A,768113938,0.942806165862941,0.140322580645161,310,0.988595103778186,-0.0049793650302945
wsnp_Ex_c3695_6740339,chr2A,768617031,0.871207900979884,0.164516129032258,310,0.980434074318493,0.0134075891793373
Kukri_c89717_64,chr2A,774081045,0.384716641318814,0.490322580645161,310,0.901002605767183,0.0535529761721136
BobWhite_rep_c63940_205,chr2A,781419567,0.840196577939223,0.285483870967742,310,0.980434074318493,0.0179684149320565
RAC875_c42539_151,chr2A,785365717,0.344661238306734,0.359677419354839,310,0.895693630978228,-0.0827295276623943
BS00070466_51,chr2A,785417292,0.90192730006252,0.0774193548387097,310,0.987602130980525,-0.0130810193225201
BobWhite_c1105_299,chr2A,786338839,0.144662646361134,0.130645161290323,310,0.851731339446211,-0.108600018296116
RFL_Contig4560_1503,chr2A,789490031,0.395005754133056,0.101612903225806,310,0.901002605767183,0.0716362043505683
Kukri_c40204_617,chr2B,1142148,0.0478929037255079,0.27741935483871,310,0.724937686765342,-0.111860491929079
Kukri_c30847_344,chr2B,1143112,0.080276556543119,0.17741935483871,310,0.766749596819953,-0.118655359015264
Excalibur_c39493_251,chr2B,5488537,0.741736985721125,0.0612903225806452,310,0.977698860305626,0.0409195543273881
Excalibur_c4705_660,chr2B,5522156,0.115333797005011,0.258064516129032,310,0.811931551027308,-0.127501071550938
Excalibur_c17250_751,chr2B,5530076,0.696902344011652,0.0403225806451613,310,0.96506774441112,-0.0625171304281764
Ra_c1501_1220,chr2B,5612130,0.225273410179432,0.441935483870968,310,0.870624065981587,0.063479119608175
Kukri_c3701_1980,chr2B,9354246,0.774599784771612,0.275806451612903,310,0.978627404872569,-0.0189632538509557
BobWhite_c12144_216,chr2B,9829982,0.707821436482514,0.308064516129032,310,0.968307673387707,0.0268397345746507
BobWhite_rep_c64787_359,chr2B,10422988,0.64321230601985,0.235483870967742,310,0.944768200113944,-0.0330252608470829
BobWhite_c7145_355,chr2B,10423162,0.827436856434926,0.2,310,0.980434074318493,0.0176352927221615
BS00072058_51,chr2B,12253959,0.18056056160822,0.196774193548387,310,0.853966700058071,0.0792836670479886
BobWhite_c26803_89,chr2B,13170105,0.99479297799354,0.493548387096774,310,0.997615886557653,0.000327556730496781
IAAV8700,chr2B,16395651,0.179406270769322,0.467741935483871,310,0.853966700058071,-0.0736356668540878
BS00065556_51,chr2B,16461614,0.0980479142527017,0.32258064516129,310,0.773440466448767,-0.0863125034805705
Excalibur_c41459_96,chr2B,17264592,0.924726692501112,0.390322580645161,310,0.988595103778186,0.00472650672922725
Excalibur_c4748_360,chr2B,17271730,0.601764827313864,0.424193548387097,310,0.944768200113944,-0.0272831366497428
RAC875_c2300_1021,chr2B,17275697,0.222450624670247,0.482258064516129,310,0.870503379202377,-0.0607776463406537
wsnp_Ex_rep_c66551_64836462,chr2B,20125018,0.72713312506516,0.317741935483871,310,0.974843878596463,0.0202888518114435
wsnp_CAP11_c3271_1608092,chr2B,20193729,0.530877605077598,0.275806451612903,310,0.934731651563707,0.0379132667309534
Excalibur_rep_c108189_683,chr2B,20334636,0.174442421233087,0.245161290322581,310,0.851731339446211,0.0840983750846078
tplb0058j01_762,chr2B,20378527,0.824375017236392,0.312903225806452,310,0.980434074318493,-0.0126986737067369
Kukri_c3067_398,chr2B,20564047,0.932893542263827,0.12741935483871,310,0.988595103778186,0.00605130384695229
BS00011149_51,chr2B,20865880,0.697609126765785,0.343548387096774,310,0.96528999764694,-0.021552737159368
Excalibur_c40567_1893,chr2B,23500473,0.898123355224235,0.245161290322581,310,0.9850924696966,-0.00757413736169354
TA001263-0453,chr2B,23500700,0.3967062972761,0.430645161290323,310,0.901002605767183,-0.0569009114998096
BS00067046_51,chr2B,27388075,0.432767789479262,0.0919354838709677,310,0.90670347646114,-0.100576303271637
wsnp_Ex_rep_c70756_69644826,chr2B,39254175,0.616333604044952,0.130645161290323,310,0.944768200113944,0.0363996987500741
BS00077914_51,chr2B,39825194,0.90304488078309,0.232258064516129,310,0.98803734015091,-0.00711420396320506
Kukri_c25245_998,chr2B,40520522,0.866069403283639,0.241935483870968,310,0.980434074318493,-0.00969453482573357
BS00071995_51,chr2B,40522277,0.317530056759772,0.106451612903226,310,0.895693630978228,0.0939881012916715
RAC875_rep_c105164_545,chr2B,40523265,0.532906923907568,0.133870967741935,310,0.934731651563707,0.0543148470071344
Kukri_c29807_476,chr2B,40525793,0.870535617852495,0.159677419354839,310,0.980434074318493,0.013145829698388
wsnp_JD_c5064_6183978,chr2B,40530774,0.649097233860036,0.179032258064516,310,0.944773321442079,0.0328209852619921
BobWhite_rep_c63363_160,chr2B,41124578,0.981707051003031,0.417741935483871,310,0.993514524125061,-0.00194794948481558
BobWhite_c5072_107,chr2B,41735829,0.502283692141911,0.153225806451613,310,0.927746556942725,-0.0511195532084088
JD_c49544_37,chr2B,41908983,0.705565680655064,0.161290322580645,310,0.967275280998654,-0.0301461932469493
wsnp_CAP11_rep_c8489_3665230,chr2B,41909106,0.586166002796209,0.143548387096774,310,0.94245252678881,0.0409545387072541
RAC875_rep_c79427_59,chr2B,42008046,0.838748530849647,0.182258064516129,310,0.980434074318493,-0.0133515243148565
Ex_c67274_1225,chr2B,43375346,0.519588351001042,0.190322580645161,310,0.934193931868489,0.0452184004363119
wsnp_Ex_c19260_28187434,chr2B,47995758,0.945996481315906,0.285483870967742,310,0.988595103778186,-0.00425080419782375
Kukri_c26288_419,chr2B,55482559,0.964939645174029,0.467741935483871,310,0.988595103778186,-0.0027126105359514
wsnp_Ex_c4349_7841003,chr2B,56101655,0.750802417745531,0.317741935483871,310,0.977698860305626,-0.022026843718848
RAC875_c34516_70,chr2B,64110277,0.176901755278302,0.238709677419355,310,0.851731339446211,-0.0992556029498672
Excalibur_c6502_397,chr2B,64188823,0.944318589277476,0.140322580645161,310,0.988595103778186,-0.00817255719260856
BobWhite_c10578_272,chr2B,65267267,0.217410984209951,0.183870967741935,310,0.870503379202377,-0.10276690534117
RAC875_c24914_462,chr2B,71254294,0.0898044390221878,0.0951612903225806,310,0.773440466448767,0.144025738101327
BobWhite_c44986_217,chr2B,71554374,0.541119249594552,0.125806451612903,310,0.934731651563707,-0.0806873956759944
wsnp_Ku_c34759_44069854,chr2B,74336879,0.942672949282566,0.419354838709677,310,0.988595103778186,-0.00436652629051082
CAP12_rep_c5926_115,chr2B,74424768,0.699825501760967,0.233870967741935,310,0.965486142124957,-0.0298833665589058
Kukri_c43403_346,chr2B,75544735,0.816748312113697,0.166129032258065,310,0.980434074318493,-0.0220748172193623
Jagger_c8098_88,chr2B,75644344,0.680824138892974,0.275806451612903,310,0.957053503121627,-0.0279402854767312
Kukri_c17483_568,chr2B,75650270,0.472235568098561,0.17741935483871,310,0.912727979873224,-0.0516112412738821
Excalibur_rep_c101660_546,chr2B,75900831,0.890114811634729,0.153225806451613,310,0.982289472082361,0.0159513598438537
Tdurum_contig29620_207,chr2B,75901178,0.72504245223289,0.261290322580645,310,0.973897564051771,-0.0246610157531535
Kukri_c12616_353,chr2B,75902716,0.463336352803896,0.156451612903226,310,0.912102406053892,0.0797784570289792
Excalibur_c7136_823,chr2B,76309122,0.595169462524445,0.106451612903226,310,0.944768200113944,-0.0424793490190893
Kukri_rep_c69288_529,chr2B,86137201,0.524218025159079,0.217741935483871,310,0.934387305704065,-0.0431978807145725
Kukri_c44_1704,chr2B,88113280,0.892806268911922,0.312903225806452,310,0.982948974677996,-0.00793038873571561
GENE-1741_103,chr2B,89813541,0.164715467121418,0.385483870967742,310,0.851731339446211,-0.0812749215862709
BS00030497_51,chr2B,90291782,0.0444670186986493,0.461290322580645,310,0.724937686765342,-0.139766468446425
Tdurum_contig47202_1699,chr2B,90589409,0.0397415781138079,0.430645161290323,310,0.704421205579219,-0.127347545350645
JD_c11869_1297,chr2B,90589480,0.125523291891438,0.475806451612903,310,0.83007088714199,0.0898959029888289
BS00022966_51,chr2B,91759484,0.0718635272838616,0.483870967741935,310,0.742613657904646,0.127793238518649
Tdurum_contig45350_605,chr2B,92995167,0.00872535812295677,0.5,310,0.521185017480106,-0.183778898542158
BS00023221_51,chr2B,93003967,0.0228835637480739,0.369354838709677,310,0.700590579508689,0.168636365299875
Kukri_c36879_83,chr2B,94574870,0.803171393901947,0.211290322580645,310,0.978627404872569,0.0189160635676586
BobWhite_c30112_275,chr2B,96247720,0.0683234376207834,0.485483870967742,310,0.742613657904646,0.122619814647635
CAP7_c1018_75,chr2B,96247811,0.00879892156868764,0.351612903225806,310,0.521185017480106,0.156531584128302
RAC875_c26415_350,chr2B,97148945,0.981392333688305,0.170967741935484,310,0.993514524125061,0.00154790886331568
RAC875_c76533_442,chr2B,97203902,0.361982609367042,0.282258064516129,310,0.897265489376611,0.0734457409900244
Tdurum_contig36804_98,chr2B,100395373,0.220777816485412,0.287096774193548,310,0.870503379202377,0.0897561807291254
Kukri_c5904_80,chr2B,101304536,0.0669115298479312,0.185483870967742,310,0.742613657904646,0.197953152391875
RAC875_c3302_1411,chr2B,101861071,0.270868249359603,0.458064516129032,310,0.880538241125859,0.0973483704831892
Excalibur_c25430_183,chr2B,103035608,0.193965053242375,0.225806451612903,310,0.853966700058071,0.138424969235274
Tdurum_contig81323_291,chr2B,103720137,0.170381622025837,0.464516129032258,310,0.851731339446211,0.100553566816785
Kukri_c49522_254,chr2B,103727547,0.271215411413247,0.219354838709677,310,0.880538241125859,-0.0721405025527702
RFL_Contig2231_1297,chr2B,104067472,0.00804928917910999,0.448387096774194,310,0.521185017480106,0.210808829722538
BS00103461_51,chr2B,104068633,0.374208186513837,0.27741935483871,310,0.901002605767183,0.106321720061601
Excalibur_c27716_544,chr2B,104307842,0.224615485280584,0.385483870967742,310,0.870624065981587,0.0888910984104143
Tdurum_contig7800_228,chr2B,104848870,0.24849103413041,0.456451612903226,310,0.870624065981587,0.105975653852227
BS00071690_51,chr2B,104849132,0.00214019508362076,0.459677419354839,310,0.315143726063158,0.274451147314778
Kukri_c4790_154,chr2B,105438546,0.404036889732439,0.25,310,0.901554819268231,-0.0937251339342424
RAC875_c35438_474,chr2B,106532905,0.990924567296991,0.0903225806451613,310,0.996294111102066,-0.00169475438207201
Excalibur_c2496_1141,chr2B,107864011,0.938517776862601,0.0629032258064516,310,0.988595103778186,-0.0116063441828231
wsnp_JG_c609_370792,chr2B,108526605,0.640337569573475,0.32741935483871,310,0.944768200113944,-0.0368311260160112
GENE-1365_16,chr2B,114257203,0.0713039999076459,0.170967741935484,310,0.742613657904646,-0.141153431379195
wsnp_Ra_c11493_18637928,chr2B,114836612,0.632630858241301,0.258064516129032,310,0.944768200113944,-0.0455443618485845
BobWhite_c38833_197,chr2B,116746451,0.479352619799737,0.212903225806452,310,0.917226274931843,-0.0428287423375977
Ku_c4042_576,chr2B,117211953,0.212788747036103,0.464516129032258,310,0.868076386855764,0.107803228405146
TA001821-0411,chr2B,117569460,0.344035503241703,0.067741935483871,310,0.895693630978228,-0.121912694139169
wsnp_Ex_c269_517710,chr2B,117634038,0.757417087383481,0.198387096774194,310,0.977844097627227,0.0203483099483748
wsnp_Ex_c269_518324,chr2B,117634838,0.470270879509977,0.309677419354839,310,0.912727979873224,-0.0654804896246901
Tdurum_contig77602_931,chr2B,119853739,2.78340992987399e-09,0.0451612903225806,310,4.91828534608735e-06,-0.891351062704911
GENE-1430_599,chr2B,120623845,0.673952369145826,0.0709677419354839,310,0.956276631921383,0.0563351298125241
BS00070001_51,chr2B,121257360,0.0130073786942299,0.0290322580645161,310,0.607401898370502,-0.578970371367177
IAAV980,chr2B,121941872,0.236377684559551,0.490322580645161,310,0.870624065981587,0.103446098793825
BS00022969_51,chr2B,122306623,0.394001186500075,0.491935483870968,310,0.901002605767183,0.0660647051535932
BS00083078_51,chr2B,130369869,0.861916318641737,0.0435483870967742,310,0.980434074318493,-0.0212688000302563
BS00063577_51,chr2B,131791843,0.614639850140588,0.135483870967742,310,0.944768200113944,-0.0490557982824953
RAC875_c79857_301,chr2B,134309712,0.0074916175869326,0.474193548387097,310,0.521185017480106,0.200747355886847
Ra_c106376_879,chr2B,134399177,0.988640334217556,0.308064516129032,310,0.996294111102066,-0.00125195178617332
BobWhite_c45336_321,chr2B,135559232,0.341589874358238,0.482258064516129,310,0.895693630978228,0.0626892499493863
wsnp_BE499478B_Ta_2_1,chr2B,139021946,0.866134623804019,0.482258064516129,310,0.980434074318493,-0.0105805223032007
wsnp_Ex_rep_c67257_65786614,chr2B,139023769,0.154129746491301,0.498387096774194,310,0.851731339446211,0.101073675377279
BobWhite_c22301_230,chr2B,139680274,0.861268254381378,0.241935483870968,310,0.980434074318493,0.0109209574000744
RFL_Contig1385_1575,chr2B,140478883,0.455933148329485,0.496774193548387,310,0.910320760562939,-0.0545318013822964
GENE-4359_102,chr2B,143360251,0.337816322071973,0.479032258064516,310,0.895693630978228,0.0732487337862153
GENE-1196_146,chr2B,145564854,0.443253956558898,0.320967741935484,310,0.908746202374313,0.047356223463396
wsnp_CAP12_rep_c4678_2134259,chr2B,145770594,0.156141976501587,0.490322580645161,310,0.851731339446211,0.0951773455445277
Kukri_c9387_112,chr2B,145839476,0.078773913351679,0.437096774193548,310,0.7564864396327,0.133591339991767
Ra_c2110_1660,chr2B,145846258,0.545166841403873,0.467741935483871,310,0.934731651563707,-0.0441016807254471
BS00022940_51,chr2B,146345398,0.501838460457133,0.374193548387097,310,0.927746556942725,-0.0502475021614543
RFL_Contig1139_817,chr2B,147365292,0.724919084967725,0.433870967741936,310,0.973897564051771,-0.0293517995274328
RFL_Contig1139_602,chr2B,147365507,0.988892658171409,0.156451612903226,310,0.996294111102066,-0.00115829166718129
Ku_c103035_323,chr2B,148428948,0.872359544746617,0.485483870967742,310,0.980434074318493,0.0128663169840593
Tdurum_contig10994_617,chr2B,149111982,0.388806000491644,0.366129032258065,310,0.901002605767183,-0.0710434526777703
D_GA8KES402HPK9H_258,chr2B,150319045,0.580193655197459,0.429032258064516,310,0.94245252678881,0.0457381702839257
tplb0031k24_254,chr2B,150803012,0.392949328155192,0.451612903225806,310,0.901002605767183,-0.055262852414586
BS00087793_51,chr2B,150806434,0.850872812940574,0.482258064516129,310,0.980434074318493,0.0127197772538636
IAAV4434,chr2B,152310781,0.855687072782049,0.45,310,0.980434074318493,0.00993121653104367
Kukri_c6973_344,chr2B,152586653,0.748146645508115,0.348387096774194,310,0.977698860305626,0.0184412745668396
RAC875_c1226_652,chr2B,156005735,0.450077706404294,0.032258064516129,310,0.910320760562939,-0.109273727757198
Excalibur_c45094_602,chr2B,156953869,0.479636150558587,0.474193548387097,310,0.917226274931843,0.0528398209681882
BS00073426_51,chr2B,158161365,0.41641705317228,0.462903225806452,310,0.902759083044459,-0.0612125345671188
RAC875_c32503_134,chr2B,165555012,0.792880559621863,0.454838709677419,310,0.978627404872569,0.0214455578657748
RAC875_c32503_241,chr2B,165555119,0.6073397199176,0.32258064516129,310,0.944768200113944,-0.0439699333420265
BS00031814_51|IAAV4497,chr2B,165951394,0.254234798769051,0.412903225806452,310,0.870624065981587,-0.0774310574957155
Kukri_c42244_809,chr2B,173299340,0.85047619355452,0.469354838709677,310,0.980434074318493,-0.0150989111828608
IAAV5331,chr2B,179447301,0.100690381463097,0.12258064516129,310,0.776942812424854,-0.162534322548254
BS00091007_51,chr2B,181704087,0.963617142029833,0.461290322580645,310,0.988595103778186,0.00322167172410559
wsnp_BE445278B_Ta_2_3,chr2B,204725257,0.583468388254002,0.270967741935484,310,0.94245252678881,0.0522720113668527
wsnp_Ex_c4218_7618252,chr2B,376283799,0.194096368197709,0.47741935483871,310,0.853966700058071,0.0965442394672777
Kukri_c91621_319,chr2B,381759921,0.600903420338001,0.458064516129032,310,0.944768200113944,0.0388937069693043
RAC875_c19043_841,chr2B,383351493,0.19350234338569,0.351612903225806,310,0.853966700058071,0.152454358349246
BobWhite_c10453_396,chr2B,383352782,0.240828228247352,0.262903225806452,310,0.870624065981587,-0.140889608228292
wsnp_Ku_c691_1430065,chr2B,383689469,0.146556523974271,0.441935483870968,310,0.851731339446211,-0.107419132446466
wsnp_Ex_c2497_4666526,chr2B,383689722,0.318922558821581,0.416129032258065,310,0.895693630978228,-0.0520115379738399
wsnp_Ex_c2905_5358140,chr2B,384571875,0.293408842348003,0.462903225806452,310,0.888486882529512,-0.103044264440086
BobWhite_c13455_112,chr2B,386103109,0.0373897994916486,0.429032258064516,310,0.704421205579219,-0.159541465264596
wsnp_Ex_c22693_31898036,chr2B,388001195,0.995506654007429,0.246774193548387,310,0.997765319132801,0.000666180511927905
wsnp_Ex_c1541_2943791,chr2B,388494507,0.411051858443364,0.470967741935484,310,0.902759083044459,-0.0692603519151476
wsnp_Ku_c22272_32093892,chr2B,388546256,0.0460200782833858,0.22258064516129,310,0.724937686765342,0.126294128392573
wsnp_Ku_c33652_43115283,chr2B,390116195,0.363798891264707,0.398387096774194,310,0.897265489376611,0.0646947903344994
wsnp_Ex_c14735_22823373,chr2B,392576076,0.607729613620592,0.393548387096774,310,0.944768200113944,-0.0448006793370155
wsnp_Ku_c13756_21844262,chr2B,392576672,0.107609910583353,0.330645161290323,310,0.800651248318356,-0.0949050483616389
Kukri_c5609_565,chr2B,397116183,0.447975530863778,0.414516129032258,310,0.909563081413239,-0.060589939567592
RAC875_c20366_376,chr2B,398588258,0.158712807311905,0.17741935483871,310,0.851731339446211,0.161955119851456
wsnp_Ex_c482_957514,chr2B,404997987,0.508431418239441,0.141935483870968,310,0.930018960692643,-0.0476749698504477
Kukri_c34231_167,chr2B,405478335,0.308144780230051,0.491935483870968,310,0.895693630978228,0.0723018339594432
RFL_Contig3353_125,chr2B,410485927,0.127643770600852,0.266129032258065,310,0.83007088714199,-0.171932691231206
Excalibur_c60716_53,chr2B,415561118,0.849563565383972,0.47741935483871,310,0.980434074318493,-0.0124212513807436
Kukri_c57399_314,chr2B,422191032,0.960986623222328,0.408064516129032,310,0.988595103778186,0.00266450085155157
Excalibur_rep_c111672_114|wsnp_Ex_rep_c103248_88252209,chr2B,423208491,0.0725314920395537,0.417741935483871,310,0.745134572290066,-0.136663339671827
wsnp_Ex_rep_c103248_88252281,chr2B,423208563,0.263791304926519,0.212903225806452,310,0.87947025623615,-0.101697086899975
wsnp_Ex_c20529_29609310,chr2B,423209932,0.548746703259775,0.241935483870968,310,0.934731651563707,-0.0652390576495065
wsnp_Ex_rep_c69928_68889412,chr2B,423394311,0.922875008221892,0.404838709677419,310,0.988595103778186,0.00788929321785758
Excalibur_rep_c106537_63|wsnp_JD_c21530_18862386,chr2B,423864478,0.188241510897077,0.453225806451613,310,0.853966700058071,-0.104645774845864
wsnp_Ex_c52405_56014689,chr2B,423865562,0.741774418450807,0.440322580645161,310,0.977698860305626,0.0214009269677149
wsnp_Ex_c19819_28827344,chr2B,429087875,0.0167545679766807,0.424193548387097,310,0.653956135439035,-0.18972022268278
wsnp_Ku_rep_c83117_78896856,chr2B,429089569,0.361513038969436,0.241935483870968,310,0.897265489376611,-0.0579242524991912
Kukri_rep_c107732_99,chr2B,429405787,0.0603231543641838,0.395161290322581,310,0.740176151750893,-0.110103730403281
Excalibur_c33079_199,chr2B,430124549,0.246191389205285,0.330645161290323,310,0.870624065981587,-0.107758015953294
wsnp_Ex_c51661_55531646,chr2B,431942675,0.957374491331371,0.320967741935484,310,0.988595103778186,0.00410177072689066
BobWhite_c1654_440,chr2B,434396917,0.801197077130556,0.130645161290323,310,0.978627404872569,-0.020363119599395
IAAV8980,chr2B,435023442,0.171460152559817,0.433870967741936,310,0.851731339446211,-0.110163914003721
Kukri_rep_c70962_1545,chr2B,436619955,0.387199565824193,0.467741935483871,310,0.901002605767183,-0.0723685621106256
Excalibur_rep_c107546_206|wsnp_Ex_c45595_51343969,chr2B,436685441,0.217197167270464,0.301612903225806,310,0.870503379202377,-0.118967751394564
Ku_c14053_772,chr2B,436686599,0.625113488818322,0.456451612903226,310,0.944768200113944,0.0381416466205735
wsnp_Ex_c18750_27627600,chr2B,436687010,0.0998973994255941,0.354838709677419,310,0.774204845548354,-0.112987475987694
RAC875_c60230_122,chr2B,440484529,0.782175095211898,0.232258064516129,310,0.978627404872569,0.0362926329581228
tplb0034a02_1566,chr2B,440751028,0.0156330600176167,0.456451612903226,310,0.642409698863458,-0.204223073137598
wsnp_Ex_rep_c66524_64799410,chr2B,441508567,0.960999346667393,0.382258064516129,310,0.988595103778186,-0.00424519561093462
wsnp_Ex_rep_c108679_91802578,chr2B,441515403,0.550253081169428,0.498387096774194,310,0.934731651563707,0.0511991550346238
Excalibur_c11125_1525,chr2B,441986391,0.339226481459506,0.340322580645161,310,0.895693630978228,0.0614680402660639
Kukri_c47082_109,chr2B,442200428,0.466135197600437,0.45,310,0.912558600245865,0.0382188603754798
IAAV3255,chr2B,442208134,0.442709905598606,0.343548387096774,310,0.908746202374313,-0.0515221674918962
wsnp_Ex_c28243_37383894,chr2B,442410942,0.565850458728184,0.498387096774194,310,0.941851669063827,0.0485742202764072
tplb0038i24_1548,chr2B,442414343,0.527125668574024,0.162903225806452,310,0.934731651563707,0.0435789911751883
CAP12_c6259_207,chr2B,442416751,0.436272012183868,0.17258064516129,310,0.906932524151641,-0.0602496405403059
Kukri_rep_c91092_72,chr2B,442418021,0.442433080217256,0.490322580645161,310,0.908746202374313,0.0606987962183894
wsnp_CAP11_c1956_1045077,chr2B,444843952,0.620873457812371,0.462903225806452,310,0.944768200113944,-0.0408492683504562
BobWhite_rep_c50998_607,chr2B,445754012,0.130008585157459,0.119354838709677,310,0.83007088714199,-0.113252008789104
wsnp_Ex_c29434_38471452,chr2B,446031062,0.65292728472658,0.4,310,0.946995518652029,-0.0297434049253127
wsnp_Ex_rep_c104478_89183627,chr2B,446614453,0.87878877198586,0.432258064516129,310,0.980434074318493,0.00910134025424725
CAP8_c3701_331,chr2B,446884124,0.0989619501876366,0.454838709677419,310,0.773742327352008,-0.114102706390668
RAC875_c3039_101,chr2B,448972010,0.175134572637811,0.470967741935484,310,0.851731339446211,-0.104072412854094
Kukri_c20819_497|wsnp_Ex_c25438_34703568,chr2B,448974935,0.0767082278895484,0.458064516129032,310,0.7564864396327,-0.147559522611743
BS00066545_51,chr2B,451671316,0.758799674119596,0.487096774193548,310,0.978273639801229,0.0200633535069414
wsnp_CAP8_c775_527730,chr2B,451899721,0.82389516999545,0.22741935483871,310,0.980434074318493,0.0154123498479777
wsnp_CAP8_c775_527759,chr2B,451899750,0.287295480085841,0.469354838709677,310,0.888486882529512,0.0856937589498159
wsnp_CAP11_c5255_2442548,chr2B,451899991,0.286496808037127,0.440322580645161,310,0.888486882529512,-0.0817670286730845
wsnp_JD_c352_546108,chr2B,452059695,0.339242956930064,0.469354838709677,310,0.895693630978228,-0.0842956803491006
Kukri_c8595_834,chr2B,452541234,0.14047228519437,0.161290322580645,310,0.846568295219364,-0.102667263151865
Kukri_c8595_953|wsnp_Ex_c12634_20096724,chr2B,452541446,0.130449504600889,0.0967741935483871,310,0.83007088714199,-0.153948418976455
BobWhite_c7326_70,chr2B,454778400,0.0252252974881089,0.0709677419354839,310,0.700590579508689,0.224557985166811
BobWhite_c31986_324,chr2B,456394185,0.873172054973176,0.330645161290323,310,0.980434074318493,-0.0151702560757485
wsnp_JD_c9810_10594505,chr2B,456987855,0.20328734429912,0.190322580645161,310,0.862741585119681,-0.0860849264733901
BobWhite_c27816_523,chr2B,458224557,0.258531524699465,0.453225806451613,310,0.877274984411214,-0.0964322964267694
Excalibur_c22285_762,chr2B,492493648,0.862480952026667,0.262903225806452,310,0.980434074318493,-0.0117502679938895
Ku_c6050_678,chr2B,527641078,0.882299722314929,0.129032258064516,310,0.980434074318493,0.0161468622953578
Tdurum_contig64416_441,chr2B,528569946,0.126089453063792,0.361290322580645,310,0.83007088714199,0.114144253215585
wsnp_Ex_c29445_38480890,chr2B,530602951,0.781089518153222,0.132258064516129,310,0.978627404872569,0.0237837393889038
Kukri_c25281_99,chr2B,539255935,0.345966389875418,0.204838709677419,310,0.895693630978228,0.0767912596575258
wsnp_Ku_c4004_7311479,chr2B,541691751,0.375131981128996,0.209677419354839,310,0.901002605767183,0.0720888513556304
Excalibur_c84741_99,chr2B,544851508,0.123928002409556,0.133870967741935,310,0.828421611696655,-0.144677497528477
Ex_c55735_1012,chr2B,602264831,0.265342057431927,0.0483870967741935,310,0.880538241125859,0.137052425930264
Kukri_rep_c112675_676|wsnp_Ex_c55735_58127324,chr2B,602265433,0.802337608882176,0.37741935483871,310,0.978627404872569,0.0133081153149703
wsnp_Ex_rep_c67561_66188180,chr2B,645740965,0.0453492075395368,0.488709677419355,310,0.724937686765342,0.108591747614355
Tdurum_contig12459_491,chr2B,649815840,0.914781280079312,0.325806451612903,310,0.988595103778186,0.00916110243551316
BS00057475_51,chr2B,650488808,0.00273612774201062,0.317741935483871,310,0.32231584800885,0.196404129381193
Tdurum_contig22828_244,chr2B,651771674,0.0239605259649307,0.438709677419355,310,0.700590579508689,0.121679574827212
BS00079013_51,chr2B,658079744,0.244126036158511,0.151612903225806,310,0.870624065981587,-0.089267326707315
wsnp_Ex_c9628_15927045,chr2B,658140718,0.00460569470644696,0.414516129032258,310,0.45212569701621,-0.206641438864011
RAC875_c3947_441,chr2B,658444286,0.192452054049985,0.258064516129032,310,0.853966700058071,-0.0992932058158402
BobWhite_c12134_1140,chr2B,658449223,0.302421059655804,0.217741935483871,310,0.8940875944891,-0.0689661288271992
BobWhite_c5543_492,chr2B,662694186,0.134036336733289,0.182258064516129,310,0.84484116209351,-0.128140479690131
BobWhite_c22106_204,chr2B,662948543,0.0910131986445141,0.179032258064516,310,0.773440466448767,-0.135031267873075
wsnp_Ex_c58274_59638635,chr2B,663428891,0.0318349864922827,0.148387096774194,310,0.704421205579219,-0.156455880911111
Tdurum_contig76090_916,chr2B,664249819,0.501968062025771,0.217741935483871,310,0.927746556942725,0.0388569348138574
wsnp_Ex_c18503_27349536,chr2B,665036395,0.0225035734891337,0.164516129032258,310,0.700590579508689,-0.179855645171287
Tdurum_contig5691_596,chr2B,666308911,0.203312588574038,0.187096774193548,310,0.862741585119681,-0.0927124889032171
Tdurum_contig5691_526,chr2B,666308981,0.029195247589838,0.17741935483871,310,0.704421205579219,-0.178720783548854
BS00094373_51,chr2B,668476964,0.826156426942303,0.0806451612903226,310,0.980434074318493,-0.0313569745010653
tplb0049b10_696,chr2B,669500070,0.928723640592391,0.196774193548387,310,0.988595103778186,0.00700503363569283
Tdurum_contig62800_207,chr2B,670067447,0.181086416321542,0.17258064516129,310,0.853966700058071,-0.107326966179144
Tdurum_contig18858_324,chr2B,673052911,0.152812637692159,0.132258064516129,310,0.851731339446211,-0.133740254136981
JD_c8871_331,chr2B,685899987,0.120682763640515,0.161290322580645,310,0.826813623166725,-0.130806015255686
wsnp_Ra_c10658_17500498,chr2B,685900594,0.14715612225733,0.0758064516129032,310,0.851731339446211,-0.189120340722326
IAAV2633,chr2B,691726284,0.884443641462183,0.164516129032258,310,0.980434074318493,0.0120551192005536
wsnp_Ex_c5123_9088111,chr2B,692712833,0.770322927694624,0.188709677419355,310,0.978627404872569,-0.0234802449046185
wsnp_Ku_c9901_16493072,chr2B,692715018,0.35156461013066,0.180645161290323,310,0.895693630978228,-0.0801815466650595
BS00046165_51,chr2B,693549242,0.218814486639178,0.120967741935484,310,0.870503379202377,-0.130142100772332
Excalibur_c36280_764,chr2B,693550500,0.471636741131943,0.212903225806452,310,0.912727979873224,0.0554811249888729
BobWhite_c38001_528,chr2B,708723812,0.67936621033651,0.0854838709677419,310,0.957053503121627,-0.0467202484567366
BS00025649_51,chr2B,711741987,0.033679157133889,0.195161290322581,310,0.704421205579219,-0.158500854585014
Excalibur_c2484_2113,chr2B,712442143,0.390767851941986,0.135483870967742,310,0.901002605767183,-0.0640751768438861
Tdurum_contig56876_365,chr2B,721733507,0.0735062633616139,0.451612903225806,310,0.750783626358218,0.177984351133034
BS00081109_51,chr2B,728733841,0.0973338440983129,0.153225806451613,310,0.773440466448767,-0.133456227748795
Kukri_c64884_106,chr2B,729793265,0.328986579809387,0.435483870967742,310,0.895693630978228,0.122736033741546
Kukri_c38497_174,chr2B,731053947,0.0506347138724742,0.161290322580645,310,0.732239723131283,-0.146830284981867
RAC875_c54085_51,chr2B,732976868,0.053407122243186,0.167741935483871,310,0.740176151750893,-0.145092867356496
BS00035380_51,chr2B,734577169,0.0655110965559458,0.174193548387097,310,0.740176151750893,-0.155306029213236
Excalibur_rep_c111396_152,chr2B,734577832,0.039587756025213,0.204838709677419,310,0.704421205579219,-0.162942152411915
BS00012382_51,chr2B,734578554,0.253711225840019,0.145161290322581,310,0.870624065981587,-0.0927624526811641
BobWhite_c15453_1010,chr2B,735073178,0.0483761255990973,0.162903225806452,310,0.724937686765342,-0.174997043664078
BS00030364_51,chr2B,744255572,0.206911907904336,0.240322580645161,310,0.862741585119681,-0.0909444829033816
CAP11_c2941_210,chr2B,745906250,0.900434644387875,0.241935483870968,310,0.98701489865594,-0.00976152582065026
RFL_Contig3713_280,chr2B,760066263,0.0329253183334758,0.0741935483870968,310,0.704421205579219,0.208340116591003
BobWhite_c33464_133,chr2B,760220092,0.0597987337116308,0.241935483870968,310,0.740176151750893,0.105310728074528
RFL_Contig2751_1562,chr2B,768826241,0.767882359632387,0.291935483870968,310,0.978627404872569,-0.0191402398341438
Tdurum_contig14482_423,chr2B,771094080,0.539344515753048,0.237096774193548,310,0.934731651563707,0.0493973302324235
BS00072349_51,chr2B,771280632,0.43319228693168,0.0693548387096774,310,0.90670347646114,-0.0738988410041372
BobWhite_c24069_257,chr2B,773226077,0.306365366319425,0.0967741935483871,310,0.895693630978228,-0.102169101729785
Excalibur_c910_946,chr2B,773622725,0.957529606366575,0.0838709677419355,310,0.988595103778186,0.00607717775103112
Ra_c12604_447,chr2B,774176278,0.744290062943243,0.146774193548387,310,0.977698860305626,-0.0304590072474582
RAC875_c21269_1225,chr2B,774200442,0.175998497022613,0.0967741935483871,310,0.851731339446211,-0.163575081834836
BobWhite_c12911_649,chr2B,775075291,0.773483823071269,0.0887096774193548,310,0.978627404872569,0.0325168668650804
BobWhite_c39769_102,chr2B,775267851,0.613787526352584,0.161290322580645,310,0.944768200113944,-0.0404204290842571
BS00039187_51,chr2B,775944587,0.568380260587123,0.237096774193548,310,0.941851669063827,-0.0448617589660927
RAC875_c7735_338,chr2B,776412867,0.477109104606575,0.317741935483871,310,0.915264671935554,0.0408215415185822
Kukri_c94792_127,chr2B,780018349,0.545936834363295,0.0580645161290323,310,0.934731651563707,0.0862576886477058
RAC875_c12741_101,chr2B,780403527,0.0902588855738988,0.398387096774194,310,0.773440466448767,-0.160743821839219
RAC875_c35873_1894,chr2B,791032693,0.810371874026553,0.488709677419355,310,0.979940262084993,0.0133539666818905
BS00012463_51,chr2B,791033894,0.143563039746939,0.333870967741935,310,0.851731339446211,0.0837595182498916
RFL_Contig2324_729,chr2B,791203465,0.61400127760916,0.138709677419355,310,0.944768200113944,-0.0358697588030594
BS00065264_51,chr2B,796608972,0.734586399069788,0.0451612903225806,310,0.977698860305626,-0.0400163256234976
BS00071755_51,chr2D,16051460,0.739275587665363,0.0516129032258065,310,0.977698860305626,0.0380547351639393
RAC875_c52926_871,chr2D,16510981,0.489217545696426,0.382258064516129,310,0.926524547958826,-0.0356100201010747
BS00047901_51,chr2D,16868665,0.246426318732747,0.188709677419355,310,0.870624065981587,0.0906738907158626
wsnp_JD_c69_109951,chr2D,17292338,0.160797028457076,0.187096774193548,310,0.851731339446211,0.110454225493655
RAC875_c16897_367,chr2D,18953272,0.648517745560094,0.12258064516129,310,0.944773321442079,-0.0497986914710253
Kukri_rep_c113120_104,chr2D,22008879,0.850944777049561,0.224193548387097,310,0.980434074318493,-0.0172794898096384
Ex_c14755_1390,chr2D,22009818,0.364356804451133,0.167741935483871,310,0.897265489376611,0.0935626225742965
BS00022276_51,chr2D,31231724,0.926174400314445,0.0741935483870968,310,0.988595103778186,-0.00940019039332896
D_contig05584_210,chr2D,33724378,0.0388565512518679,0.437096774193548,310,0.704421205579219,0.224849644938843
CAP12_c812_220,chr2D,34725223,0.839014240662531,0.180645161290323,310,0.980434074318493,0.0183253862229407
RAC875_c7319_195,chr2D,36096235,0.810793810508353,0.0435483870967742,310,0.979940262084993,0.0316185391887629
wsnp_CAP12_c1503_764765,chr2D,37575041,0.46694293808417,0.246774193548387,310,0.912558600245865,0.0507678905096753
Excalibur_c39215_100,chr2D,56989437,0.17585239182869,0.267741935483871,310,0.851731339446211,-0.111436454703437
D_GBUVHFX02GV41H_67,chr2D,58984014,0.410380500644532,0.47741935483871,310,0.902759083044459,0.0707398700627664
Excalibur_c59090_145,chr2D,61033250,0.985539952704465,0.0919354838709677,310,0.994545457697767,0.00173734259394109
Kukri_c20972_618,chr2D,61724514,0.640749953293274,0.283870967741935,310,0.944768200113944,-0.0316372104482383
Excalibur_c15048_488,chr2D,63306587,0.000674544236781243,0.180645161290323,310,0.132435518488051,0.23779541304872
wsnp_Ku_c3107_5818628,chr2D,63474471,0.837003390644059,0.0580645161290323,310,0.980434074318493,-0.0239781078468297
wsnp_Ex_c1944_3663988,chr2D,63475865,0.202845506833126,0.124193548387097,310,0.862741585119681,-0.134927800202064
wsnp_Ex_c1944_3664205,chr2D,63476082,0.794881018607214,0.0532258064516129,310,0.978627404872569,0.0329066879785387
Excalibur_c1944_1017,chr2D,63476218,0.581112482213088,0.141935483870968,310,0.94245252678881,0.0386365897481227
RAC875_c65419_229,chr2D,63476391,0.550002031867069,0.0790322580645161,310,0.934731651563707,-0.0568452664729833
Kukri_c16477_181,chr2D,64355476,0.293370973695665,0.483870967741935,310,0.888486882529512,0.0640766288011321
Kukri_c16477_157,chr2D,64355500,0.469859561191745,0.483870967741935,310,0.912727979873224,0.0438084684711839
BobWhite_c16655_421,chr2D,65241964,0.263786046370912,0.256451612903226,310,0.87947025623615,0.0893913281762124
wsnp_Ex_c6400_11123059,chr2D,65601481,0.460093963652612,0.288709677419355,310,0.91039869403602,0.0557903323032036
BS00073229_51,chr2D,67632176,0.523624932344731,0.124193548387097,310,0.934387305704065,0.070587692701892
Excalibur_c2496_1752,chr2D,74452313,0.0711777521719414,0.190322580645161,310,0.742613657904646,-0.151665308123228
RAC875_rep_c72220_143,chr2D,81281046,0.130243655716186,0.264516129032258,310,0.83007088714199,0.127068938008051
D_contig77859_59,chr2D,81410710,0.395294097352248,0.306451612903226,310,0.901002605767183,-0.0650200778329406
Kukri_c26576_329,chr2D,82724851,0.60202412271407,0.238709677419355,310,0.944768200113944,0.0380572533492938
Kukri_c43943_587,chr2D,95579933,0.94115085137488,0.4,310,0.988595103778186,-0.00434730910538406
Excalibur_c62824_402,chr2D,100497677,0.509708768370503,0.108064516129032,310,0.930064994489677,0.0925447292126478
Excalibur_c65531_147,chr2D,240687708,0.136777363731702,0.438709677419355,310,0.84484116209351,-0.101089228346268
Excalibur_c31302_230,chr2D,272501525,0.962126735799853,0.287096774193548,310,0.988595103778186,-0.00264548070612847
wsnp_Ex_c25311_34578436,chr2D,323580280,0.888458782969295,0.25,310,0.982147350477929,-0.00936379343781368
BS00027456_51,chr2D,355048394,0.806384550930651,0.174193548387097,310,0.978627404872569,-0.0203849661385362
BS00000905_51,chr2D,372826720,0.550493450334578,0.188709677419355,310,0.934731651563707,-0.0436697119528375
wsnp_Ku_c8712_14751858,chr2D,476510310,0.610853561064061,0.162903225806452,310,0.944768200113944,0.0435900033676972
wsnp_Ex_c8303_14001708,chr2D,484597631,0.317169520343635,0.390322580645161,310,0.895693630978228,0.0874385307360512
wsnp_Ex_rep_c66522_64795143,chr2D,555317716,0.37684779571563,0.0612903225806452,310,0.901002605767183,-0.0983963399773415
RAC875_rep_c85788_126,chr2D,575297699,0.963731215159432,0.270967741935484,310,0.988595103778186,-0.00402514387636188
RAC875_c76186_510,chr2D,580358189,0.366116818245918,0.0580645161290323,310,0.897265489376611,0.0947895455691068
RFL_Contig3172_1512,chr2D,580435936,0.19938378326301,0.0951612903225806,310,0.857204732422721,-0.170303941423512
Excalibur_c62255_986,chr2D,582833850,0.755917994299189,0.317741935483871,310,0.977823642698877,0.0258344483600865
Excalibur_c21486_352,chr2D,583255270,0.285204842965828,0.112903225806452,310,0.888486882529512,-0.103902048622814
wsnp_RFL_Contig2659_2346243,chr2D,598730639,0.997082763044085,0.0870967741935484,310,0.998778482028854,0.000345958629559107
BobWhite_c6365_965,chr2D,605118755,0.627081531116539,0.141935483870968,310,0.944768200113944,0.0480926186925217
RFL_Contig5204_503,chr2D,610136629,0.285929794029407,0.0725806451612903,310,0.888486882529512,-0.115994581004827
Kukri_c31121_1460,chr2D,610846860,0.752526283421947,0.164516129032258,310,0.977698860305626,-0.0226038946956351
Excalibur_c44325_339,chr2D,611561802,0.412742743804548,0.0887096774193548,310,0.902759083044459,0.0885241172500741
RAC875_c79540_228,chr2D,611843724,0.765714654873925,0.119354838709677,310,0.978627404872569,-0.0266146337116879
Kukri_c25786_210,chr2D,611844255,0.946181622869296,0.104838709677419,310,0.988595103778186,-0.00637605028981625
RAC875_rep_c120698_93,chr2D,612118868,0.049504188728865,0.161290322580645,310,0.72834656916483,-0.127946315292306
Excalibur_c18353_55,chr2D,612119051,0.917079392958552,0.240322580645161,310,0.988595103778186,0.0077797032621163
RAC875_c14766_952,chr2D,612135679,0.460065502651669,0.143548387096774,310,0.91039869403602,0.0670509388280323
Excalibur_c8720_321,chr2D,613642981,0.903659776887641,0.0951612903225806,310,0.988098283267612,-0.0138540901544104
wsnp_BE426620D_Ta_2_2,chr2D,613653184,0.194505563272342,0.0854838709677419,310,0.853966700058071,-0.120438206035274
Kukri_c89993_379,chr2D,615559803,0.0850121537395346,0.125806451612903,310,0.773440466448767,-0.123959625395372
RFL_Contig2460_547,chr2D,616005424,0.488330091181119,0.133870967741935,310,0.92583612780798,-0.0493321736784367
Excalibur_c1451_351,chr2D,616006909,0.383372952720558,0.0935483870967742,310,0.901002605767183,0.101473353836028
BS00084880_51,chr2D,617544748,0.877755230534827,0.185483870967742,310,0.980434074318493,0.0118354961162197
D_GDS7LZN02G73QS_245,chr2D,618274152,0.8903263859984,0.0612903225806452,310,0.982289472082361,-0.0142464414158567
Kukri_c40146_77,chr2D,618519846,0.373161965174733,0.332258064516129,310,0.901002605767183,-0.0930917959482258
BS00087054_51,chr2D,619269851,0.680683625327448,0.17258064516129,310,0.957053503121627,-0.0346959451128583
wsnp_Ex_c21593_30744815,chr2D,620658752,0.336330865023849,0.0532258064516129,310,0.895693630978228,-0.103073336626913
BS00100106_51,chr2D,620838585,0.348524013814915,0.0693548387096774,310,0.895693630978228,-0.100584304119174
RAC875_c56980_68,chr2D,621354531,0.0618019179575593,0.12741935483871,310,0.740176151750893,0.172497418062449
Excalibur_c31806_491,chr2D,639613237,0.488131235310869,0.17258064516129,310,0.92583612780798,0.0612728145666921
Kukri_c16094_406,chr2D,641092837,0.631409729217123,0.119354838709677,310,0.944768200113944,-0.0448508714430176
RFL_Contig2862_1287,chr2D,641094295,0.510148225246251,0.298387096774194,310,0.930064994489677,0.044302830076532
Excalibur_c77068_190,chr2D,645018722,0.662777618447221,0.443548387096774,310,0.950590951133312,0.0473409764293251
RFL_Contig1732_264,chr2D,646607449,0.0252467986786596,0.295161290322581,310,0.700590579508689,0.158680450355845
RAC875_c67940_296,chr2D,647207324,0.0133272880676049,0.179032258064516,310,0.607401898370502,-0.184527465979698
Kukri_c498_2381,chr2D,654403596,0.816342070596635,0.1,310,0.980434074318493,0.0187979007460513
BobWhite_c5756_516,chr2D,654991065,0.15881060101725,0.206451612903226,310,0.851731339446211,-0.107621566140182
BS00086534_51,chr2D,655648075,0.0342031452426092,0.246774193548387,310,0.704421205579219,0.154942805526332
Kukri_c1526_616,chr2D,655808124,0.894884233351222,0.490322580645161,310,0.982948974677996,-0.00941065116870732
Excalibur_c10461_394,chr2D,655998129,0.0187576536949038,0.359677419354839,310,0.676423960793776,0.182969405083156
Excalibur_rep_c67599_2154,chr2D,656452099,0.243476383349859,0.153225806451613,310,0.870624065981587,-0.0853302791408836
tplb0062k24_584,chr3A,1339838,0.506582306266237,0.082258064516129,310,0.9285590613822,-0.0821539420053909
IAAV4876,chr3A,3681326,0.244520026790658,0.032258064516129,310,0.870624065981587,0.163110758553977
Excalibur_c11079_101,chr3A,3687599,0.17447034684419,0.0596774193548387,310,0.851731339446211,-0.158878817820167
tplb0050o09_968,chr3A,3757850,0.831959484167199,0.101612903225806,310,0.980434074318493,0.0183522438430472
Excalibur_c19658_127,chr3A,3893832,0.283452957874833,0.204838709677419,310,0.888486882529512,0.110404806187347
Excalibur_c11301_305,chr3A,3896569,0.176340710512239,0.209677419354839,310,0.851731339446211,0.136495343386713
Kukri_rep_c89183_282,chr3A,4861746,0.719848686415597,0.0645161290322581,310,0.972567108224012,0.0412951406914459
RAC875_c7060_67,chr3A,4862416,0.434735446789809,0.0758064516129032,310,0.90670347646114,-0.0783455564474664
wsnp_Ex_c10014_16476905,chr3A,5992953,0.388135979440169,0.0709677419354839,310,0.901002605767183,-0.0897919757025178
Excalibur_c11824_103,chr3A,6326188,0.530112849525269,0.148387096774194,310,0.934731651563707,0.0609477518192278
wsnp_Ex_rep_c67635_66292689,chr3A,6326519,0.378347459994077,0.0951612903225806,310,0.901002605767183,-0.086576024441392
Excalibur_c12875_864,chr3A,6330439,0.672191249494494,0.082258064516129,310,0.956276631921383,-0.0376976223422147
BS00066230_51,chr3A,6868533,0.0309680220537468,0.12258064516129,310,0.704421205579219,-0.177354573951064
Kukri_c2123_1254,chr3A,7265060,0.853762004618382,0.101612903225806,310,0.980434074318493,0.0156752709903571
BS00088103_51,chr3A,8932995,0.385709825092665,0.0387096774193548,310,0.901002605767183,-0.122022103292572
Tdurum_contig52302_649,chr3A,17926801,0.858282032135652,0.216129032258065,310,0.980434074318493,0.0132309412942959
Tdurum_contig52302_92,chr3A,17927358,0.917709621558794,0.374193548387097,310,0.988595103778186,-0.00722492511539485
Kukri_c10511_94,chr3A,50917289,0.552285965568871,0.129032258064516,310,0.934731651563707,0.0468706996065862
Kukri_c62467_362,chr3A,50918022,0.916625899150832,0.0870967741935484,310,0.988595103778186,-0.0105199188514007
Kukri_rep_c73936_154,chr3A,51162762,0.862157142811153,0.187096774193548,310,0.980434074318493,0.0110350224778628
BobWhite_c9704_273,chr3A,52213865,0.847147858286244,0.0532258064516129,310,0.980434074318493,-0.0257784975118511
wsnp_Ex_c21950_31124594,chr3A,52370420,0.156601028452645,0.130645161290323,310,0.851731339446211,-0.111988581266466
JG_c3077_214,chr3A,52420539,0.145862542149457,0.0532258064516129,310,0.851731339446211,-0.164923625471147
BS00021694_51,chr3A,53683759,0.0650930100676881,0.0983870967741935,310,0.740176151750893,-0.174409269854053
BS00094366_51,chr3A,53684310,0.352323289429652,0.103225806451613,310,0.895693630978228,-0.0820580322529025
IAAV2646,chr3A,53960110,0.0884539944208117,0.109677419354839,310,0.773440466448767,-0.155546433239152
wsnp_Ra_c16846_25598885,chr3A,144269218,0.965012027047838,0.27741935483871,310,0.988595103778186,0.00267705561844878
wsnp_Ex_c10272_16842803,chr3A,181349358,0.783571088000866,0.262903225806452,310,0.978627404872569,-0.0181570612122357
BobWhite_c47722_613,chr3A,311854750,0.419806495560953,0.137096774193548,310,0.904467004863931,-0.0616294790074363
BS00037400_51,chr3A,439998429,0.876254023257238,0.290322580645161,310,0.980434074318493,0.00960939405906913
BS00089400_51,chr3A,442662335,0.594130327231083,0.3,310,0.944768200113944,0.0324018433030631
wsnp_CAP11_c2438_1258747,chr3A,480573113,0.408360873518614,0.293548387096774,310,0.902759083044459,0.0500021252293266
BS00095423_51,chr3A,490762484,0.158446530848664,0.341935483870968,310,0.851731339446211,0.0798795529808842
wsnp_Ex_c28310_37444843,chr3A,496454492,0.937829707428062,0.0935483870967742,310,0.988595103778186,0.00629164200235977
Tdurum_contig57693_581,chr3A,519596973,0.668940798743649,0.146774193548387,310,0.956276631921383,0.037844799418707
RAC875_rep_c75768_245,chr3A,525727952,0.725324954324918,0.138709677419355,310,0.973897564051771,-0.0333992738676159
Tdurum_contig42827_1693,chr3A,611873680,0.688294390620021,0.366129032258065,310,0.960025860822822,-0.0308896137121621
GENE-1634_405,chr3A,636113871,0.571358811260862,0.0564516129032258,310,0.941851669063827,0.0632724030719629
Excalibur_c18747_1292,chr3A,642665101,0.500696342117184,0.37741935483871,310,0.927746556942725,0.0643433587105733
IAAV969,chr3A,642679130,0.000406856298842367,0.385483870967742,310,0.0898643850068079,0.174476789957139
CAP7_rep_c12940_130,chr3A,643394742,0.913352793917713,0.361290322580645,310,0.988595103778186,-0.00817740888413709
wsnp_Ex_c27317_36522052,chr3A,682178196,0.456991250580453,0.2,310,0.91039869403602,-0.054675560827917
IAAV1410,chr3A,682180709,0.292486233353121,0.17741935483871,310,0.888486882529512,-0.07779625150377
wsnp_Ra_c132_291198,chr3A,682430651,0.458051446010987,0.0580645161290323,310,0.91039869403602,0.0863597767059758
Tdurum_contig59585_656|wsnp_JD_c29019_23208078,chr3A,682432792,0.857472936309583,0.0629032258064516,310,0.980434074318493,0.0195648575918383
BobWhite_c5337_225,chr3A,683847798,0.170144968015657,0.467741935483871,310,0.851731339446211,0.16966774211312
BS00097265_51,chr3A,698464202,0.134878710947995,0.0532258064516129,310,0.84484116209351,0.166571516576958
BS00074926_51,chr3A,742634155,0.607810300864529,0.0241935483870968,310,0.944768200113944,-0.0878232229095062
Tdurum_contig67686_633,chr3A,744519119,0.204453582327936,0.496774193548387,310,0.862741585119681,-0.0740868290861556
wsnp_Ex_c28679_37784735,chr3A,747603616,0.766955577899656,0.433870967741936,310,0.978627404872569,-0.0161317596151349
RAC875_s113853_61,chr3B,1936570,0.563334381715516,0.211290322580645,310,0.941851669063827,0.0593524116168851
Excalibur_c57482_242,chr3B,3821410,0.0968435634333976,0.0854838709677419,310,0.773440466448767,-0.157329701762556
BobWhite_c5611_281,chr3B,3822948,0.425260459002727,0.135483870967742,310,0.904467004863931,0.0624097119480851
Tdurum_contig50954_475,chr3B,3941853,0.427496232909879,0.119354838709677,310,0.906406739622415,-0.0613309953651324
Kukri_c12817_59,chr3B,4190096,0.714859662409782,0.169354838709677,310,0.970912393142264,0.0285579407540126
Ex_c4578_544,chr3B,4655338,0.300482647768511,0.475806451612903,310,0.8940875944891,-0.0660085655929095
RAC875_rep_c118986_60,chr3B,6517115,0.262045510389638,0.356451612903226,310,0.878623181894668,0.101017931195571
wsnp_Ex_c16919_25506076,chr3B,7651071,0.741994305911424,0.190322580645161,310,0.977698860305626,0.0211073868647773
Excalibur_c8314_405,chr3B,10877181,0.0170243249746438,0.245161290322581,310,0.653956135439035,-0.131295395033469
Tdurum_contig14251_320,chr3B,11235481,0.0410613379596262,0.356451612903226,310,0.704421205579219,-0.1195654287704
RFL_Contig5709_3005,chr3B,13020455,0.120446042354783,0.487096774193548,310,0.826813623166725,-0.0878555453277841
CAP7_c1576_371,chr3B,13839037,0.685555782616642,0.483870967741935,310,0.959126736249886,-0.0210045396016483
tplb0041e10_1230,chr3B,19580794,0.91655436022884,0.0451612903225806,310,0.988595103778186,0.0147059783240451
Tdurum_contig22897_107,chr3B,28249938,0.673339525999291,0.158064516129032,310,0.956276631921383,-0.0380066022973011
wsnp_Ex_c4063_7344641,chr3B,72169384,0.341873450664749,0.129032258064516,310,0.895693630978228,-0.0721953276570773
Ku_c56846_964,chr3B,72680858,0.139151659854735,0.188709677419355,310,0.846568295219364,-0.12870159255715
wsnp_Ku_c13069_20938717,chr3B,74068047,0.246108449386876,0.120967741935484,310,0.870624065981587,-0.115622208975807
Kukri_c48750_1372,chr3B,74069930,0.259143557444623,0.154838709677419,310,0.877274984411214,-0.0956713996632601
wsnp_Ex_c11246_18191331,chr3B,75787307,0.350798472530884,0.0612903225806452,310,0.895693630978228,-0.1152771142755
BS00065429_51,chr3B,78993759,0.679524304215159,0.0645161290322581,310,0.957053503121627,-0.0469146491021633
RAC875_c86306_256,chr3B,79633533,0.0976027675188704,0.0661290322580645,310,0.773440466448767,-0.185550666247103
Kukri_c48410_604,chr3B,141816811,0.464184298355714,0.362903225806452,310,0.912102406053892,0.041444084300565
wsnp_JD_c9902_10674626,chr3B,153808061,0.292328573672405,0.246774193548387,310,0.888486882529512,0.0640117933075146
BS00045195_51,chr3B,168855051,0.843680862169034,0.179032258064516,310,0.980434074318493,-0.0156182845936428
RAC875_c21086_130,chr3B,244829588,0.0309763341086678,0.0919354838709677,310,0.704421205579219,-0.246094944527243
GENE-4829_238,chr3B,245563450,0.173299432196753,0.1,310,0.851731339446211,-0.11023582081576
Tdurum_contig3182_132,chr3B,246737866,0.153197819763878,0.166129032258065,310,0.851731339446211,-0.102965465948841
Kukri_c14113_98,chr3B,247056235,0.0878880798245177,0.198387096774194,310,0.773440466448767,-0.121027058796784
RAC875_s119223_94,chr3B,250994037,0.404545822410727,0.130645161290323,310,0.901554819268231,-0.0791686538384795
BS00049570_51,chr3B,253746004,0.599669772182464,0.211290322580645,310,0.944768200113944,-0.0405578510584377
RAC875_c8755_314,chr3B,254185065,0.0597620622692887,0.209677419354839,310,0.740176151750893,-0.143651873608462
BS00091577_51,chr3B,254185364,0.52341026704059,0.135483870967742,310,0.934387305704065,-0.050060729038357
RAC875_rep_c86918_170,chr3B,263288655,0.882716478208114,0.138709677419355,310,0.980434074318493,0.0110800861912708
BobWhite_rep_c53979_427,chr3B,270430990,0.534544024918038,0.301612903225806,310,0.934731651563707,-0.0352718050461647
IAAV8536,chr3B,442698226,0.130280759907442,0.209677419354839,310,0.83007088714199,-0.105040686088756
wsnp_Ex_c1116_2138756,chr3B,480585332,0.0242377753185162,0.359677419354839,310,0.700590579508689,-0.113593459320441
BS00082644_51,chr3B,481745930,0.256139958050214,0.0419354838709677,310,0.873222788984528,0.167881171064899
TA005793-0515,chr3B,490162710,0.990985733411119,0.395161290322581,310,0.996294111102066,-0.000782004060880581
BS00045330_51,chr3B,494048201,0.278352815887518,0.480645161290323,310,0.888486882529512,-0.164889844503705
BobWhite_c35249_110,chr3B,507821802,0.292877410048956,0.193548387096774,310,0.888486882529512,-0.0757060072976685
TA002241-1114,chr3B,508130723,0.842558207557311,0.135483870967742,310,0.980434074318493,-0.0171105440159209
BS00037898_51,chr3B,508496640,0.439210554036302,0.2,310,0.908746202374313,-0.0605752325866291
wsnp_Ex_c7172_12318529,chr3B,508836747,0.675440460805711,0.196774193548387,310,0.956276631921383,-0.0286856546235725
wsnp_Ex_c5457_9632050,chr3B,513051696,0.389860855729127,0.161290322580645,310,0.901002605767183,-0.0651859533344492
BS00036352_51,chr3B,513053489,0.303772326633476,0.204838709677419,310,0.894133539372685,-0.0771719461018705
wsnp_Ex_c2920_5385184,chr3B,520221779,0.947607569723995,0.0645161290322581,310,0.988595103778186,0.00706987049974117
RAC875_c32792_231,chr3B,521006321,0.349785849402273,0.0532258064516129,310,0.895693630978228,0.117635091066234
BobWhite_c24718_225,chr3B,525432136,0.40552318067855,0.0903225806451613,310,0.901554819268231,0.0879717683479129
Ex_c5074_1539,chr3B,570228048,0.460661716777056,0.0435483870967742,310,0.910502520743914,-0.0967156445722992
Excalibur_c5921_1315,chr3B,576003677,0.472635032022637,0.488709677419355,310,0.912727979873224,0.0876381320514383
Kukri_rep_c107421_115,chr3B,594656729,0.149278517915417,0.270967741935484,310,0.851731339446211,-0.0991901368745118
BS00005265_51,chr3B,594935164,0.0586324412688138,0.05,310,0.740176151750893,-0.213094277710319
Jagger_c5649_59,chr3B,595356881,0.573781477017901,0.0516129032258065,310,0.941851669063827,0.0634074797305999
Tdurum_contig4913_705,chr3B,598452145,0.934045168575277,0.22258064516129,310,0.988595103778186,0.00627643204465755
BobWhite_c32864_250,chr3B,617462379,0.234873200618497,0.0451612903225806,310,0.870624065981587,-0.135263956064932
wsnp_Ra_c69_149518,chr3B,753609407,0.138177190631027,0.183870967741935,310,0.84484116209351,-0.129285588263912
Excalibur_c33274_498,chr3B,755676302,0.167991182174405,0.306451612903226,310,0.851731339446211,-0.085796710076707
Tdurum_contig11443_1022,chr3B,755676651,0.248027628867796,0.158064516129032,310,0.870624065981587,-0.10429359678146
Tdurum_contig55751_315,chr3B,758822591,0.172158277205299,0.37741935483871,310,0.851731339446211,-0.0746726583983701
BS00030651_51,chr3B,781879073,0.477574435497782,0.291935483870968,310,0.915264671935554,-0.0479178830636897
RFL_Contig4186_914,chr3B,787799347,0.404692469699988,0.0580645161290323,310,0.901554819268231,-0.09147053212439
Tdurum_contig28053_218,chr3B,811836284,0.973545031662005,0.112903225806452,310,0.992680831229816,0.00325145882729316
BS00071041_51,chr3B,812182698,0.858381735076428,0.067741935483871,310,0.980434074318493,-0.0170833128881753
GENE-2712_367,chr3B,812302124,0.330983163452362,0.456451612903226,310,0.895693630978228,-0.0912754416158919
RAC875_c37741_476,chr3B,836174029,0.355901690603576,0.393548387096774,310,0.895693630978228,-0.0449793108271024
RAC875_c37741_218,chr3B,836174889,0.60287019527012,0.232258064516129,310,0.944768200113944,0.0300499664002842
wsnp_JD_c18509_16968425,chr3B,841311388,0.613857535205384,0.411290322580645,310,0.944768200113944,0.0355867964519234
Tdurum_contig59566_4435,chr3B,841312024,0.302850952932335,0.0758064516129032,310,0.8940875944891,0.117304951525469
IAAV8659,chr3B,842939157,0.0560165897621777,0.0629032258064516,310,0.740176151750893,-0.278073957832248
Kukri_c48601_98,chr3B,844119703,0.0551164266646426,0.145161290322581,310,0.740176151750893,-0.155037718906968
Tdurum_contig14350_431,chr3D,77091,0.158026888912716,0.082258064516129,310,0.851731339446211,-0.14023930484926
BobWhite_c18256_809,chr3D,743093,0.483198428638437,0.340322580645161,310,0.922042789853259,0.0427952417590944
Kukri_rep_c94244_339,chr3D,803716,0.814532910173014,0.435483870967742,310,0.980434074318493,-0.0114423407064805
BS00098760_51,chr3D,1051628,0.882860237513174,0.237096774193548,310,0.980434074318493,-0.0106455661313447
BS00080157_51,chr3D,1476240,0.10713021053199,0.183870967741935,310,0.800651248318356,0.167539554042548
RAC875_c22383_248,chr3D,1481100,0.859341580822882,0.0403225806451613,310,0.980434074318493,-0.0255630706601977
IAAV1578,chr3D,2714182,0.396483623885982,0.37258064516129,310,0.901002605767183,0.0502299610423904
tplb0053a24_1247,chr3D,3588508,0.55590201359057,0.496774193548387,310,0.934731651563707,-0.0409607145092536
Excalibur_c9485_351,chr3D,3695097,0.208995242318071,0.333870967741935,310,0.862741585119681,0.0671597127149539
Excalibur_c20559_98,chr3D,3695344,0.394153313409847,0.42741935483871,310,0.901002605767183,0.0467440055574713
Excalibur_c12875_1643,chr3D,5008394,0.75144244996643,0.351612903225806,310,0.977698860305626,0.0183615152019883
wsnp_JD_c396_603720,chr3D,5433044,0.553657837423794,0.114516129032258,310,0.934731651563707,-0.0554722632409579
D_contig79290_372,chr3D,31799415,0.341429939931438,0.151612903225806,310,0.895693630978228,-0.0789090772841661
Kukri_c5252_107,chr3D,34080877,0.263089652765587,0.170967741935484,310,0.87947025623615,-0.0697169665290787
wsnp_Ex_c18250_27065775,chr3D,126064001,0.304116727313516,0.303225806451613,310,0.894133539372685,0.0650059535927738
wsnp_Ex_rep_c78526_74641162,chr3D,162446861,0.412493116758354,0.245161290322581,310,0.902759083044459,0.0548737927334315
Kukri_c43208_335,chr3D,178478493,0.221672493138575,0.229032258064516,310,0.870503379202377,0.0813179866171794
wsnp_Ex_c54003_57045475,chr3D,267619256,0.374645358093424,0.264516129032258,310,0.901002605767183,0.057010607747074
Ra_c4231_465,chr3D,344728534,0.294653827482905,0.0370967741935484,310,0.888486882529512,-0.136522737147338
IAAV1270,chr3D,378358338,0.530206232210582,0.438709677419355,310,0.934731651563707,0.0458594447308656
BobWhite_c27541_67,chr3D,378927754,0.228693082205948,0.311290322580645,310,0.870624065981587,-0.0629850049345748
tplb0029j24_2118,chr3D,418236443,0.937287616151681,0.219354838709677,310,0.988595103778186,-0.00464767646609943
RAC875_c494_436,chr3D,424883434,0.373038926512581,0.0419354838709677,310,0.901002605767183,0.104053458598663
RFL_Contig383_1347,chr3D,508864621,0.0464241668790529,0.0483870967741935,310,0.724937686765342,0.250218502252153
Kukri_c8913_385,chr3D,516319262,0.518017530499646,0.0564516129032258,310,0.934017322849871,0.0738047368087678
BS00054496_51,chr3D,539622336,0.95762237455972,0.374193548387097,310,0.988595103778186,-0.0029203348586293
RAC875_c101793_136,chr3D,551216475,0.427811669974586,0.364516129032258,310,0.906406739622415,0.0448395988646979
D_GDRF1KQ02GV96X_70,chr3D,556604263,0.977314777975895,0.0903225806451613,310,0.992680831229816,0.00233999683275243
CAP12_c2615_128,chr3D,582172173,0.190696454718939,0.446774193548387,310,0.853966700058071,-0.0936317609529453
RAC875_c5606_501,chr3D,604572945,0.240935138586357,0.138709677419355,310,0.870624065981587,0.0951802560800274
CAP7_c4219_186,chr3D,606219075,0.425089608228136,0.135483870967742,310,0.904467004863931,0.0591272390333657
CAP7_c4219_359,chr3D,606219247,0.591657666387485,0.141935483870968,310,0.944768200113944,0.0387729511932164
Kukri_c92813_223,chr3D,606569015,0.637901764209491,0.212903225806452,310,0.944768200113944,-0.0292004879476053
tplb0060a09_1160,chr3D,608879318,0.173803317900806,0.338709677419355,310,0.851731339446211,-0.11432108486116
Jagger_c3292_145,chr3D,611260936,0.851210962381822,0.182258064516129,310,0.980434074318493,-0.0156399084411589
wsnp_Ex_c12369_19730765,chr3D,613343797,0.621892346211521,0.195161290322581,310,0.944768200113944,0.0373821989359584
RAC875_c5222_411,chr3D,613758364,0.747135395541208,0.180645161290323,310,0.977698860305626,0.0222240199984327
BS00073760_51,chr3D,613957933,0.054758403936652,0.382258064516129,310,0.740176151750893,0.107211333536824
BobWhite_rep_c52911_146,chr3D,614179926,0.328824875353636,0.325806451612903,310,0.895693630978228,-0.067511148903435
IAAV686,chr3D,614247171,0.0718037999150774,0.179032258064516,310,0.742613657904646,-0.121773767653536
IAAV7013,chr3D,614386580,0.568507919033064,0.145161290322581,310,0.941851669063827,-0.0405339165322687
BS00024422_51,chr3D,615044922,0.931309279606757,0.311290322580645,310,0.988595103778186,0.00511565561755845
wsnp_Ex_c7451_12757458,chr3D,615289194,0.759034046501123,0.448387096774194,310,0.978273639801229,0.0173837343416636
Excalibur_c51976_119,chr3D,615289784,0.659563157419018,0.269354838709677,310,0.947672166096893,0.0252057729267037
TA006354-0937,chr3D,615292492,0.397937283300226,0.245161290322581,310,0.901554819268231,0.0514415756874484
RAC875_c6578_645,chr3D,615711956,0.513665483189044,0.101612903225806,310,0.931082600252098,-0.0564778404365143
Excalibur_c42667_427,chr3D,615962873,0.575706130589869,0.0629032258064516,310,0.942050002070648,-0.0552927900429196
BobWhite_c5246_196,chr3D,615963084,0.717439381119047,0.412903225806452,310,0.971362265098973,0.0188106269607147
Excalibur_c6906_804,chr3D,616940285,0.498123066538917,0.456451612903226,310,0.927746556942725,-0.037094312488037
wsnp_Ku_c7264_12545135,chr3D,616954599,0.194415561280026,0.254838709677419,310,0.853966700058071,0.0806425407563722
CAP12_c2073_98,chr3D,617434955,0.994561345430537,0.411290322580645,310,0.997615886557653,0.000324795061132477
wsnp_CAP11_c1051_622082,chr3D,617435205,0.808355936258435,0.287096774193548,310,0.979002700047056,0.0134753782163841
CAP11_c1051_121,chr3D,617435313,0.93654130311152,0.304838709677419,310,0.988595103778186,-0.00450286909185138
BS00024440_51,chr3D,617440108,0.569527362177172,0.293548387096774,310,0.941851669063827,0.0330403310558438
Excalibur_c46790_502,chr3D,617673993,0.29906972621563,0.283870967741935,310,0.8940875944891,0.0594294152194266
BS00066691_51,chr3D,617751247,0.604173261298954,0.304838709677419,310,0.944768200113944,0.0289226852326863
Kukri_c12013_443,chr3D,617752442,0.862112093634886,0.319354838709677,310,0.980434074318493,0.0151467916779779
Kukri_c12013_90,chr3D,617752796,0.832639567763895,0.325806451612903,310,0.980434074318493,0.0136752188202394
Kukri_rep_c87658_1542,chr3D,617752952,0.234764087516168,0.375806451612903,310,0.870624065981587,-0.0716582985841541
wsnp_Ex_c5061_8986366,chr3D,617753058,0.350284223593913,0.258064516129032,310,0.895693630978228,0.051802132429053
Excalibur_c54670_110,chr3D,617757062,0.75186074699077,0.440322580645161,310,0.977698860305626,0.0190798881734935
RAC875_c51595_177,chr3D,617757520,0.357169702813869,0.266129032258065,310,0.895693630978228,0.0549314683806585
BS00064063_51|D_contig04964_668,chr3D,617766333,0.796124104731178,0.356451612903226,310,0.978627404872569,0.0131114845074762
RAC875_c43838_146,chr3D,617840095,0.446509516036648,0.319354838709677,310,0.909563081413239,0.0412776034321496
Excalibur_c56069_128,chr3D,617840557,0.268062608015958,0.32741935483871,310,0.880538241125859,0.0599542462143461
RFL_Contig2432_953,chr3D,618256005,0.173321269699788,0.35,310,0.851731339446211,0.0711944728772522
BS00078532_51,chr3D,618417590,0.629503969425104,0.298387096774194,310,0.944768200113944,0.0277999155134694
BS00078092_51,chr3D,618417763,0.534701388380146,0.390322580645161,310,0.934731651563707,0.0309237847794606
BS00035307_51,chr4A,3424618,0.795075069545447,0.183870967741935,310,0.978627404872569,-0.0204838232053106
IAAV2216,chr4A,4642490,0.916763250001839,0.211290322580645,310,0.988595103778186,0.00824253395408903
Kukri_c2963_272,chr4A,9987483,0.844516747289588,0.340322580645161,310,0.980434074318493,-0.0111540574714724
Excalibur_c12032_1101,chr4A,10712266,0.124239800282747,0.317741935483871,310,0.828421611696655,0.0930596878394425
BS00022177_51,chr4A,12242671,0.423623960882017,0.27258064516129,310,0.904467004863931,0.0542417307592729
wsnp_Ra_c14920_23225219,chr4A,13178397,0.210316523599627,0.274193548387097,310,0.862741585119681,0.0825965140350462
RAC875_c16405_84,chr4A,29280763,0.146643348061287,0.0370967741935484,310,0.851731339446211,0.202360607850935
Kukri_c16916_1073,chr4A,30513653,0.582382039714704,0.0806451612903226,310,0.94245252678881,0.052901952343916
wsnp_Ex_c5690_9994334,chr4A,39010175,0.14836958484702,0.37741935483871,310,0.851731339446211,0.143172627420142
wsnp_Ku_rep_c76865_75281903,chr4A,60651660,0.492844523359844,0.435483870967742,310,0.927746556942725,0.0386033685557408
wsnp_Ex_c8131_13754852,chr4A,120070361,0.548767249985809,0.464516129032258,310,0.934731651563707,0.0762323085414209
RAC875_c27776_86,chr4A,129834424,0.805950997187755,0.229032258064516,310,0.978627404872569,-0.0184831633186491
wsnp_Ex_c9464_15689857,chr4A,534414030,0.502157962379721,0.129032258064516,310,0.927746556942725,-0.0490569527444649
IAAV125,chr4A,544012642,0.813791163422351,0.204838709677419,310,0.980434074318493,-0.0171572704703209
BS00010925_51,chr4A,587784360,0.202348340661302,0.0274193548387097,310,0.862741585119681,-0.192497123732011
BobWhite_rep_c49931_364,chr4A,603282322,0.48746528576521,0.482258064516129,310,0.92583612780798,0.0997018742955333
BS00023151_51,chr4A,609381583,0.752114048724798,0.0887096774193548,310,0.977698860305626,-0.0278674115868043
BobWhite_c12128_187,chr4A,613169667,0.064262228639358,0.35,310,0.740176151750893,-0.105891104120204
Tdurum_contig42257_4485,chr4A,613283992,0.00233068864101153,0.225806451612903,310,0.316794371435952,-0.17318097274557
wsnp_Ex_c24474_33721784,chr4A,614813951,0.155485267297746,0.369354838709677,310,0.851731339446211,-0.0780269509128857
wsnp_Ku_c4924_8816643,chr4A,615129189,0.572998196514534,0.283870967741935,310,0.941851669063827,-0.0313452684725632
BobWhite_c35402_66,chr4A,617281994,0.136863356175701,0.295161290322581,310,0.84484116209351,0.0927814926207731
Tdurum_contig13489_292,chr4A,617282086,0.166656980671168,0.283870967741935,310,0.851731339446211,0.0864215665123282
Kukri_c4594_825,chr4A,619215413,0.0961060222133257,0.0241935483870968,310,0.773440466448767,-0.36861460573968
Kukri_c5039_2269,chr4A,621255217,0.805078903889917,0.0580645161290323,310,0.978627404872569,-0.0319398407796285
Excalibur_c20024_806,chr4A,621256874,0.537906333367711,0.145161290322581,310,0.934731651563707,-0.059576104970219
wsnp_Ex_c41074_47988141,chr4A,621266258,0.357365031035456,0.158064516129032,310,0.895693630978228,-0.0603405815137776
Excalibur_c2618_1412,chr4A,621666044,3.90745871695291e-05,0.396774193548387,310,0.0138089591057116,-0.340816597728058
Kukri_c25832_794,chr4A,623952035,0.0178860489501224,0.180645161290323,310,0.672439329678007,0.207355039410899
JD_c4438_839,chr4A,627277193,0.10676565866928,0.175806451612903,310,0.800651248318356,0.139803308942106
BobWhite_c20282_164,chr4A,627325347,0.00870860352272976,0.469354838709677,310,0.521185017480106,-0.257483736495317
BS00010144_51,chr4A,629639764,0.112564296065344,0.158064516129032,310,0.80457466559444,0.139217910379102
Kukri_c17942_239,chr4A,629640229,0.243611831817815,0.124193548387097,310,0.870624065981587,-0.141210422157059
CAP11_c1989_183,chr4A,633388836,0.026706239565195,0.412903225806452,310,0.704421205579219,0.116630624228094
BobWhite_c33898_150,chr4A,634064111,0.0347759056905767,0.485483870967742,310,0.704421205579219,0.115478248614622
Kukri_c33315_159,chr4A,634134455,0.266932555096465,0.103225806451613,310,0.880538241125859,-0.12695774069077
BS00059503_51,chr4A,642560750,0.93823260394088,0.240322580645161,310,0.988595103778186,-0.00596456398825751
Kukri_c96159_197,chr4A,646700185,0.674281892148461,0.0483870967741935,310,0.956276631921383,-0.0530268570054773
Excalibur_c4325_1440,chr4A,647082974,0.933525820112053,0.0435483870967742,310,0.988595103778186,0.0108882555444012
Tdurum_contig15586_563,chr4A,647183147,0.746044289947071,0.0403225806451613,310,0.977698860305626,0.0474124787020003
wsnp_Ex_c3988_7221220,chr4A,666371209,0.455285925363583,0.0483870967741935,310,0.910320760562939,-0.0902969417274875
Excalibur_c4370_1451,chr4A,667033050,0.121228652978288,0.0483870967741935,310,0.826813623166725,-0.192160569046827
Excalibur_c4370_1221,chr4A,667033280,0.249017324219658,0.0629032258064516,310,0.870624065981587,-0.126763782512924
wsnp_JD_c27162_22206547,chr4A,668474506,0.502463754948607,0.0403225806451613,310,0.927746556942725,-0.0889194362358623
tplb0024a09_919,chr4A,678136068,0.083802922482526,0.159677419354839,310,0.771248770971997,-0.182048297321415
IAAV3960,chr4A,708504916,0.0873224850510233,0.0258064516129032,310,0.773440466448767,0.304269736450543
wsnp_Ex_c11047_17915225,chr4A,709846287,0.0121888696829501,0.414516129032258,310,0.607401898370502,-0.156339499979197
RAC875_c1115_341,chr4A,709856371,0.0185157000797079,0.325806451612903,310,0.676423960793776,0.129539129462216
BS00022929_51,chr4A,713341626,0.721105787067852,0.432258064516129,310,0.972667118892286,-0.0383621389677842
Excalibur_c7753_51,chr4A,717745269,0.0741538191260473,0.32258064516129,310,0.753044818366239,-0.102553380606352
BS00100441_51,chr4A,717746227,0.626480242463633,0.401612903225806,310,0.944768200113944,-0.0277421298392682
Tdurum_contig93156_127,chr4A,717746260,0.538853875437445,0.148387096774194,310,0.934731651563707,0.0435965086149963
Jagger_c2200_347,chr4A,722472307,0.773319080639314,0.1,310,0.978627404872569,-0.0251275311717762
Tdurum_contig75819_1591,chr4A,723621083,0.393613005930348,0.224193548387097,310,0.901002605767183,0.0618241363552414
RFL_Contig3841_2409,chr4A,723621320,0.328548378274272,0.140322580645161,310,0.895693630978228,-0.0779669499390891
RFL_Contig3841_2433,chr4A,723621344,0.323535927541305,0.440322580645161,310,0.895693630978228,-0.061255751133416
RFL_Contig3841_2595|Tdurum_contig75819_1309,chr4A,723621647,0.830342111282441,0.196774193548387,310,0.980434074318493,-0.0133719063186462
Tdurum_contig75819_559,chr4A,723623148,0.583949844297994,0.454838709677419,310,0.94245252678881,0.026802434641823
BobWhite_c20306_88,chr4A,723882828,0.346932334479109,0.174193548387097,310,0.895693630978228,-0.0659113307795494
RAC875_c54248_724,chr4A,728382481,0.298504360683359,0.182258064516129,310,0.8940875944891,-0.10067910726012
Excalibur_c6050_323,chr4A,737354924,0.125761833011594,0.208064516129032,310,0.83007088714199,0.124177596985874
Tdurum_contig46583_2146,chr4A,748960423,0.513045301637372,0.366129032258065,310,0.931082600252098,0.0456866131605125
Tdurum_contig42083_757,chr4B,5992523,0.506551754573063,0.480645161290323,310,0.9285590613822,0.064254597699005
wsnp_BF483640B_Ta_2_2,chr4B,9811182,0.0144277885175333,0.435483870967742,310,0.607401898370502,-0.181275077355195
BS00009480_51,chr4B,13966893,0.333992438224323,0.1,310,0.895693630978228,0.0848200282026923
Tdurum_contig10984_210,chr4B,16496592,0.679149283992162,0.0241935483870968,310,0.957053503121627,-0.0687286748750253
BS00071658_51,chr4B,19660010,0.365878101918645,0.324193548387097,310,0.897265489376611,0.061120668424067
wsnp_Ku_c8075_13785546,chr4B,21914939,0.144147815747875,0.264516129032258,310,0.851731339446211,0.0904496783796844
Tdurum_contig41902_1673,chr4B,26013667,0.287459476851806,0.2,310,0.888486882529512,0.0771586403218834
Tdurum_contig64772_417,chr4B,27919074,0.203796280151891,0.270967741935484,310,0.862741585119681,0.0810715253838765
RAC875_c44584_162,chr4B,30165134,0.0952581055009634,0.482258064516129,310,0.773440466448767,-0.223587188738179
IACX557,chr4B,30367591,0.471802161329343,0.109677419354839,310,0.912727979873224,-0.0551159893619868
BS00021984_51,chr4B,36883899,0.420580188561712,0.245161290322581,310,0.904467004863931,-0.0530146897016692
Tdurum_contig63670_287,chr4B,38005599,0.878492264965258,0.240322580645161,310,0.980434074318493,-0.0103237886179386
BobWhite_c9876_331,chr4B,389489859,0.294564505700315,0.0435483870967742,310,0.888486882529512,0.191092762201393
TA006298-0500,chr4B,392977418,0.598038078851978,0.258064516129032,310,0.944768200113944,-0.0369600776819397
Tdurum_contig5562_730,chr4B,405410925,0.51970154783629,0.438709677419355,310,0.934193931868489,0.0370781814166179
Tdurum_contig5562_441,chr4B,405411214,0.933865105198273,0.448387096774194,310,0.988595103778186,0.00443591328136961
Excalibur_rep_c66744_2113,chr4B,411427953,0.812538092806753,0.42741935483871,310,0.980434074318493,-0.0134815485288016
Tdurum_contig52805_183,chr4B,417331471,0.619606827274858,0.240322580645161,310,0.944768200113944,0.0318295966835223
BS00064884_51,chr4B,426786962,0.390630820985709,0.437096774193548,310,0.901002605767183,0.0496992356371919
Kukri_c322_1394,chr4B,533039128,0.705612811096358,0.325806451612903,310,0.967275280998654,0.0228031794384265
wsnp_Ex_c23363_32607637,chr4B,541848846,0.680130149475075,0.348387096774194,310,0.957053503121627,0.022730493264902
BS00087144_51,chr4B,546425684,0.395949709724212,0.467741935483871,310,0.901002605767183,0.0504377584566811
Tdurum_contig47552_957,chr4B,546613590,0.0484659856765561,0.319354838709677,310,0.724937686765342,0.117714214876088
BS00077411_51,chr4B,552428337,0.0351808258163175,0.32258064516129,310,0.704421205579219,0.129555365753902
Excalibur_c56741_119,chr4B,558353165,0.213851922397042,0.303225806451613,310,0.868076386855764,0.0750597347349071
wsnp_Ex_c19319_28253742,chr4B,565521094,0.256481396424997,0.346774193548387,310,0.873222788984528,0.0686621358981512
wsnp_CAP12_rep_c4278_1949864,chr4B,566478398,0.0830098681541429,0.338709677419355,310,0.771248770971997,0.106104782063795
IAAV2228,chr4B,566490208,0.386599673439493,0.462903225806452,310,0.901002605767183,0.061804941845736
RAC875_c24550_1150,chr4B,566493200,0.914541917748055,0.338709677419355,310,0.988595103778186,-0.00907771362579979
BS00022181_51,chr4B,567454376,0.742009755581349,0.479032258064516,310,0.977698860305626,-0.0235623210277538
BS00069989_51,chr4B,567855344,0.0286318278176048,0.398387096774194,310,0.704421205579219,-0.166819583873178
BS00058659_51,chr4B,570039984,0.675030713616355,0.438709677419355,310,0.956276631921383,0.0263422245412812
wsnp_Ex_c42895_49355806,chr4B,570962358,0.660835474568426,0.343548387096774,310,0.948575372512111,-0.0324265272027162
Ex_c57212_719,chr4B,570977417,0.941612297989281,0.398387096774194,310,0.988595103778186,-0.0040087762165939
RAC875_c39226_131,chr4B,574955516,0.320554080087626,0.480645161290323,310,0.895693630978228,0.0617273780382561
Ra_c15473_681,chr4B,578566549,0.217941967808239,0.285483870967742,310,0.870503379202377,0.0763122078569864
RAC875_c15143_227,chr4B,579338703,0.160666996484961,0.346774193548387,310,0.851731339446211,0.0771367831245016
RAC875_c3790_429,chr4B,581540703,0.492508756016992,0.212903225806452,310,0.927746556942725,-0.0434829997731399
BobWhite_c1295_470,chr4B,582119206,0.343766067721986,0.456451612903226,310,0.895693630978228,0.0567750192756051
RAC875_rep_c108328_299,chr4B,585672870,0.556078252055904,0.264516129032258,310,0.934731651563707,-0.0450231970974073
Tdurum_contig28920_296,chr4B,588233608,0.385161635798376,0.337096774193548,310,0.901002605767183,0.0522431767261935
Tdurum_contig31737_203,chr4B,589903423,0.220938508582988,0.193548387096774,310,0.870503379202377,0.11704487377591
BobWhite_c13247_795,chr4B,590482284,0.970076967381346,0.416129032258065,310,0.991274427837528,0.00184548657364303
Tdurum_contig93160_155,chr4B,591131978,0.292048886976641,0.317741935483871,310,0.888486882529512,0.0665864989123435
RAC875_c89195_138,chr4B,593980601,0.207347167488185,0.319354838709677,310,0.862741585119681,0.0746166306421401
BobWhite_c40424_143,chr4B,633387116,0.0438259247810512,0.0887096774193548,310,0.724167035528837,-0.190684765086438
Excalibur_c31044_482,chr4B,633872661,0.383065176405227,0.220967741935484,310,0.901002605767183,-0.0753189761040716
Excalibur_c25270_218,chr4B,634767824,0.845848270034788,0.104838709677419,310,0.980434074318493,0.0178682473917888
BobWhite_c27751_206,chr4B,634855587,0.0488214967317916,0.0870967741935484,310,0.724937686765342,-0.19033138012356
Kukri_c4221_1114,chr4B,645235940,0.579237703799732,0.3,310,0.94245252678881,0.0460958321340001
Excalibur_c1706_1413,chr4B,651659784,0.0363875866184818,0.264516129032258,310,0.704421205579219,0.134122529567449
tplb0027f12_503,chr4B,654991791,0.843217367273292,0.125806451612903,310,0.980434074318493,-0.0145977641963526
wsnp_BE499546B_Ta_2_1,chr4B,656245718,0.746540676303637,0.338709677419355,310,0.977698860305626,-0.0196742926970757
Excalibur_c49297_159,chr4B,656249543,0.0317924717208999,0.138709677419355,310,0.704421205579219,-0.153237439659947
tplb0056i06_856,chr4B,659634248,0.48569719511799,0.254838709677419,310,0.923818023437555,-0.0380447883548456
RAC875_c87897_333,chr4B,667583494,0.286355789510532,0.483870967741935,310,0.888486882529512,0.0582139768728638
BS00022808_51,chr4B,668709559,0.581435879590481,0.0741935483870968,310,0.94245252678881,0.054553725318172
BS00040517_51,chr4B,673375605,0.683027389386109,0.151612903225806,310,0.957568862026297,-0.0383219382296431
wsnp_Ex_c4148_7494801,chr4B,673887818,0.936665757319962,0.0661290322580645,310,0.988595103778186,0.008650698910877
JD_c15782_595,chr4B,676710748,0.911134646891279,0.230645161290323,310,0.988595103778186,-0.00690632671515345
RAC875_c48025_483,chr4B,681822696,0.827635156845573,0.374193548387097,310,0.980434074318493,0.0116506684435933
Ku_c2885_1286,chr4B,689021947,0.864144655075561,0.208064516129032,310,0.980434074318493,-0.0106582136434028
Ku_c2885_1189,chr4B,689022044,0.790637247249675,0.480645161290323,310,0.978627404872569,-0.0136121998472873
Ku_c9134_782,chr4B,689184395,0.353501616151275,0.479032258064516,310,0.895693630978228,0.0482873456716391
Tdurum_contig9118_1078,chr4B,689336210,0.883928092946764,0.235483870967742,310,0.980434074318493,-0.0129095100628831
BS00108770_51,chr4D,3673713,0.228016465025782,0.0338709677419355,310,0.870624065981587,-0.172120453541822
BS00022283_51,chr4D,3680171,0.0584730732439052,0.0306451612903226,310,0.740176151750893,-0.294340400834763
wsnp_Ex_rep_c107564_91144523,chr4D,26735190,0.0538840132601346,0.0387096774193548,310,0.740176151750893,0.263568429950865
Ra_c350_837,chr4D,111721106,0.0251499391900158,0.0403225806451613,310,0.700590579508689,-0.291276142897118
wsnp_BE444858D_Ta_1_1,chr4D,134619728,0.261429402993773,0.124193548387097,310,0.878623181894668,-0.0826385921504311
RAC875_rep_c109674_414,chr4D,187014339,0.062152842293698,0.0258064516129032,310,0.740176151750893,-0.326708393292904
wsnp_BF202706D_Ta_1_1,chr4D,218513069,0.658507485328316,0.12258064516129,310,0.947672166096893,-0.034432972724737
Ku_c2271_358,chr4D,253939544,0.00663590682972504,0.0274193548387097,310,0.521185017480106,-0.421101376330071
wsnp_BF473052D_Ta_2_1,chr4D,441152501,0.853236521049446,0.00967741935483871,310,0.980434074318493,-0.0484012109623322
D_GDS7LZN02F0W89_230,chr4D,458388630,0.744244006890284,0.00645161290322581,310,0.977698860305626,-0.110288416364291
BS00022436_51,chr4D,458393778,0.491721393044986,0.00645161290322581,310,0.927746556942725,0.239647263473927
BS00064002_51,chr4D,458802353,0.520338106314134,0.0403225806451613,310,0.934387305704065,0.0829377900737427
BS00106571_51,chr4D,458807647,0.634078558161117,0.0403225806451613,310,0.944768200113944,-0.0585641384064175
BS00047797_51,chr4D,459122261,0.77603169743333,0.032258064516129,310,0.978627404872569,-0.0420939051064124
BS00101071_51,chr5A,9357157,0.696872683029776,0.0290322580645161,310,0.96506774441112,-0.0557603036308265
wsnp_Ku_c9559_15999945,chr5A,9546069,0.828715346143764,0.229032258064516,310,0.980434074318493,-0.0176353400363496
Kukri_c17126_1211,chr5A,9547331,0.712743846351026,0.258064516129032,310,0.970614659314079,0.0275028054474831
wsnp_Ex_c25707_34968426,chr5A,9548776,0.757345833467792,0.241935483870968,310,0.977844097627227,-0.0232658329486242
Ra_c10762_1137,chr5A,9549092,0.717846548793191,0.240322580645161,310,0.971362265098973,-0.02827098487775
Kukri_c29420_310,chr5A,10633268,0.956132402368966,0.237096774193548,310,0.988595103778186,-0.00404708213643801
wsnp_BE399966A_Ta_2_3,chr5A,11349947,0.554201604997336,0.0564516129032258,310,0.934731651563707,-0.0664404078345484
wsnp_Ku_c1254_2498515,chr5A,11617185,0.162228514440816,0.230645161290323,310,0.851731339446211,-0.102038286388563
Excalibur_rep_c88724_127,chr5A,22324829,0.0084042674571366,0.27741935483871,310,0.521185017480106,-0.229936361843897
BS00029347_51,chr5A,50006921,0.129316553822171,0.0709677419354839,310,0.83007088714199,0.156237857024216
wsnp_Ku_c48254_54492007,chr5A,50403368,0.882530864955639,0.138709677419355,310,0.980434074318493,0.011818113776485
BS00078654_51,chr5A,52064637,0.801303753564579,0.0709677419354839,310,0.978627404872569,0.026214103318253
RAC875_c15192_51,chr5A,52354691,0.415466146782696,0.0709677419354839,310,0.902759083044459,0.087919914902713
BS00046772_51,chr5A,53433438,0.651649886344549,0.0838709677419355,310,0.946995518652029,0.0414659263021235
wsnp_Ra_c212_447994,chr5A,56320359,0.991585642201722,0.0983870967741935,310,0.996294111102066,-0.000961110599334347
wsnp_Ku_c1102_2211433,chr5A,56321316,0.788623126341702,0.0741935483870968,310,0.978627404872569,0.0278136707692838
BobWhite_c37803_125,chr5A,77908786,0.638310363928486,0.156451612903226,310,0.944768200113944,-0.0394388292465067
TA006001-0725,chr5A,90201408,0.805261003907683,0.148387096774194,310,0.978627404872569,0.0182317001725139
BobWhite_rep_c49176_485,chr5A,90215490,0.315639981948282,0.067741935483871,310,0.895693630978228,0.111267246156061
Excalibur_c25331_1224,chr5A,90906625,0.361108699184198,0.0612903225806452,310,0.897265489376611,-0.0939149707422899
RFL_Contig4653_1217,chr5A,93736406,0.310374356218588,0.101612903225806,310,0.895693630978228,0.0914108466279799
IAAV5061,chr5A,95154087,0.335694726116712,0.32258064516129,310,0.895693630978228,-0.05440152213923
wsnp_Ex_c2922_5391083,chr5A,96200429,0.377667940358344,0.0967741935483871,310,0.901002605767183,0.0797959139169535
RAC875_c29957_355,chr5A,96204453,0.723005576961928,0.491935483870968,310,0.973743029338206,0.0277134827037173
Excalibur_c22926_514,chr5A,97211536,0.574598811120999,0.109677419354839,310,0.941851669063827,0.0437324812564697
wsnp_Ra_c10053_16636851,chr5A,102991330,0.278743891165105,0.466129032258065,310,0.888486882529512,0.0918047961502566
wsnp_Ku_c16812_25759885,chr5A,102992259,0.504021183574314,0.0741935483870968,310,0.9285590613822,0.071930069852101
Ku_c4397_2120,chr5A,103387172,0.787205287171561,0.209677419354839,310,0.978627404872569,-0.0224624663731987
wsnp_Ex_c130_259533,chr5A,108202113,0.960312350503018,0.0741935483870968,310,0.988595103778186,0.00481337247101976
Ex_c5902_360,chr5A,111232258,0.688631783378281,0.398387096774194,310,0.960025860822822,-0.0315138087355251
BS00045284_51|wsnp_Ex_c15084_23263641,chr5A,113109004,0.880379569825356,0.082258064516129,310,0.980434074318493,0.0149220359049238
wsnp_Ra_c13_24911,chr5A,418865118,0.921484859831689,0.0451612903225806,310,0.988595103778186,0.0126091496135814
wsnp_Ra_c13_24540,chr5A,418865489,0.610470937009737,0.132258064516129,310,0.944768200113944,0.0449739704826442
RAC875_c13_1589,chr5A,418866847,0.346016305900612,0.0903225806451613,310,0.895693630978228,0.113398718386406
wsnp_Ex_c4666_8349206,chr5A,418968514,0.636580142629888,0.0532258064516129,310,0.944768200113944,-0.0798049401516892
Tdurum_contig49844_958|tplb0031i04_452,chr5A,419574386,0.321166926948351,0.135483870967742,310,0.895693630978228,0.0888451292371428
CAP12_c667_143,chr5A,420174302,0.679500683637899,0.140322580645161,310,0.957053503121627,0.0367951955472279
RAC875_c4033_192,chr5A,444492894,0.00088444145594487,0.0403225806451613,310,0.156280805265459,0.420666048028892
BS00067453_51,chr5A,450797402,0.362718411542617,0.0338709677419355,310,0.897265489376611,-0.128538280944269
BS00089968_51,chr5A,450898638,0.984584122268368,0.217741935483871,310,0.99447185987484,-0.0013235055973837
Tdurum_contig43874_1129,chr5A,470754069,0.384802982122511,0.05,310,0.901002605767183,0.11572022677872
wsnp_Ex_c2474_4619730,chr5A,473639409,0.292025931065189,0.212903225806452,310,0.888486882529512,0.0613849528409531
Kukri_c1106_1489,chr5A,482529631,0.120100680303602,0.256451612903226,310,0.826813623166725,-0.094162925975894
Tdurum_contig49187_601,chr5A,483286973,0.74184417765368,0.469354838709677,310,0.977698860305626,-0.0342364069146015
CAP8_c1066_309,chr5A,489070639,0.494649158214075,0.153225806451613,310,0.927746556942725,0.0574951008751441
Tdurum_contig96830_155,chr5A,489446077,0.194391858939978,0.240322580645161,310,0.853966700058071,0.0826637437799178
Ex_c9327_1198,chr5A,489450223,0.205054167675493,0.25,310,0.862741585119681,0.0790393605287818
RAC875_c18195_718,chr5A,506206035,0.0398997925111589,0.25,310,0.704421205579219,-0.188280500361202
BobWhite_c1387_798,chr5A,529293612,0.645563305437336,0.437096774193548,310,0.944773321442079,-0.0231467993731513
wsnp_Ex_c3670_6694480,chr5A,536305605,0.832054377574827,0.116129032258065,310,0.980434074318493,-0.0167044461120227
BS00021805_51,chr5A,536306153,0.847266991936923,0.0935483870967742,310,0.980434074318493,-0.0182664433517772
BS00067676_51,chr5A,555910234,0.107734461879509,0.320967741935484,310,0.800651248318356,0.0842381352248722
BS00065292_51,chr5A,556701936,0.92254651047231,0.324193548387097,310,0.988595103778186,-0.00851974049049886
RFL_Contig2031_2040,chr5A,560134598,0.147600638444502,0.491935483870968,310,0.851731339446211,0.084655273587174
BS00077858_51,chr5A,560556750,0.998922745473444,0.341935483870968,310,0.999488386892172,-7.73311930686305e-05
BS00010179_51,chr5A,560558215,0.347495336840399,0.391935483870968,310,0.895693630978228,-0.0495254473431572
RAC875_c23340_2243,chr5A,560787823,0.441108941410294,0.232258064516129,310,0.908746202374313,-0.0546862067184009
Tdurum_contig71499_211,chr5A,571844070,0.618734831277676,0.179032258064516,310,0.944768200113944,-0.0343311986397481
Ex_c4208_839,chr5A,574186123,0.245703411728445,0.387096774193548,310,0.870624065981587,0.0923464263578921
Excalibur_c54774_408,chr5A,594527080,0.474424400174137,0.435483870967742,310,0.914185294555835,-0.068391750546823
Tdurum_contig50175_875,chr5A,595410894,0.94681722644019,0.356451612903226,310,0.988595103778186,-0.00472196656662049
RFL_Contig316_572,chr5A,596468536,0.499286285880432,0.203225806451613,310,0.927746556942725,-0.054366789095269
Ku_c21235_676,chr5A,619747127,0.29022021733266,0.391935483870968,310,0.888486882529512,-0.0569443577683018
wsnp_Ex_c53426_56666788,chr5A,626963779,0.076727813935469,0.119354838709677,310,0.7564864396327,-0.127454539303294
wsnp_Ex_c16715_25264080,chr5A,634713681,0.635460530377517,0.385483870967742,310,0.944768200113944,-0.0258187537085206
BobWhite_c2830_327,chr5A,658205331,0.208699601270609,0.338709677419355,310,0.862741585119681,0.106297888214584
TA003720-0955,chr5A,658352121,0.234406955837401,0.0725806451612903,310,0.870624065981587,-0.122617538928125
CAP8_rep_c4852_130,chr5A,658544683,0.252238058000715,0.12258064516129,310,0.870624065981587,-0.104723908741278
BS00067351_51,chr5A,672599918,0.357319863804262,0.137096774193548,310,0.895693630978228,0.0746049372960584
CAP11_c2623_196,chr5A,678261079,0.435203625378745,0.285483870967742,310,0.90670347646114,-0.0610457744291182
BobWhite_rep_c63332_67,chr5A,678938518,0.390902389622808,0.269354838709677,310,0.901002605767183,-0.0537663625041773
wsnp_Ra_c25624_35192195,chr5A,682249930,0.37496630436781,0.253225806451613,310,0.901002605767183,0.0674110227556923
BobWhite_c6966_236,chr5A,684113579,0.704078649914515,0.0564516129032258,310,0.967275280998654,0.0494101629492292
CAP12_c956_61,chr5A,685656275,0.446502529373245,0.264516129032258,310,0.909563081413239,0.0622751347815722
wsnp_Ex_c3136_5798185,chr5A,686253587,0.547371361312154,0.259677419354839,310,0.934731651563707,0.0492880697061366
BS00036851_51,chr5A,686258686,0.342273122074124,0.267741935483871,310,0.895693630978228,0.075951985572118
tplb0029a15_1300,chr5A,686258843,0.937281677175814,0.301612903225806,310,0.988595103778186,-0.00587488959519078
Ku_c19516_384,chr5A,688004183,0.319457365112914,0.0516129032258065,310,0.895693630978228,-0.124075028901977
BS00023152_51,chr5A,688483685,0.119949273160106,0.0419354838709677,310,0.826813623166725,0.23103283528755
BS00022864_51,chr5A,701425767,0.214194286739736,0.0193548387096774,310,0.868076386855764,0.27845245805587
BS00034658_51,chr5B,473718,0.541563359327032,0.2,310,0.934731651563707,-0.0394187276788927
IACX7443,chr5B,1565766,0.130594061474518,0.212903225806452,310,0.83007088714199,-0.107636572745577
wsnp_Ex_c214_422365,chr5B,44131996,0.787573964980388,0.0451612903225806,310,0.978627404872569,-0.0312786913202316
Tdurum_contig81708_212,chr5B,45851978,0.218874999094789,0.0225806451612903,310,0.870503379202377,0.209184514896947
BS00045447_51,chr5B,331676966,0.594521613025137,0.433870967741936,310,0.944768200113944,0.0382412779003971
BS00045446_51,chr5B,331676982,0.386282766755738,0.424193548387097,310,0.901002605767183,-0.0509361903524166
BS00023803_51|wsnp_Ex_c8985_14979134,chr5B,354891844,0.276244523524113,0.390322580645161,310,0.887498314667468,-0.0624436548305596
Kukri_c23070_350,chr5B,355139255,0.2714367335328,0.3,310,0.880538241125859,-0.05742743170822
TA008675-0589,chr5B,357771776,0.343379167609408,0.183870967741935,310,0.895693630978228,-0.0865897681587882
BS00002191_51,chr5B,359067842,0.943540576402247,0.37258064516129,310,0.988595103778186,-0.00535484225983396
RAC875_c42518_57,chr5B,359816371,0.25114579212082,0.295161290322581,310,0.870624065981587,0.0853649580719207
wsnp_Ex_c6391_11109898,chr5B,359816662,0.545711924508641,0.408064516129032,310,0.934731651563707,-0.0350147909286989
Kukri_c36789_230,chr5B,360466353,0.184743174502826,0.398387096774194,310,0.853966700058071,-0.0722494476425055
wsnp_Ex_c2132_4006417,chr5B,360525728,0.537871563714479,0.141935483870968,310,0.934731651563707,0.042516870821693
wsnp_Ex_c2132_4004831,chr5B,360528244,0.2495943758188,0.367741935483871,310,0.870624065981587,0.064214595554688
Kukri_c38365_158,chr5B,360535355,0.639086789258108,0.474193548387097,310,0.944768200113944,-0.0274202713855942
BS00070771_51,chr5B,361040947,0.616646269279526,0.154838709677419,310,0.944768200113944,0.0325879889149192
Ex_c5632_778,chr5B,361042376,0.594704140841,0.429032258064516,310,0.944768200113944,-0.0291979243815632
wsnp_Ex_c5632_9904112,chr5B,361042777,0.783485323752501,0.32741935483871,310,0.978627404872569,-0.0162157072047222
Kukri_c17783_58,chr5B,361043921,0.253504343626807,0.341935483870968,310,0.870624065981587,-0.0618070445282797
BS00022086_51,chr5B,361887298,0.231730902538794,0.403225806451613,310,0.870624065981587,-0.0693134684831875
wsnp_Ku_c7199_12444840,chr5B,361887841,0.526717447164708,0.429032258064516,310,0.934731651563707,-0.0346541891937164
RAC875_c47060_61,chr5B,361888806,0.402751580887363,0.109677419354839,310,0.901554819268231,-0.0660030649000234
wsnp_Ex_c40022_47169752,chr5B,361901491,0.288554947992875,0.380645161290323,310,0.888486882529512,-0.071745120355331
wsnp_Ex_c40022_47169698,chr5B,361901545,0.375940378173094,0.235483870967742,310,0.901002605767183,0.0574329377536742
Ex_c40022_873,chr5B,361902277,0.62084376768406,0.411290322580645,310,0.944768200113944,-0.0274372737005564
IAAV3825,chr5B,362344561,0.868504002954893,0.290322580645161,310,0.980434074318493,0.0112825892137352
CAP12_c1419_574,chr5B,367232787,0.984904218891324,0.332258064516129,310,0.99447185987484,-0.00101091871977133
IAAV5873,chr5B,413547967,1.56039156351497e-06,0.154838709677419,310,0.000919070630910317,-0.320981464842223
Excalibur_rep_c110067_199,chr5B,464223005,0.475687482007246,0.0645161290322581,310,0.915264671935554,0.0744985892418626
Ku_c1083_1314,chr5B,479329184,0.183202663958782,0.0516129032258065,310,0.853966700058071,0.154389093187731
RFL_Contig658_1166,chr5B,480565937,0.654390008252273,0.183870967741935,310,0.947016498428965,-0.0304385580029205
Excalibur_c10444_2056,chr5B,480797485,0.535711740141473,0.267741935483871,310,0.934731651563707,-0.0430342101630714
Kukri_rep_c103253_565,chr5B,482345599,0.789692150085217,0.245161290322581,310,0.978627404872569,-0.0167768122423695
Excalibur_c44034_479,chr5B,508433475,0.401177580674909,0.137096774193548,310,0.901554819268231,-0.0868920670990576
BobWhite_c9070_287,chr5B,515089459,0.642520586160658,0.0548387096774194,310,0.944768200113944,-0.0628182590639383
wsnp_Ex_c1314_2513802,chr5B,517063261,0.33192561215103,0.229032258064516,310,0.895693630978228,-0.0705915079949619
Excalibur_c35011_203,chr5B,536861033,0.568640654196969,0.0854838709677419,310,0.941851669063827,-0.0804099958287878
BobWhite_c47456_121,chr5B,536864108,0.695887664666103,0.0532258064516129,310,0.96506774441112,-0.0547105464557518
Tdurum_contig67535_391,chr5B,537083150,0.789448719213802,0.140322580645161,310,0.978627404872569,0.0256219320712034
BS00017264_51,chr5B,550885636,0.0345165687095066,0.0274193548387097,310,0.704421205579219,-0.340655162546511
RAC875_c10139_336,chr5B,550954241,0.0855462930234573,0.433870967741936,310,0.773440466448767,-0.158205752646495
Excalibur_c33675_201,chr5B,551546734,0.601199660531475,0.169354838709677,310,0.944768200113944,-0.0454601760971372
Excalibur_c29928_1264,chr5B,551657746,0.220062644796024,0.0790322580645161,310,0.870503379202377,-0.11740230793329
Ku_c11429_519,chr5B,555007956,0.576469759036248,0.0741935483870968,310,0.942050002070648,-0.0503466657174485
RAC875_c7011_435,chr5B,584376293,0.0544070072271129,0.130645161290323,310,0.740176151750893,-0.190371662479421
RFL_Contig539_1789,chr5B,584793957,0.189010133867306,0.388709677419355,310,0.853966700058071,0.0717982969064224
BobWhite_c11495_120,chr5B,585291153,0.280470084114616,0.437096774193548,310,0.888486882529512,0.0706342644141102
BS00022673_51,chr5B,585345950,0.989634291904649,0.382258064516129,310,0.996294111102066,0.00073573403213345
Kukri_c59540_137,chr5B,587550927,0.802427824698934,0.212903225806452,310,0.978627404872569,-0.0146948621510958
wsnp_Ex_c11265_18216936,chr5B,588628753,0.0356313361181064,0.00967741935483871,310,0.704421205579219,-0.553476759772579
Kukri_c6176_1400,chr5B,589773102,0.502233382576115,0.417741935483871,310,0.927746556942725,-0.0365144510719944
Excalibur_rep_c106165_238,chr5B,592445656,0.45256510015572,0.353225806451613,310,0.910320760562939,0.0411889596840211
Ra_c2216_1449,chr5B,592446577,0.812933902083954,0.398387096774194,310,0.980434074318493,0.0120278712538209
Tdurum_contig10669_1535,chr5B,592493445,0.459951746158665,0.420967741935484,310,0.91039869403602,-0.0464711335965546
BS00080495_51,chr5B,592950186,0.0326921391171209,0.0806451612903226,310,0.704421205579219,-0.201856610371884
tplb0021e12_793,chr5B,593131916,0.411971602603889,0.220967741935484,310,0.902759083044459,0.0564629305927866
tplb0021e12_768,chr5B,593131941,0.122841640098218,0.274193548387097,310,0.828421611696655,-0.112958119732738
BS00021735_51,chr5B,595269513,0.97614515797726,0.4,310,0.992680831229816,-0.00162573007290234
wsnp_Ra_c47696_53184502,chr5B,595269762,0.942918516226923,0.35,310,0.988595103778186,0.00392474744283788
BobWhite_rep_c50349_139,chr5B,596112681,0.71454718720786,0.240322580645161,310,0.970912393142264,-0.0278179938384966
IACX5390,chr5B,596114112,0.917845483212971,0.167741935483871,310,0.988595103778186,-0.00659577753278739
Tdurum_contig13773_321,chr5B,597202829,0.572642309891472,0.0580645161290323,310,0.941851669063827,0.0721463873247785
BS00026678_51,chr5B,598319581,0.01434090181202,0.0645161290322581,310,0.607401898370502,-0.296568909300717
BS00022065_51,chr5B,604865232,0.545246825081571,0.148387096774194,310,0.934731651563707,-0.0478201705752923
Tdurum_contig43078_437,chr5B,605003201,0.0191851684849053,0.262903225806452,310,0.678003854256553,-0.174390151778084
Tdurum_contig70554_1006,chr5B,605128793,0.183898962003825,0.129032258064516,310,0.853966700058071,-0.105011115210324
Tdurum_contig68741_839,chr5B,611698146,0.572715453209255,0.435483870967742,310,0.941851669063827,0.046093276932595
Kukri_c10508_438,chr5B,618183711,0.250182044512424,0.467741935483871,310,0.870624065981587,0.0580053505495215
BobWhite_c22036_399,chr5B,618185783,0.351225087996682,0.479032258064516,310,0.895693630978228,-0.0491365006295155
Tdurum_contig50731_961,chr5B,618774147,0.884009841378705,0.0709677419354839,310,0.980434074318493,-0.0162810592033935
wsnp_Ku_c25613_35580381,chr5B,618891524,0.036160773006217,0.491935483870968,310,0.704421205579219,-0.111046595959436
wsnp_Ex_c11070_17950604,chr5B,619349569,0.155603617585013,0.114516129032258,310,0.851731339446211,0.109632968061966
wsnp_JD_c6562_7716133,chr5B,621039177,0.68802335599018,0.475806451612903,310,0.960025860822822,-0.0209652956727808
BS00065029_51,chr5B,621040275,0.500907563246974,0.469354838709677,310,0.927746556942725,-0.0353977990842793
Tdurum_contig82473_67,chr5B,621864049,0.80615228049389,0.469354838709677,310,0.978627404872569,0.0133698583697424
Tdurum_contig51422_127,chr5B,622274830,0.578265018773956,0.108064516129032,310,0.94245252678881,0.0563242000236528
Tdurum_contig94033_717,chr5B,623081019,0.0438516541038967,0.0274193548387097,310,0.724167035528837,0.320837336583914
BS00037104_51,chr5B,623426098,0.860431183847463,0.0225806451612903,310,0.980434074318493,0.0307382779024508
RAC875_rep_c91630_132,chr5B,623589269,0.567900808745672,0.266129032258065,310,0.941851669063827,0.0425125338112053
wsnp_Ku_rep_c102339_89347150,chr5B,623952830,0.655502015199002,0.391935483870968,310,0.947672166096893,0.0228335043520076
Tdurum_contig5017_1015,chr5B,634799117,0.829094859178586,0.483870967741935,310,0.980434074318493,0.0105290005325145
Tdurum_contig27843_375,chr5B,635941324,0.636428878269851,0.190322580645161,310,0.944768200113944,0.0293174457895873
Tdurum_contig29090_280,chr5B,636022907,0.377989803585716,0.112903225806452,310,0.901002605767183,-0.0885774232156962
Kukri_rep_c72756_155,chr5B,636023245,0.114000627340985,0.0580645161290323,310,0.805756434046082,0.16419381967787
RAC875_rep_c109658_614,chr5B,636023548,0.0935776408447294,0.375806451612903,310,0.773440466448767,-0.114130546274936
RAC875_rep_c109658_382,chr5B,636023780,0.42611580074117,0.454838709677419,310,0.904983918160633,0.0389212754499226
RAC875_c48052_127,chr5B,636023819,0.249884106667459,0.438709677419355,310,0.870624065981587,-0.063237284298765
Excalibur_c1925_2569,chr5B,636028611,0.356154905562665,0.496774193548387,310,0.895693630978228,-0.0472450266771745
wsnp_Ra_c12489_19996904,chr5B,636043554,0.752157154748724,0.459677419354839,310,0.977698860305626,-0.016808722669424
Kukri_c4096_220,chr5B,657268199,0.827631174064209,0.401612903225806,310,0.980434074318493,-0.0119388694090219
wsnp_Ku_c1045_2115866,chr5B,660297335,0.498787043074998,0.424193548387097,310,0.927746556942725,0.035157429370841
Tdurum_contig35470_227,chr5B,660870053,0.668515267168513,0.317741935483871,310,0.956276631921383,0.0240169567333197
Excalibur_c45488_148|wsnp_Ex_c11951_19164786,chr5B,664566617,0.394884438928931,0.345161290322581,310,0.901002605767183,0.047807642042045
Tdurum_contig8210_317,chr5B,665696229,0.641450191717579,0.417741935483871,310,0.944768200113944,-0.0246016374310614
BS00062618_51,chr5B,674914454,0.6463424818098,0.425806451612903,310,0.944773321442079,-0.0245184809709116
RAC875_c13208_684,chr5B,676679683,0.835316914154232,0.351612903225806,310,0.980434074318493,-0.0188061716854122
BS00069416_51,chr5B,681763131,0.808091141299293,0.441935483870968,310,0.979002700047056,-0.0303408716491163
Excalibur_c6785_155,chr5B,687835981,0.138155417934393,0.0983870967741935,310,0.84484116209351,-0.162797432035205
RFL_Contig5616_1779,chr5B,689325399,0.183012430347966,0.0758064516129032,310,0.853966700058071,-0.140441002246568
Excalibur_c2618_1723,chr5B,690479072,0.216394088299605,0.258064516129032,310,0.870503379202377,-0.0781934955297032
BS00031338_51,chr5B,690681816,0.871566669884413,0.0645161290322581,310,0.980434074318493,-0.0159256848306839
BS00031339_51,chr5B,690681819,0.657969263522252,0.435483870967742,310,0.947672166096893,-0.0218709166921087
Excalibur_c23801_115,chr5B,693423394,0.297537851717767,0.0467741935483871,310,0.8940875944891,-0.127649118129433
Kukri_c18410_409,chr5B,695863508,0.498657748805363,0.0580645161290323,310,0.927746556942725,-0.0786082851666237
Excalibur_c146_170,chr5B,695866220,0.2515836556724,0.382258064516129,310,0.870624065981587,-0.0935242850538884
RFL_Contig3285_1009,chr5B,697225030,0.18675326617238,0.230645161290323,310,0.853966700058071,-0.0913841869002852
BobWhite_c3488_386,chr5B,697225666,0.231109050537199,0.0338709677419355,310,0.870624065981587,-0.170837883067691
RAC875_c79095_311,chr5B,697237337,0.254239964938596,0.0483870967741935,310,0.870624065981587,-0.140094693145045
Excalibur_c34579_263,chr5B,698719268,0.113984008179774,0.211290322580645,310,0.805756434046082,-0.0942729359731658
RAC875_rep_c106589_650,chr5B,703925182,0.0661843984021738,0.05,310,0.740176151750893,-0.213193830219602
BobWhite_rep_c49751_629,chr5B,703927108,0.378317124437006,0.0774193548387097,310,0.901002605767183,-0.100381924125713
Tdurum_contig92922_58,chr5B,703927864,0.13729807844529,0.0951612903225806,310,0.84484116209351,-0.125634682875976
Excalibur_rep_c106082_272,chr5B,704447399,0.0381338786211349,0.124193548387097,310,0.704421205579219,0.21153668258917
Tdurum_contig43552_666,chr5B,709702508,0.484489314227087,0.1,310,0.922513597240584,0.0590685786509297
Excalibur_c19267_919,chr5D,47392052,0.330981394921833,0.383870967741935,310,0.895693630978228,0.0673530409490581
RAC875_c44064_222,chr5D,47833988,0.0705983561713951,0.183870967741935,310,0.742613657904646,0.130576369625459
RAC875_rep_c117371_229,chr5D,47865033,0.248185335570047,0.167741935483871,310,0.870624065981587,0.0891260584639753
Excalibur_c4964_275,chr5D,47905988,0.0682409753855207,0.253225806451613,310,0.742613657904646,0.125452006099493
Excalibur_c37393_75,chr5D,48034868,0.417166109514975,0.185483870967742,310,0.902759083044459,0.0619098748736633
D_GBF1XID01A16U2_148,chr5D,48284437,0.548447411078781,0.196774193548387,310,0.934731651563707,0.0424294415328887
BobWhite_c836_422,chr5D,48382226,0.656722710487232,0.162903225806452,310,0.947672166096893,0.0331919598212949
Kukri_c20991_1642,chr5D,49030455,0.809075515653834,0.193548387096774,310,0.979203038465975,0.0166920424385779
BobWhite_c1372_133,chr5D,79000474,0.458578538674653,0.454838709677419,310,0.91039869403602,0.0525262117552643
RAC875_c51455_182,chr5D,83067414,0.421721826358426,0.187096774193548,310,0.904467004863931,0.059193994672583
BobWhite_c7263_337,chr5D,389145327,0.0044091694233696,0.0854838709677419,310,0.45212569701621,-0.295005626257762
Kukri_c15380_902,chr5D,449241634,0.595155836432504,0.0790322580645161,310,0.944768200113944,-0.0535861538666609
Kukri_c52028_104,chr5D,449246885,0.957498512551915,0.082258064516129,310,0.988595103778186,-0.00593275200063204
BS00067651_51,chr5D,526369070,0.75536170046211,0.279032258064516,310,0.977819871587215,-0.0184181779919044
BS00022699_51,chr5D,536839579,0.498763666518759,0.291935483870968,310,0.927746556942725,-0.0416397811848555
wsnp_Ku_c44483_51751682,chr5D,545209817,0.78121412242582,0.187096774193548,310,0.978627404872569,-0.0233713537511875
D_GB5Y7FA02JRQ1I_101,chr5D,545275332,0.129305899677411,0.187096774193548,310,0.83007088714199,-0.10393339561314
Excalibur_rep_c109856_92,chr5D,545569446,0.0971301409432554,0.161290322580645,310,0.773440466448767,-0.111459845947543
wsnp_Ku_c10877_17896883,chr5D,545604103,0.519142651489108,0.0887096774193548,310,0.934193931868489,-0.0613466569658385
wsnp_Ex_c23618_32855041,chr5D,547984486,0.367099172171714,0.0983870967741935,310,0.898426921367617,-0.085537484311061
BobWhite_c13030_406,chr5D,548813910,0.290380889145003,0.140322580645161,310,0.888486882529512,-0.0948706989222501
tplb0030a05_2386,chr5D,549987853,0.597703791520259,0.216129032258065,310,0.944768200113944,-0.0367343403758156
Excalibur_c1289_927,chr5D,549987983,0.957983547530556,0.193548387096774,310,0.988595103778186,-0.0047642249370341
JD_c825_1450,chr5D,549988825,0.792074639972131,0.17741935483871,310,0.978627404872569,0.0217706699309161
CAP7_c756_531,chr5D,550021324,0.405269661450597,0.348387096774194,310,0.901554819268231,-0.0616420901921515
BS00079676_51,chr5D,551738077,0.983325992752939,0.317741935483871,310,0.99447185987484,0.00125589768340717
RAC875_c13169_459,chr5D,551738684,0.0707698424983965,0.190322580645161,310,0.742613657904646,-0.138515292235041
wsnp_JD_c4438_5568170,chr5D,551781233,0.365166999155058,0.287096774193548,310,0.897265489376611,-0.0500530134619765
wsnp_JD_c4438_5567972,chr5D,551781431,0.802895573449408,0.238709677419355,310,0.978627404872569,-0.0174708803868526
wsnp_JD_c4438_5567834,chr5D,551781569,0.62182896683541,0.329032258064516,310,0.944768200113944,0.0289279185696643
Kukri_c24695_273,chr5D,551867050,0.040517049034859,0.193548387096774,310,0.704421205579219,-0.175346112987981
Excalibur_c28592_377,chr5D,551967239,0.311541621935731,0.129032258064516,310,0.895693630978228,0.0762796825901901
Excalibur_c2795_1518,chr5D,551978729,0.873102812928997,0.119354838709677,310,0.980434074318493,0.0154242880382895
BS00022036_51,chr5D,552346597,0.843110684141409,0.319354838709677,310,0.980434074318493,-0.0116234206870445
wsnp_Ex_c17928_26697183,chr5D,553003074,0.877124392829171,0.256451612903226,310,0.980434074318493,-0.00989214482160605
wsnp_Ku_c3022_5674299,chr5D,553003948,0.280397817405792,0.319354838709677,310,0.888486882529512,-0.0600655774130985
BobWhite_c16578_171,chr5D,553257760,0.494102603220114,0.191935483870968,310,0.927746556942725,0.0435549200743566
RAC875_c50750_234,chr5D,553260475,0.930513113803041,0.237096774193548,310,0.988595103778186,0.00500880107436075
Excalibur_rep_c104791_725|wsnp_Ku_c5228_9318604,chr5D,553274247,0.73948025536329,0.164516129032258,310,0.977698860305626,-0.0222149524607431
D_GCE8AKX02IXEFJ_281,chr5D,553624145,0.154887039733177,0.0725806451612903,310,0.851731339446211,-0.169788065155331
Excalibur_c50584_358,chr5D,554264007,0.733919684954913,0.146774193548387,310,0.977698860305626,0.0254218112138531
RAC875_c31971_336,chr5D,554540351,0.0511661129819458,0.269354838709677,310,0.732239723131283,0.125915144687241
wsnp_Ra_c40111_47657505,chr5D,555172657,0.545565887124563,0.137096774193548,310,0.934731651563707,0.0546526170928132
wsnp_Ku_rep_c101796_88894110,chr5D,555173572,0.549373738753391,0.354838709677419,310,0.934731651563707,0.0320281744967019
BS00009287_51,chr5D,555174959,0.88111722642588,0.0806451612903226,310,0.980434074318493,-0.0197488489843352
BS00084133_51,chr5D,555175675,0.97591219603301,0.0774193548387097,310,0.992680831229816,0.00365495867207244
BS00022267_51,chr5D,555190420,0.717408179305473,0.146774193548387,310,0.971362265098973,-0.0277468582929998
BS00074353_51,chr5D,555565394,0.411050938288437,0.124193548387097,310,0.902759083044459,-0.0718559080354169
BS00075368_51,chr5D,555586190,0.675391881010525,0.145161290322581,310,0.956276631921383,-0.0321178930817467
BS00025017_51,chr5D,555697773,0.77352836369945,0.156451612903226,310,0.978627404872569,-0.0212235972208674
RAC875_c3672_705,chr5D,557354151,0.641681122178795,0.2,310,0.944768200113944,0.0337941187122226
D_contig27392_286|Kukri_c6412_124,chr5D,557425850,0.621191063070103,0.0774193548387097,310,0.944768200113944,-0.0442507553714151
GENE-2281_931,chr5D,558361985,0.905709432897799,0.346774193548387,310,0.98850436561483,-0.0116561120301526
RAC875_c93365_200,chr5D,562060883,0.163223572228737,0.32258064516129,310,0.851731339446211,0.0787500878726206
BS00011935_51,chr5D,562252120,0.99135306309076,0.32741935483871,310,0.996294111102066,-0.000718359143149883
BS00094333_51,chr5D,562252514,0.253566735758541,0.32258064516129,310,0.870624065981587,0.0750617270931997
D_GDS7LZN02F4FP5_176,chr5D,562289685,0.670379290688559,0.459677419354839,310,0.956276631921383,-0.0271545938133499
BS00010322_51,chr5D,562558071,0.79044477030802,0.0354838709677419,310,0.978627404872569,0.0369365925845528
tplb0031c19_924,chr5D,562593253,0.633097128720893,0.312903225806452,310,0.944768200113944,0.0307459558340781
RAC875_c8100_245,chr5D,562835131,0.208102447398576,0.348387096774194,310,0.862741585119681,0.080356404785789
wsnp_Ex_c11055_17928283,chr5D,564030767,0.281188556871738,0.0435483870967742,310,0.888486882529512,-0.151931207932556
wsnp_Ex_c11055_17927692,chr5D,564031713,0.907317463115328,0.0467741935483871,310,0.988595103778186,-0.0149113333276745
BS00070751_51,chr5D,564411054,0.850753735816032,0.374193548387097,310,0.980434074318493,0.0114832050973348
BS00021991_51,chr5D,564416759,0.446440762029948,0.304838709677419,310,0.909563081413239,0.051544936540509
BS00085191_51,chr5D,564417082,0.331854058677236,0.316129032258064,310,0.895693630978228,0.0615336650096623
BobWhite_c47158_89,chr5D,564444102,0.309856420231353,0.316129032258064,310,0.895693630978228,0.0649268889789312
wsnp_Ex_c6657_11523455,chr5D,564972428,0.586038783566727,0.295161290322581,310,0.94245252678881,0.0322380401600384
RAC875_c3988_3479,chr5D,565042995,0.719930830535941,0.145161290322581,310,0.972567108224012,-0.025697824309276
Excalibur_c33062_305,chr5D,565149017,0.583109514685255,0.109677419354839,310,0.94245252678881,0.044055011683426
Excalibur_c19430_1066,chr6A,853287,0.137748858716575,0.393548387096774,310,0.84484116209351,-0.132891931794404
RAC875_c13610_822,chr6A,856118,0.381135675364505,0.246774193548387,310,0.901002605767183,0.057495302684103
Kukri_c7146_870,chr6A,1179961,0.0138099725897868,0.412903225806452,310,0.607401898370502,0.125991989875601
Kukri_c8500_728,chr6A,1371862,0.800856866918618,0.404838709677419,310,0.978627404872569,-0.014552028935185
Tdurum_contig44853_1083,chr6A,1381461,0.531537234749627,0.280645161290323,310,0.934731651563707,0.0349067722623317
RAC875_c6135_95,chr6A,3392250,0.38148744024777,0.267741935483871,310,0.901002605767183,0.0566128933306516
BobWhite_rep_c52979_181,chr6A,5330053,0.286060622219954,0.346774193548387,310,0.888486882529512,-0.0547672664339132
Excalibur_c431_1130,chr6A,6284330,0.252583342643635,0.246774193548387,310,0.870624065981587,0.0705753180452149
Tdurum_contig12045_868,chr6A,6284606,0.0893798383934594,0.148387096774194,310,0.773440466448767,0.138245331257224
wsnp_Ex_c431_848217,chr6A,6284933,0.968537232754251,0.141935483870968,310,0.991274427837528,-0.00332461360640934
TA005787-0140,chr6A,6305743,0.64177605725878,0.212903225806452,310,0.944768200113944,0.0311637068160593
RFL_Contig5170_330,chr6A,7488477,0.448347166899226,0.461290322580645,310,0.909563081413239,-0.0670770186309824
Kukri_c3009_1374,chr6A,7492582,0.480537535215851,0.362903225806452,310,0.917956567271793,-0.0650274003991456
IAAV9150,chr6A,7492910,0.451617526678575,0.180645161290323,310,0.910320760562939,0.0564267069103721
BobWhite_c13779_636,chr6A,10477021,0.835079539640548,0.225806451612903,310,0.980434074318493,-0.0175919764728434
wsnp_Ex_c9779_16145653,chr6A,10757488,0.292088330623378,0.480645161290323,310,0.888486882529512,-0.0565512785298381
Kukri_c21443_482,chr6A,14518123,0.566852016663596,0.47741935483871,310,0.941851669063827,-0.0389181442276936
Excalibur_c8197_381,chr6A,19116006,0.338730720917205,0.0548387096774194,310,0.895693630978228,-0.107661668156787
RAC875_c45444_883,chr6A,21672758,0.432619807827495,0.0596774193548387,310,0.90670347646114,0.100410289116169
Tdurum_contig9544_2233,chr6A,31858297,0.0380653437234952,0.175806451612903,310,0.704421205579219,-0.163897180082131
TA001668-0792,chr6A,32055395,0.578086196302862,0.154838709677419,310,0.94245252678881,-0.0397611519122449
BS00076530_51,chr6A,32106332,0.174968652551866,0.25,310,0.851731339446211,-0.102347276047112
BS00063990_51,chr6A,47790264,0.294368737109231,0.345161290322581,310,0.888486882529512,-0.0852757628998688
wsnp_Ex_c15378_23639387,chr6A,48436676,0.35104019317687,0.438709677419355,310,0.895693630978228,-0.0472706224828698
Tdurum_contig17126_1477,chr6A,59543545,0.345033445057927,0.430645161290323,310,0.895693630978228,0.0735104632239256
BobWhite_c18017_209,chr6A,60193545,0.765622460971237,0.438709677419355,310,0.978627404872569,0.0377670622932555
IAAV2681,chr6A,72679186,0.356929288632389,0.217741935483871,310,0.895693630978228,-0.0806778754414097
Ra_c28284_223,chr6A,76531998,0.868920681776036,0.374193548387097,310,0.980434074318493,0.0094346292039944
Kukri_c14418_2376,chr6A,518727439,0.167565697850799,0.0935483870967742,310,0.851731339446211,0.170381789683645
wsnp_Ku_c4296_7807837,chr6A,520757834,0.70291377132375,0.403225806451613,310,0.967275280998654,0.0220327902861044
wsnp_JD_c10969_11530496,chr6A,520918877,0.740163925943759,0.483870967741935,310,0.977698860305626,0.0195907598648262
wsnp_JD_c3839_4902725,chr6A,520965138,0.835932773227961,0.190322580645161,310,0.980434074318493,0.0199448848301671
RAC875_c7560_398,chr6A,522646901,0.0718658378617399,0.185483870967742,310,0.742613657904646,0.172985660936874
wsnp_Ex_c8741_14630167,chr6A,522657633,0.802639619695135,0.306451612903226,310,0.978627404872569,0.0180832958865125
wsnp_JD_rep_c48797_33040150,chr6A,522657674,0.555633025053374,0.206451612903226,310,0.934731651563707,0.0531848628091751
BS00063215_51,chr6A,524104335,0.631723459322657,0.270967741935484,310,0.944768200113944,-0.0268294847931685
IAAV5035|wsnp_CAP12_c1226_628910,chr6A,524873532,0.629170879586277,0.27741935483871,310,0.944768200113944,0.0325476793168633
BS00065633_51,chr6A,526232270,0.740561515612744,0.469354838709677,310,0.977698860305626,0.020528217472247
BS00074754_51,chr6A,528369319,0.13305398673222,0.398387096774194,310,0.842675249304062,0.0849961168739384
BS00037223_51,chr6A,528565875,0.872379900358608,0.398387096774194,310,0.980434074318493,0.00932922440415496
Ku_c18430_1287,chr6A,529666950,0.636213213052001,0.367741935483871,310,0.944768200113944,0.0278116876006465
RAC875_c691_1486,chr6A,530666612,0.647313002434241,0.375806451612903,310,0.944773321442079,0.0275081110035984
BS00010780_51,chr6A,530669193,0.31460163856706,0.4,310,0.895693630978228,0.0575777252107059
Kukri_c19612_514,chr6A,530784353,0.712992545438412,0.387096774193548,310,0.970614659314079,0.0210309786721297
BS00028263_51,chr6A,532025818,0.93624728907897,0.395161290322581,310,0.988595103778186,-0.00459372823904403
BS00087447_51,chr6A,532779860,0.780146215544502,0.393548387096774,310,0.978627404872569,0.0149163425693359
wsnp_BE490147A_Ta_2_1,chr6A,539626421,0.0513852437285111,0.225806451612903,310,0.732239723131283,0.133902653040366
CAP8_rep_c9395_153,chr6A,540211451,0.109804946738606,0.214516129032258,310,0.80457466559444,0.108658073714437
wsnp_Ex_rep_c86110_78630016,chr6A,546248727,0.455335214233162,0.211290322580645,310,0.910320760562939,0.0496895436557026
BS00072216_51,chr6A,549119737,0.167687378214856,0.195161290322581,310,0.851731339446211,0.0997770555352275
Kukri_c19802_710,chr6A,552338674,0.87745989413915,0.267741935483871,310,0.980434074318493,-0.0118107510969452
wsnp_RFL_Contig3136_3092151,chr6A,561390593,0.806018339007654,0.211290322580645,310,0.978627404872569,-0.0210256273734188
wsnp_BE495143A_Ta_2_2,chr6A,578284241,0.0236540277451446,0.196774193548387,310,0.700590579508689,0.148611133816615
BS00062781_51,chr6A,578284926,0.041536117516599,0.195161290322581,310,0.705714612036831,0.129135720060226
Excalibur_c10372_1256,chr6A,583458047,0.0280530004877024,0.120967741935484,310,0.704421205579219,0.173392960971427
Tdurum_contig29357_338,chr6A,592907982,0.0640792367610309,0.141935483870968,310,0.740176151750893,-0.145791133761577
wsnp_Ex_c20457_29526403,chr6A,594560074,0.74927753817377,0.15,310,0.977698860305626,-0.0242138807134751
wsnp_Ex_c20457_29526260,chr6A,594560217,0.1640213259554,0.106451612903226,310,0.851731339446211,-0.111302877082856
RFL_Contig1715_631,chr6A,595459929,0.464090346061202,0.159677419354839,310,0.912102406053892,-0.0580491473723157
RFL_Contig6053_3082,chr6A,596082476,0.402631432380354,0.0548387096774194,310,0.901554819268231,-0.109840919866301
Tdurum_contig46670_1680,chr6A,597608897,0.526388819660535,0.017741935483871,310,0.934731651563707,-0.148156031311274
RAC875_c1998_2067,chr6A,597610510,0.328083026377462,0.0516129032258065,310,0.895693630978228,0.107542697341195
Tdurum_contig33799_172,chr6A,599763478,0.271007675451871,0.208064516129032,310,0.880538241125859,-0.0737317938834252
wsnp_Ra_c11651_18855691,chr6A,602037120,0.902088194342144,0.179032258064516,310,0.987602130980525,0.00913694436940204
RAC875_c15525_271,chr6A,603916407,0.804301249157009,0.309677419354839,310,0.978627404872569,-0.0165042509762827
Excalibur_c25390_2483,chr6A,604252528,0.702314155933476,0.301612903225806,310,0.967275280998654,-0.0220029690573256
RAC875_c38488_164,chr6A,604394245,0.210436685447981,0.116129032258065,310,0.862741585119681,-0.110044814653776
Tdurum_contig30953_142,chr6A,604395580,0.905529024409422,0.116129032258065,310,0.98850436561483,0.010717503834357
Excalibur_c79991_552,chr6A,606064043,0.970517691091637,0.496774193548387,310,0.991274427837528,-0.00180370445536937
D_GDEEGVY02GMZ4L_337,chr6A,606943130,0.249802223580442,0.362903225806452,310,0.870624065981587,-0.0684736617317867
RFL_Contig5262_1500,chr6A,608640995,0.438245050532231,0.191935483870968,310,0.908038284227528,-0.0522298069678442
BS00034337_51,chr6A,609188436,0.768830007807899,0.330645161290323,310,0.978627404872569,-0.0150925455866258
BobWhite_c10832_1131,chr6A,609602209,0.272166928193944,0.293548387096774,310,0.880538241125859,-0.0754675772394791
Tdurum_contig83087_104,chr6A,610598464,0.962953948404809,0.124193548387097,310,0.988595103778186,0.0037940506197458
Kukri_rep_c70558_246,chr6A,614102014,0.709432031275727,0.287096774193548,310,0.968307673387707,0.021161695819643
tplb0050d17_1401,chr6A,614416275,0.808279396595043,0.0483870967741935,310,0.979002700047056,-0.0271298547422347
BobWhite_c27364_124,chr6A,614732976,0.645014170297262,0.274193548387097,310,0.944773321442079,0.038471358250689
Kukri_c494_1479,chr6A,616792479,0.277121798859814,0.196774193548387,310,0.888486882529512,0.0687931641570998
Excalibur_c5082_158,chr6A,619345299,0.251332591844694,0.495161290322581,310,0.870624065981587,0.054173841913979
IAAV1761,chr6B,4340062,0.949046770478932,0.141935483870968,310,0.988595103778186,-0.00427602953534745
Tdurum_contig61178_618,chr6B,4557815,0.895056536647932,0.232258064516129,310,0.982948974677996,-0.0123984946543487
RFL_Contig2424_2617,chr6B,5579542,0.371009637934059,0.117741935483871,310,0.901002605767183,0.0690127264391691
Kukri_c21405_2131,chr6B,5581925,0.632359816800869,0.193548387096774,310,0.944768200113944,0.030638611320299
Ex_c16090_1439,chr6B,7226097,0.219349734996795,0.137096774193548,310,0.870503379202377,0.0900862719368973
Tdurum_contig32779_217,chr6B,9654099,0.751850398246761,0.0629032258064516,310,0.977698860305626,0.0332345071150186
RFL_Contig3110_2172,chr6B,17158086,0.374979713789443,0.390322580645161,310,0.901002605767183,-0.0616239891390649
Excalibur_c50559_622,chr6B,17275679,0.84606439260555,0.154838709677419,310,0.980434074318493,0.0196684521606869
wsnp_Ex_c702_1383612,chr6B,21203244,0.740456061576712,0.470967741935484,310,0.977698860305626,-0.0180116211027865
Kukri_rep_c104879_103,chr6B,40166798,0.230084986681136,0.0661290322580645,310,0.870624065981587,-0.119319887388521
Tdurum_contig9612_971,chr6B,40407602,0.788520011274645,0.437096774193548,310,0.978627404872569,0.0142143676785906
RAC875_c92963_773,chr6B,41395152,0.291595291120004,0.166129032258065,310,0.888486882529512,0.094483508423437
Excalibur_rep_c76289_85,chr6B,41657316,0.108638267005186,0.217741935483871,310,0.800651248318356,-0.107850298448611
RAC875_c26450_575,chr6B,41657660,0.213994697208049,0.293548387096774,310,0.868076386855764,-0.0748825877312811
BS00100307_51,chr6B,41872065,0.467382871093666,0.317741935483871,310,0.912558600245865,-0.0398011106867102
BS00090070_51,chr6B,41931523,0.880086488206067,0.109677419354839,310,0.980434074318493,0.0128122884302684
Kukri_c35255_1234,chr6B,41947726,0.169840188568762,0.32258064516129,310,0.851731339446211,-0.0686508370163068
Tdurum_contig43092_876,chr6B,41948125,0.885921770987883,0.220967741935484,310,0.981456908674351,0.00948195106695948
Kukri_rep_c103613_253,chr6B,41949545,0.922534197573177,0.138709677419355,310,0.988595103778186,-0.00693353368640715
Kukri_c61725_362,chr6B,42487282,0.978649308035391,0.190322580645161,310,0.992694217737391,0.00172121679624127
RAC875_c13920_836,chr6B,42779478,0.997680473603118,0.353225806451613,310,0.998810989720515,0.000159486436800194
IACX6023,chr6B,43274391,0.586164132271283,0.193548387096774,310,0.94245252678881,-0.0499385362740554
Tdurum_contig61150_752,chr6B,61999322,0.882708475379849,0.0790322580645161,310,0.980434074318493,0.0142512550533311
Tdurum_contig58200_210,chr6B,91788342,0.595084633875341,0.47258064516129,310,0.944768200113944,0.0282985233837678
Tdurum_contig13901_55,chr6B,91911452,0.780334415520602,0.32741935483871,310,0.978627404872569,-0.0146407037495777
wsnp_Ex_c7907_13427724,chr6B,121827975,0.470377491643672,0.193548387096774,310,0.912727979873224,0.0697606366781827
wsnp_Ex_c12577_20022294,chr6B,134856731,0.454983566126301,0.117741935483871,310,0.910320760562939,-0.0708470513445434
Tdurum_contig41980_2722,chr6B,140447863,0.386772078716167,0.409677419354839,310,0.901002605767183,-0.0461643303977581
Tdurum_contig41980_1727,chr6B,140449098,0.742498615014174,0.42258064516129,310,0.977698860305626,-0.0168761633799477
Tdurum_contig41980_619,chr6B,140450206,0.401036042282768,0.379032258064516,310,0.901554819268231,0.0448573775539387
BS00003214_51,chr6B,146559912,0.634069681318264,0.293548387096774,310,0.944768200113944,0.0282512560340535
Tdurum_contig6121_947,chr6B,159494753,0.437404848955765,0.0483870967741935,310,0.908038284227528,-0.0942250858085956
CAP8_c1678_709,chr6B,163564152,0.064759396644132,0.345161290322581,310,0.740176151750893,0.10159281582699
BobWhite_c47659_100,chr6B,168506828,0.0656611012687029,0.0629032258064516,310,0.740176151750893,-0.214285822302806
RAC875_c81264_124,chr6B,175045985,0.764358241978267,0.42258064516129,310,0.978627404872569,-0.0156176269702826
BobWhite_c10140_297,chr6B,176030131,0.329525684374311,0.0806451612903226,310,0.895693630978228,-0.0998775418506455
wsnp_Ra_c57648_59682822,chr6B,185173497,0.185677544399893,0.0725806451612903,310,0.853966700058071,-0.138481281953517
wsnp_CAP8_c1530_885118,chr6B,189339270,0.347648352814364,0.409677419354839,310,0.895693630978228,0.0482366987935166
Kukri_rep_c69660_52,chr6B,189876876,0.2217537505555,0.348387096774194,310,0.870503379202377,0.0658307102367814
BS00058305_51,chr6B,206629051,0.761732024192154,0.0564516129032258,310,0.978627404872569,-0.0356914612506216
Ra_c17795_425,chr6B,206630635,0.0645874318710191,0.380645161290323,310,0.740176151750893,0.0979239977008319
BobWhite_c17750_568,chr6B,211707872,0.243331992538284,0.379032258064516,310,0.870624065981587,0.0611251159322421
Kukri_c66543_712,chr6B,228095587,0.704734007532131,0.319354838709677,310,0.967275280998654,0.0284942771942696
Excalibur_c28771_400,chr6B,232184408,0.327693587461008,0.158064516129032,310,0.895693630978228,0.062950286898797
BobWhite_c10852_309,chr6B,235052954,0.969230936503136,0.225806451612903,310,0.991274427837528,-0.00233843527505684
Kukri_c44940_117,chr6B,273623097,0.407405815622959,0.0693548387096774,310,0.902759083044459,-0.0877268044754516
RAC875_c7110_2706,chr6B,277610928,0.192207372462072,0.082258064516129,310,0.853966700058071,-0.130461774315314
D_GBB4FNX01BO9N8_336,chr6B,284509623,0.0986447279401872,0.0903225806451613,310,0.773742327352008,-0.157950382440724
BS00026203_51,chr6B,305885219,0.149310414996601,0.0983870967741935,310,0.851731339446211,-0.114015930329622
wsnp_Ex_c16446_24946990,chr6B,318373853,0.572088392068688,0.0612903225806452,310,0.941851669063827,-0.0654626450091342
Excalibur_c7823_397,chr6B,323148501,0.208299827488633,0.0870967741935484,310,0.862741585119681,-0.129657676125113
Ku_c47744_1073,chr6B,425174896,0.0698860076381992,0.183870967741935,310,0.742613657904646,0.150657660354312
BobWhite_c11301_226,chr6B,447219599,0.251298422876079,0.388709677419355,310,0.870624065981587,0.0615294562163342
Ex_c1145_552,chr6B,456101999,0.841404523361017,0.280645161290323,310,0.980434074318493,0.0145745754042963
RAC875_c64560_111,chr6B,456103535,0.709310830455105,0.245161290322581,310,0.968307673387707,-0.0305585321145969
BS00067073_51,chr6B,459086682,0.077993858108496,0.0919354838709677,310,0.7564864396327,-0.164558002791807
BS00073906_51,chr6B,472040473,0.317068053020276,0.0758064516129032,310,0.895693630978228,-0.113258531546101
RAC875_c6431_1012,chr6B,487244663,0.316965044363335,0.0774193548387097,310,0.895693630978228,-0.108408582662179
wsnp_BE591931B_Ta_2_2,chr6B,529149473,0.364206811832937,0.109677419354839,310,0.897265489376611,0.095628996502171
wsnp_JD_c34368_25929293,chr6B,553778886,0.318020224710537,0.475806451612903,310,0.895693630978228,-0.0702489045456218
Tdurum_contig44173_792,chr6B,560781552,0.648865003493617,0.0564516129032258,310,0.944773321442079,0.0540511131574561
RFL_Contig4251_851,chr6B,602793525,0.316821362842527,0.067741935483871,310,0.895693630978228,0.107122924441171
RAC875_c13216_111,chr6B,630446803,0.912881372603873,0.325806451612903,310,0.988595103778186,-0.00812026952294786
Tdurum_contig76997_244,chr6B,630755690,0.0585738402779079,0.359677419354839,310,0.740176151750893,0.104628971414357
Tdurum_contig76997_462,chr6B,630755908,0.349426601914644,0.401612903225806,310,0.895693630978228,0.0512656694097018
BS00023050_51|Tdurum_contig76997_664,chr6B,630756109,0.273592559912505,0.369354838709677,310,0.880579332177407,0.0628332798357008
BS00022599_51,chr6B,632282933,0.00884864206248057,0.254838709677419,310,0.521185017480106,0.164340648056793
Kukri_rep_c68504_1403,chr6B,635965377,0.0759757517518407,0.141935483870968,310,0.7564864396327,0.137061736753786
BobWhite_rep_c53133_385,chr6B,647372358,0.112011582404889,0.12741935483871,310,0.80457466559444,0.129574688540465
CAP7_rep_c12929_169,chr6B,650812725,0.685032689234952,0.275806451612903,310,0.959126736249886,0.0309954961613101
Tdurum_contig53779_1074,chr6B,652161389,0.855970669419384,0.295161290322581,310,0.980434074318493,-0.0132945885890194
wsnp_BE637911B_Ta_2_2,chr6B,652162564,0.980275171314363,0.256451612903226,310,0.993203112220458,0.00149484864360261
wsnp_BE637911B_Ta_2_1,chr6B,652162812,0.925798664574564,0.304838709677419,310,0.988595103778186,-0.00628526654266182
BS00063217_51,chr6B,652871833,0.422764647046429,0.456451612903226,310,0.904467004863931,-0.0541179671396605
BS00068506_51,chr6B,652977737,0.248591328789031,0.285483870967742,310,0.870624065981587,-0.0863341482027522
GENE-4093_178,chr6B,653046902,0.913049782478969,0.280645161290323,310,0.988595103778186,0.00641937276442661
Tdurum_contig17421_310,chr6B,667436427,0.9433797727788,0.291935483870968,310,0.988595103778186,0.00419510446259608
Excalibur_rep_c110824_66,chr6B,667437484,0.140152335852817,0.391935483870968,310,0.846568295219364,0.0877340457670641
BS00023080_51,chr6B,667547478,0.574161649281306,0.316129032258064,310,0.941851669063827,-0.0327544844985113
BS00109717_51,chr6B,667550423,0.49648450752058,0.461290322580645,310,0.927746556942725,-0.0361571908800471
Kukri_c16404_100,chr6B,668281604,0.222808412149504,0.464516129032258,310,0.870503379202377,0.0599670082242056
BS00041633_51,chr6B,669292378,0.976231648254909,0.485483870967742,310,0.992680831229816,-0.00158680086769891
Kukri_c85856_60,chr6B,680423612,0.144250462337521,0.22741935483871,310,0.851731339446211,0.125182675562527
Kukri_c20590_210,chr6B,685151594,0.878219433281424,0.0838709677419355,310,0.980434074318493,0.0164786905142762
BobWhite_c27559_270,chr6B,685244445,0.912444675461794,0.1,310,0.988595103778186,0.00969455218502446
BS00046264_51,chr6B,687410691,0.108261489571684,0.293548387096774,310,0.800651248318356,-0.0901475278242572
BS00046263_51,chr6B,687410926,0.72697174984463,0.414516129032258,310,0.974843878596463,-0.0184881345199983
BS00085688_51,chr6B,687621646,0.111810427867552,0.291935483870968,310,0.80457466559444,-0.0908404922470396
IAAV3657,chr6B,688071134,0.292647315320205,0.269354838709677,310,0.888486882529512,-0.0600336745827263
Kukri_rep_c101126_469,chr6B,688275278,0.357077863090426,0.403225806451613,310,0.895693630978228,-0.0498701270268072
tplb0046e21_618,chr6B,690415049,0.596070780133016,0.0854838709677419,310,0.944768200113944,0.0588386303402046
Tdurum_contig7986_704,chr6B,690415134,0.729764994144902,0.17741935483871,310,0.976889958071243,0.02631521324912
RAC875_c5413_1266,chr6B,692702675,0.302593513264156,0.291935483870968,310,0.8940875944891,-0.0600634500164574
wsnp_Ex_c54772_57527555,chr6B,692783381,0.797891361600555,0.475806451612903,310,0.978627404872569,0.0132726032747428
wsnp_Ex_c54772_57528275,chr6B,692784320,0.345313049740339,0.435483870967742,310,0.895693630978228,0.0504029823265313
wsnp_Ex_c293_568575,chr6B,693010696,0.845559657392481,0.0483870967741935,310,0.980434074318493,-0.029281549234085
wsnp_Ex_c293_568283,chr6B,693010988,0.818701064891349,0.229032258064516,310,0.980434074318493,0.01290432141937
RAC875_c56205_127,chr6B,694908864,0.620648393360729,0.358064516129032,310,0.944768200113944,0.0274301968602657
IAAV1771,chr6B,694909003,0.267288795849859,0.406451612903226,310,0.880538241125859,-0.0560792017290481
RAC875_c45987_106,chr6B,694916868,0.087577510101121,0.47741935483871,310,0.773440466448767,0.0910748746994869
RAC875_c1927_197,chr6B,703811130,0.95829503375215,0.22741935483871,310,0.988595103778186,0.00314280801758571
Excalibur_c10358_1800,chr6D,1151876,0.230947319845126,0.0919354838709677,310,0.870624065981587,0.109106696578671
Excalibur_c52276_176,chr6D,1503859,0.156658856908199,0.430645161290323,310,0.851731339446211,0.106941339884003
Kukri_c55362_75,chr6D,1820453,0.0205700253974641,0.448387096774194,310,0.700590579508689,-0.219370576639733
BS00022523_51,chr6D,5712193,0.694797427795742,0.12258064516129,310,0.96506774441112,-0.0342056662999681
IACX9471,chr6D,5778807,0.209635981676776,0.108064516129032,310,0.862741585119681,-0.117214043730471
Ra_c42576_780,chr6D,5778906,0.121057443039597,0.143548387096774,310,0.826813623166725,-0.120268616580958
wsnp_BE445201D_Ta_1_1,chr6D,114460376,0.394618361577232,0.319354838709677,310,0.901002605767183,-0.0450964220595864
IACX179,chr6D,152594622,0.923350562163723,0.116129032258065,310,0.988595103778186,0.00788414636623003
wsnp_Ex_c1035_1980908,chr6D,160807187,0.69144549379996,0.116129032258065,310,0.962792897986232,-0.0359495499702263
Ex_c39405_712,chr6D,169801520,0.959033397177284,0.138709677419355,310,0.988595103778186,-0.00421674881495449
Jagger_c211_207,chr6D,220780001,0.542044984144405,0.12741935483871,310,0.934731651563707,0.0524643048431415
BS00021881_51,chr6D,433062115,0.762716995286405,0.0629032258064516,310,0.978627404872569,-0.030945325326698
BS00036102_51,chr6D,467428502,0.538257260645104,0.137096774193548,310,0.934731651563707,-0.0485896948655835
RAC875_c17946_277,chr6D,467639548,0.708401880447874,0.138709677419355,310,0.968307673387707,-0.0255609440453028
wsnp_Ex_c25390_34655262,chr6D,469342249,0.949942584086156,0.469354838709677,310,0.988595103778186,0.00294367824010067
Kukri_rep_c70361_193,chr6D,469342501,0.313266912439701,0.120967741935484,310,0.895693630978228,-0.0860260777234174
wsnp_Ex_c25390_34654575,chr6D,469342936,0.698241616802308,0.198387096774194,310,0.965409183794741,-0.0324185585815684
CAP7_rep_c12716_77,chr6D,469721666,0.483941247480284,0.138709677419355,310,0.922464060731027,-0.0576115030433897
GENE-3976_443,chr6D,469722499,0.123815957988001,0.285483870967742,310,0.828421611696655,-0.0925806691687256
wsnp_Ra_c7200_12462543,chr6D,469731296,0.904930844929449,0.170967741935484,310,0.98850436561483,0.0083663895174837
IAAV1012,chr6D,470208435,0.148356856681652,0.27741935483871,310,0.851731339446211,-0.0825632082918162
Excalibur_c30035_368,chr6D,470208464,0.103170661268313,0.490322580645161,310,0.789188564766705,0.077687801922778
tplb0025h02_894,chr6D,470667422,0.308074910412799,0.125806451612903,310,0.895693630978228,-0.0886358838522199
RAC875_c64099_90,chr6D,471528107,0.790048744718898,0.187096774193548,310,0.978627404872569,-0.0201049019549231
RAC875_c48570_361,chr6D,471530500,0.035308819241906,0.135483870967742,310,0.704421205579219,-0.167527652568168
BobWhite_c34996_280,chr6D,471655495,0.195117849030046,0.162903225806452,310,0.853966700058071,-0.110922870002923
Excalibur_c22599_921,chr6D,471657156,0.782235990710753,0.112903225806452,310,0.978627404872569,-0.0248938778165524
tplb0046a04_902,chr6D,471960938,0.112749603641849,0.162903225806452,310,0.80457466559444,-0.119967417857737
Excalibur_c83056_83,chr6D,472263729,0.182199946842178,0.1,310,0.853966700058071,-0.130095075129077
wsnp_Ex_c14691_22763609,chr6D,472304683,0.418922272468864,0.151612903225806,310,0.90382863913612,0.0541960449666661
GENE-3864_207,chr6D,472310433,0.97807432211155,0.0548387096774194,310,0.992680831229816,-0.00312714789133395
IAAV3944,chr6D,472341415,0.0815784474932708,0.0725806451612903,310,0.771248770971997,-0.17153868605331
Excalibur_c43740_95,chr6D,472344152,0.712180443033924,0.0741935483870968,310,0.970614659314079,-0.0371541950534393
Excalibur_c4261_1098,chr6D,472401057,0.964295564497325,0.367741935483871,310,0.988595103778186,0.00274011876430791
wsnp_JD_rep_c50999_34772439,chr6D,472660811,0.0674203079134911,0.161290322580645,310,0.742613657904646,-0.118728370140666
Ku_c107983_831,chr6D,472871571,0.415655993287221,0.0629032258064516,310,0.902759083044459,0.0934532398781727
RAC875_rep_c115101_171,chr6D,472871976,0.799770204443926,0.159677419354839,310,0.978627404872569,-0.0175484323469917
BobWhite_c34798_184,chr6D,473158971,0.837727782202407,0.217741935483871,310,0.980434074318493,-0.0121077238999661
RAC875_c24285_1049,chr6D,473425756,0.241414478553739,0.120967741935484,310,0.870624065981587,-0.0922407252607016
Excalibur_c8134_1319,chr6D,473563887,0.32822890143505,0.419354838709677,310,0.895693630978228,0.0649807337530888
Excalibur_c29102_933,chr6D,473565054,0.531141519584513,0.408064516129032,310,0.934731651563707,0.0477759915543743
Ex_c31468_763,chr6D,473572658,0.619686406500359,0.0758064516129032,310,0.944768200113944,-0.0500155644521669
Ex_c31468_598,chr6D,473572823,0.44247019828209,0.47741935483871,310,0.908746202374313,-0.0702591214697463
CAP7_c2559_543,chr6D,474710482,0.953684022036576,0.0193548387096774,310,0.988595103778186,0.0134268839465363
wsnp_Ex_c6942_11966469,chr6D,474714743,0.734128585523958,0.082258064516129,310,0.977698860305626,-0.0339681537552821
BobWhite_c13435_700,chr6D,474719776,0.455893245141682,0.0725806451612903,310,0.910320760562939,0.0690245553436384
tplb0038e08_609,chr6D,475043287,0.696895314452068,0.445161290322581,310,0.96506774441112,0.0397223916871212
Excalibur_c2991_320,chr6D,475822943,0.614283991574694,0.0516129032258065,310,0.944768200113944,0.0583033137559141
Excalibur_c63506_512,chr6D,475826293,0.40029681248882,0.0596774193548387,310,0.901554819268231,-0.0973569942741008
wsnp_CAP7_c1735_859744,chr6D,476519223,0.610084278646316,0.0467741935483871,310,0.944768200113944,-0.0628349213283812
wsnp_CAP7_c1735_859875,chr6D,476519355,0.237079940273693,0.274193548387097,310,0.870624065981587,0.0895127052993843
Kukri_rep_c107605_164,chr6D,476520297,0.326856964816021,0.0467741935483871,310,0.895693630978228,-0.116846478103163
Excalibur_c16566_485,chr6D,476889546,0.0979875268291776,0.0629032258064516,310,0.773440466448767,-0.187790722207147
BS00022206_51,chr6D,476890714,0.453997162372579,0.067741935483871,310,0.910320760562939,-0.084525892867731
BS00105877_51,chr6D,479165444,0.168346154246407,0.0612903225806452,310,0.851731339446211,-0.163116268961488
RAC875_c14354_934,chr6D,482228853,0.432334009659218,0.293548387096774,310,0.90670347646114,-0.0418921474531828
Excalibur_c15309_646,chr6D,482230102,0.6415602127868,0.148387096774194,310,0.944768200113944,0.0336878577611515
Ex_c12134_939,chr6D,482716332,0.717574548908037,0.0693548387096774,310,0.971362265098973,0.0364659616845699
BS00070856_51,chr6D,483739858,0.00718136759892947,0.0467741935483871,310,0.521185017480106,-0.318798258061356
RFL_Contig2615_982,chr6D,483805184,0.868848913439084,0.032258064516129,310,0.980434074318493,0.0228585555118954
BS00061126_51,chr6D,483982851,0.907544395931577,0.0290322580645161,310,0.988595103778186,-0.0167886520275928
BS00095826_51,chr7A,1706781,0.923037869321612,0.174193548387097,310,0.988595103778186,-0.00787356483110102
Kukri_c38338_485,chr7A,13723399,0.364169990056441,0.154838709677419,310,0.897265489376611,0.0669157806577374
Kukri_c36885_58,chr7A,13787485,0.521443832675502,0.148387096774194,310,0.934387305704065,0.0494033893042456
RAC875_rep_c114991_493,chr7A,17135188,0.021420740686376,0.196774193548387,310,0.700590579508689,0.197114880166879
wsnp_Ra_c63822_63288359,chr7A,25057395,0.039181592072104,0.169354838709677,310,0.704421205579219,0.179624637519822
RAC875_c63822_185,chr7A,25058429,0.0119534309280371,0.208064516129032,310,0.607401898370502,0.192319992691182
IAAV6131,chr7A,25983207,0.00879702082183023,0.232258064516129,310,0.521185017480106,0.193994218537185
Tdurum_contig85217_286,chr7A,30068113,0.0889941629772057,0.0403225806451613,310,0.773440466448767,-0.228713132897795
Tdurum_contig67992_238,chr7A,63155684,0.476248952194572,0.179032258064516,310,0.915264671935554,0.0520995441778354
Tdurum_contig28195_198,chr7A,63715214,0.413511991979083,0.190322580645161,310,0.902759083044459,-0.0629839940879577
BS00111112_51,chr7A,67932872,0.573770969767526,0.0935483870967742,310,0.941851669063827,-0.0570622086486026
Ex_c4463_146,chr7A,82484003,0.110506650556068,0.0467741935483871,310,0.80457466559444,-0.191087409617275
BS00074230_51,chr7A,83230747,0.635431626611947,0.0548387096774194,310,0.944768200113944,-0.0544838581236817
Tdurum_contig63598_188,chr7A,116164416,0.271761012124431,0.453225806451613,310,0.880538241125859,0.0607818397514706
wsnp_Ex_c40247_47349166,chr7A,116518294,0.528189353300492,0.159677419354839,310,0.934731651563707,0.0557745338167734
RAC875_rep_c111778_387,chr7A,116520582,0.917727760313468,0.469354838709677,310,0.988595103778186,0.00558557018125327
RAC875_rep_c76772_850,chr7A,117353100,0.860041402611061,0.316129032258064,310,0.980434074318493,-0.0112536770207328
Tdurum_contig61653_948,chr7A,117827314,0.60391475768908,0.0274193548387097,310,0.944768200113944,-0.0813868616703957
BS00021769_51,chr7A,118856384,0.0609851909401218,0.0596774193548387,310,0.740176151750893,0.203207839997468
Tdurum_contig13080_153,chr7A,149047446,0.652794699929031,0.482258064516129,310,0.946995518652029,0.0241374224914352
Tdurum_contig4676_3592,chr7A,158008204,0.318501526534363,0.456451612903226,310,0.895693630978228,0.0555438176076137
BS00092805_51,chr7A,160452438,0.450647887675427,0.491935483870968,310,0.910320760562939,0.0412665064737467
Kukri_s118416_65,chr7A,167980070,0.644857914623662,0.275806451612903,310,0.944773321442079,-0.0332251649510624
BS00051338_51,chr7A,169518996,0.328403766241988,0.201612903225806,310,0.895693630978228,0.0584515111793493
BobWhite_c3670_517,chr7A,172407805,0.801657381424135,0.37258064516129,310,0.978627404872569,-0.0142247539000664
Kukri_c24337_416,chr7A,202681037,0.652944589727631,0.111290322580645,310,0.946995518652029,-0.0467904507034262
Excalibur_rep_c81365_214|wsnp_JD_c6050_7214383,chr7A,246132388,0.777801598686761,0.103225806451613,310,0.978627404872569,-0.0358354300472712
BS00067759_51,chr7A,247501601,0.784892028708861,0.214516129032258,310,0.978627404872569,0.0196773949710405
Tdurum_contig11862_341,chr7A,259647856,0.951876828256544,0.216129032258065,310,0.988595103778186,0.0043127817025379
Ra_c8425_1331,chr7A,261044837,0.683358423890866,0.183870967741935,310,0.957568862026297,0.0304574428805751
Excalibur_c48973_1688,chr7A,280935326,0.835218033443548,0.158064516129032,310,0.980434074318493,0.0137316281308344
Tdurum_contig76441_240,chr7A,285225672,0.992347275347841,0.209677419354839,310,0.996294111102066,-0.000689251746962327
RAC875_c37071_73,chr7A,296344858,0.984776348610572,0.211290322580645,310,0.99447185987484,-0.00138629754009401
Tdurum_contig28843_80,chr7A,296345296,0.802352567827183,0.203225806451613,310,0.978627404872569,-0.0185650714868189
Excalibur_c26782_423,chr7A,432819293,0.0249148324076701,0.383870967741935,310,0.700590579508689,0.210857064564493
Excalibur_rep_c68850_592,chr7A,505791672,0.55782795914739,0.195161290322581,310,0.93554391432144,-0.0433271101845634
wsnp_Ex_c558_1105911,chr7A,515632441,0.623809246283904,0.196774193548387,310,0.944768200113944,-0.0359517266255125
BS00015354_51|Kukri_c64283_212,chr7A,541306840,0.882459081246222,0.193548387096774,310,0.980434074318493,-0.0109319032510768
BS00065462_51,chr7A,542734798,0.443509679922125,0.183870967741935,310,0.908746202374313,-0.0610717586736769
BobWhite_c66165_77,chr7A,543557005,0.873689487008743,0.104838709677419,310,0.980434074318493,0.0214910149163074
Excalibur_c12916_123,chr7A,574041546,0.261750912073263,0.495161290322581,310,0.878623181894668,0.073071224087812
IAAV8081,chr7A,576110262,0.307795408535219,0.387096774193548,310,0.895693630978228,0.0579556844891158
RAC875_c4732_1672|wsnp_Ku_c4591_8286583,chr7A,576512294,0.76340475975965,0.32258064516129,310,0.978627404872569,0.0159382540454374
RAC875_c21280_2176,chr7A,585401984,0.954508231517055,0.22258064516129,310,0.988595103778186,-0.00360312183315159
wsnp_Ra_c21280_30656003,chr7A,585402124,0.868324298812718,0.204838709677419,310,0.980434074318493,-0.0131430192925421
Ra_c1227_2718,chr7A,585467638,0.570066280690813,0.235483870967742,310,0.941851669063827,-0.041533336640768
Kukri_c47141_79,chr7A,587249974,0.338718179008904,0.141935483870968,310,0.895693630978228,0.0676287774233231
GENE-4270_242,chr7A,592585602,0.869732409592851,0.130645161290323,310,0.980434074318493,0.0146495390238783
wsnp_Ra_c40910_48252997,chr7A,597726092,0.517728925135624,0.256451612903226,310,0.934017322849871,-0.0464616857092182
wsnp_RFL_Contig1510_707132,chr7A,598682800,0.185850900869567,0.316129032258064,310,0.853966700058071,-0.0678620698233487
Ex_c7397_545,chr7A,598683110,0.058022851845499,0.496774193548387,310,0.740176151750893,-0.135143732424837
Ex_c7397_535,chr7A,598683120,0.0430410825620519,0.474193548387097,310,0.724167035528837,-0.136640141460447
Excalibur_rep_c79404_164,chr7A,598683580,0.336899768903155,0.238709677419355,310,0.895693630978228,-0.071106975900662
wsnp_Ex_c1482_2834254,chr7A,599333457,0.317912460468622,0.374193548387097,310,0.895693630978228,-0.0901967062353606
wsnp_Ex_c1482_2835474,chr7A,599336465,0.516446855819462,0.424193548387097,310,0.934017322849871,-0.0374250014508561
wsnp_Ex_c6059_10615895,chr7A,599364299,0.417947154306353,0.235483870967742,310,0.902827165842696,-0.0602109126428871
wsnp_Ra_c16813_25556454,chr7A,600982250,0.562327172494235,0.248387096774194,310,0.941831387485604,-0.0423036391695462
TA005578-0927,chr7A,604620635,0.309239981930564,0.259677419354839,310,0.895693630978228,-0.069802311290303
BS00035807_51,chr7A,604756468,0.422487496521265,0.25,310,0.904467004863931,-0.0606469723901029
BS00059928_51,chr7A,605590060,0.5057457784868,0.245161290322581,310,0.9285590613822,-0.0470275478670459
BS00075525_51,chr7A,606081784,0.288333112051844,0.241935483870968,310,0.888486882529512,-0.0772090425753618
wsnp_Ex_c8614_14453388,chr7A,608297993,0.228072835582594,0.290322580645161,310,0.870624065981587,-0.0743407307402038
wsnp_Ex_rep_c68405_67220388,chr7A,610070466,0.00182529840166544,0.325806451612903,310,0.293209297794803,0.167171051345861
Ra_c72413_1987,chr7A,610070856,0.442636671970845,0.193548387096774,310,0.908746202374313,0.0478320735984354
wsnp_Ex_c38981_46383475,chr7A,610715364,0.507673673387806,0.254838709677419,310,0.929595213343267,-0.0468749278070533
wsnp_Ex_c19582_28564743,chr7A,611247295,0.509140185646092,0.0516129032258065,310,0.930064994489677,0.0808187155925211
wsnp_Ex_c19005_27918129,chr7A,611514975,0.407658148456369,0.261290322580645,310,0.902759083044459,0.0539690167558717
BS00044260_51,chr7A,611515954,0.805227182814684,0.0532258064516129,310,0.978627404872569,-0.0270785598612733
Ku_c5901_1487,chr7A,611909139,0.722831303081243,0.164516129032258,310,0.973743029338206,-0.0230950129861824
RAC875_c13696_226,chr7A,613241025,0.579639325252912,0.159677419354839,310,0.94245252678881,0.0409098320914651
BS00092631_51,chr7A,613484154,0.741942554361184,0.0741935483870968,310,0.977698860305626,-0.0310151920361221
Kukri_c6676_172,chr7A,613488811,0.524568311974212,0.0580645161290323,310,0.934387305704065,-0.0692616888423032
Kukri_c16922_106,chr7A,615341146,0.55415680949657,0.285483870967742,310,0.934731651563707,-0.0394681128578895
CAP7_c1522_255,chr7A,619318726,0.108747198413359,0.301612903225806,310,0.800651248318356,-0.105431275189844
wsnp_CAP11_c827_513472,chr7A,619598078,0.164365254080131,0.298387096774194,310,0.851731339446211,-0.0843659543733537
Ku_c2990_1997,chr7A,623951492,0.326104913165585,0.104838709677419,310,0.895693630978228,0.0852108916718919
CAP8_c3496_118,chr7A,628258831,0.943884475302353,0.206451612903226,310,0.988595103778186,-0.00505183246136198
wsnp_Ex_c15341_23592177,chr7A,637162608,0.31748630450954,0.169354838709677,310,0.895693630978228,0.0784927830026731
wsnp_Ex_c15341_23592075,chr7A,637162710,0.363568334419336,0.111290322580645,310,0.897265489376611,0.0800402181692874
wsnp_JD_c5102_6225151,chr7A,645455423,0.322682288235179,0.461290322580645,310,0.895693630978228,-0.0501618232067926
RAC875_c35723_106,chr7A,659821504,0.399074184391878,0.325806451612903,310,0.901554819268231,0.0504288292187454
RAC875_c43295_135,chr7A,663534731,0.394520035308122,0.275806451612903,310,0.901002605767183,0.0514018623766077
Excalibur_c14451_389,chr7A,673729628,0.960013729414976,0.282258064516129,310,0.988595103778186,-0.00321832611304274
tplb0045p11_893,chr7A,673763752,0.851858889708632,0.220967741935484,310,0.980434074318493,0.0138351014296774
RAC875_c24411_889,chr7A,677625516,0.175650701519876,0.167741935483871,310,0.851731339446211,0.0908846336389146
wsnp_Ex_c9428_15641609,chr7A,677736623,0.0209858148062879,0.261290322580645,310,0.700590579508689,0.142082181464829
IAAV5268,chr7A,682233957,0.877497299331405,0.148387096774194,310,0.980434074318493,0.0155602944735449
RAC875_rep_c119304_226,chr7A,692358395,0.0138321754759676,0.00645161290322581,310,0.607401898370502,-0.705666097998687
wsnp_Ku_c44760_51961180,chr7A,692637444,0.0661551111732891,0.220967741935484,310,0.740176151750893,0.115062108127304
BS00065529_51,chr7A,692955614,0.887239845733893,0.295161290322581,310,0.981786060343563,0.00758682449986736
BobWhite_c19346_434,chr7A,696459217,0.627044824628495,0.437096774193548,310,0.944768200113944,0.024920479937407
Tdurum_contig43216_852,chr7A,705563849,0.955657672262679,0.22258064516129,310,0.988595103778186,0.00459107644670098
Tdurum_contig61864_1352,chr7A,705594059,0.589493226403554,0.112903225806452,310,0.944768200113944,-0.0603685072148323
JD_c1314_1184,chr7A,711613052,0.973685432722685,0.245161290322581,310,0.992680831229816,-0.00213321407329659
BS00081057_51,chr7A,712784880,0.82843387778171,0.230645161290323,310,0.980434074318493,0.0144799382453726
Kukri_c28968_130,chr7A,720270650,0.957825974679842,0.0693548387096774,310,0.988595103778186,0.00538431594691957
wsnp_Ra_c7112_12318340,chr7A,720981510,0.521311821576765,0.432258064516129,310,0.934387305704065,0.0399567214151375
Tdurum_contig12454_585,chr7A,723972206,0.755085784190571,0.0338709677419355,310,0.977819871587215,-0.0582500497540082
Tdurum_contig59633_56,chr7A,723980490,0.610063595640533,0.241935483870968,310,0.944768200113944,-0.0312345481805778
BS00010677_51,chr7A,723986356,0.78451632459698,0.146774193548387,310,0.978627404872569,0.0223635824645783
RAC875_c90330_82,chr7A,725491311,0.888768315457956,0.458064516129032,310,0.982147350477929,-0.0149256852612325
RFL_Contig2814_385,chr7A,737730734,0.238107745747341,0.0725806451612903,310,0.870624065981587,0.11870871809441
Tdurum_contig45618_1089,chr7A,737884396,0.259754302393366,0.0774193548387097,310,0.877602012101488,-0.105751083202001
RAC875_c18550_228,chr7A,737885505,0.321532677244731,0.261290322580645,310,0.895693630978228,-0.0787199549182276
Tdurum_contig28435_107,chr7A,738022186,0.0354816070042207,0.119354838709677,310,0.704421205579219,-0.218432511357776
Excalibur_c8486_419,chr7B,16481,0.00548810717975163,0.17741935483871,310,0.510393967716902,-0.194612883312899
GENE-2935_114,chr7B,2281105,0.47676543334746,0.0225806451612903,310,0.915264671935554,-0.114336383424629
RFL_Contig6075_1128,chr7B,2885702,0.644112027775107,0.338709677419355,310,0.944773321442079,-0.0391101476996027
RAC875_rep_c78258_214,chr7B,3383560,0.278736477640493,0.187096774193548,310,0.888486882529512,-0.0909179381168315
Tdurum_contig25857_274,chr7B,3822839,0.341396642264621,0.370967741935484,310,0.895693630978228,-0.0535110998559958
Kukri_c41117_824,chr7B,3832150,0.433387793603236,0.124193548387097,310,0.90670347646114,-0.0692387183215288
Tdurum_contig98005_272,chr7B,4662572,0.197180766057551,0.329032258064516,310,0.853966700058071,-0.0727057609414175
Tdurum_contig85266_280,chr7B,5558560,0.289792735361034,0.353225806451613,310,0.888486882529512,-0.0609558500077725
Ra_c39042_935,chr7B,12171340,0.443563419726227,0.432258064516129,310,0.908746202374313,-0.0388709948982893
BS00021952_51,chr7B,43286870,0.431367357677308,0.17741935483871,310,0.90670347646114,0.0539886879279123
GENE-4376_439,chr7B,43290208,0.834755795732192,0.17258064516129,310,0.980434074318493,0.0148622940333567
RAC875_c30123_913,chr7B,79041916,0.00265009084800881,0.404838709677419,310,0.32231584800885,-0.153773486245257
Excalibur_c32859_652,chr7B,87150682,0.0471710650505112,0.425806451612903,310,0.724937686765342,-0.0993204471677274
GENE-4507_56,chr7B,130466305,0.621900711285087,0.337096774193548,310,0.944768200113944,-0.030757000416159
GENE-4507_113,chr7B,130466358,0.594878940755353,0.0838709677419355,310,0.944768200113944,0.0499068045298543
wsnp_Ex_rep_c66351_64532511,chr7B,130480340,0.704793012878068,0.419354838709677,310,0.967275280998654,-0.0219231798850501
wsnp_Ra_c31052_40235870,chr7B,130634075,0.609975016456625,0.261290322580645,310,0.944768200113944,0.0375987232990269
wsnp_Ex_rep_c69954_68913284,chr7B,130634178,0.835875891998263,0.285483870967742,310,0.980434074318493,-0.0136990237655539
wsnp_Ex_c27666_36847022,chr7B,130636566,0.999862310158702,0.267741935483871,310,0.999862310158702,-9.83964989842434e-06
Tdurum_contig50984_599,chr7B,429421995,0.32839543572015,0.498387096774194,310,0.895693630978228,0.0615960008196623
Tdurum_contig54532_206,chr7B,440575969,0.15767484521069,0.137096774193548,310,0.851731339446211,-0.142472828204632
wsnp_Ex_c65605_63952614,chr7B,454540269,0.196245619719122,0.269354838709677,310,0.853966700058071,-0.0758923003425096
Tdurum_contig48695_527,chr7B,460005311,0.846143239999889,0.225806451612903,310,0.980434074318493,-0.0109063012107526
wsnp_Ku_c19037_28455905,chr7B,460023036,0.107830201286716,0.396774193548387,310,0.800651248318356,-0.0909681926631976
Tdurum_contig81318_116,chr7B,470087643,0.0647169929932211,0.295161290322581,310,0.740176151750893,-0.105005109987232
Excalibur_c17078_400,chr7B,470612372,0.741306451877038,0.290322580645161,310,0.977698860305626,-0.0191315737928619
RFL_Contig3306_194,chr7B,486378939,0.628520793280461,0.135483870967742,310,0.944768200113944,0.0419968921491005
Excalibur_c16687_476,chr7B,491053428,0.595305174860729,0.220967741935484,310,0.944768200113944,-0.0349655849600907
Kukri_c48870_115,chr7B,491053591,0.197073649248795,0.312903225806452,310,0.853966700058071,-0.0732855475239518
BobWhite_rep_c49587_1290,chr7B,491345170,0.405623136003534,0.282258064516129,310,0.901554819268231,-0.0488941689719979
RAC875_rep_c106651_635,chr7B,532301752,0.602575449979572,0.251612903225806,310,0.944768200113944,0.0298734047440945
Kukri_c34355_722,chr7B,543184224,0.659669928862014,0.198387096774194,310,0.947672166096893,-0.0285489209540373
wsnp_Ex_c10550_17231658,chr7B,632289892,0.549192164344987,0.196774193548387,310,0.934731651563707,0.0382202403735477
GENE-4624_79,chr7B,633507557,0.618429507055497,0.185483870967742,310,0.944768200113944,-0.0346909300153868
wsnp_Ex_rep_c70700_69597262,chr7B,634181119,0.677214013607336,0.340322580645161,310,0.957053503121627,-0.0293154555218251
RAC875_c24101_284,chr7B,636880918,0.675259299077732,0.179032258064516,310,0.956276631921383,0.0281327884968832
Tdurum_contig97814_355,chr7B,648091240,0.739616360826984,0.290322580645161,310,0.977698860305626,0.0249715792038216
BS00022053_51,chr7B,648696805,0.832834055919744,0.435483870967742,310,0.980434074318493,-0.0108593429505675
Kukri_c25451_119,chr7B,651534868,0.865897947264225,0.290322580645161,310,0.980434074318493,0.0109564995085378
Kukri_c29415_392,chr7B,651535852,0.238414227958455,0.404838709677419,310,0.870624065981587,-0.0578637637053561
RAC875_c45062_305,chr7B,658493608,0.857931214161834,0.462903225806452,310,0.980434074318493,-0.00912948516148049
BobWhite_c9774_101,chr7B,666983983,0.848734684946316,0.35,310,0.980434074318493,0.0123772136041254
Tdurum_contig44993_359,chr7B,670628424,0.0408474449504763,0.0564516129032258,310,0.704421205579219,-0.247703603992207
Excalibur_c16856_432,chr7B,685802816,0.682326025166131,0.191935483870968,310,0.957568862026297,-0.0346666157164606
Tdurum_contig4658_346,chr7B,687058202,0.789953553197979,0.214516129032258,310,0.978627404872569,-0.0209603865022103
BobWhite_c1802_456,chr7B,687058274,0.189960875255203,0.114516129032258,310,0.853966700058071,-0.120298773320044
Ra_c21094_506,chr7B,687836118,0.943015294763809,0.0483870967741935,310,0.988595103778186,0.00896504249359253
Kukri_c10430_1138,chr7B,700204215,0.337623086618745,0.138709677419355,310,0.895693630978228,-0.0683154724187176
wsnp_Ex_rep_c68762_67626384,chr7B,707835747,0.992155174528664,0.0612903225806452,310,0.996294111102066,0.00118662640358735
Tdurum_contig17062_665,chr7B,708306460,0.595455048649933,0.2,310,0.944768200113944,-0.0369825082855044
Excalibur_c7338_563,chr7B,708309524,0.102635420023341,0.141935483870968,310,0.78850777035323,-0.142974218509451
wsnp_Ex_c1721_3261986,chr7B,708641818,0.187741715074072,0.440322580645161,310,0.853966700058071,0.0926698144651539
BobWhite_c12048_145,chr7B,708642117,0.438345589386577,0.37741935483871,310,0.908038284227528,0.0429324770944959
TA005284-0990,chr7B,712320916,0.295213282704177,0.0370967741935484,310,0.888657360371857,-0.163413548779417
CAP7_c2649_283,chr7B,714646871,0.233411518948869,0.0370967741935484,310,0.870624065981587,-0.175931812807889
RAC875_rep_c117259_207,chr7B,716558650,0.566393621312376,0.0774193548387097,310,0.941851669063827,-0.0537648183003299
tplb0035h03_1251,chr7B,717851388,0.37667867441209,0.0774193548387097,310,0.901002605767183,-0.0797355189443181
BS00040283_51,chr7B,717910972,0.647957893249133,0.0612903225806452,310,0.944773321442079,0.0502425693463806
Excalibur_c4948_454,chr7B,718170078,0.283280731592022,0.1,310,0.888486882529512,-0.09059172710338
BobWhite_c4729_243,chr7B,718253809,0.754280834491452,0.0403225806451613,310,0.977819871587215,0.0436594560190713
BS00022810_51,chr7B,719591810,0.761790702884586,0.109677419354839,310,0.978627404872569,0.031521910497375
Tdurum_contig8402_460,chr7B,719763877,0.723579603817374,0.0580645161290323,310,0.973773922273647,0.0375624065750557
Tdurum_contig8402_638,chr7B,719764055,0.454723383352791,0.0354838709677419,310,0.910320760562939,0.103862677710346
Excalibur_c4042_223,chr7B,724890148,0.816754639217819,0.067741935483871,310,0.980434074318493,-0.0250772323451685
BobWhite_c12316_383,chr7D,7357620,0.799413442665612,0.0419354838709677,310,0.978627404872569,0.0413077225563114
Kukri_c20938_270,chr7D,7986459,0.616030232618571,0.106451612903226,310,0.944768200113944,0.0639941951899914
D_F5XZDLF02H192C_184,chr7D,9278177,0.793919395986744,0.0467741935483871,310,0.978627404872569,-0.0410759672312082
Excalibur_c27950_459,chr7D,54998126,0.844751647103624,0.488709677419355,310,0.980434074318493,-0.0101971064178201
BobWhite_c40479_283,chr7D,59309787,0.648789432011011,0.237096774193548,310,0.944773321442079,0.0328492824695417
BobWhite_rep_c65034_450,chr7D,90543595,0.0753738958424904,0.17258064516129,310,0.7564864396327,-0.129189875628228
RAC875_c13942_2973,chr7D,94763397,0.935875682535144,0.162903225806452,310,0.988595103778186,-0.00541526589619679
Kukri_c20975_765,chr7D,102982144,0.322871570752571,0.370967741935484,310,0.895693630978228,-0.0912591786485564
wsnp_Ex_c4637_8299644,chr7D,103122012,0.224878896201477,0.35,310,0.870624065981587,0.0704218586703007
CAP12_c2046_153,chr7D,104536964,0.0976695177555477,0.395161290322581,310,0.773440466448767,-0.118096806996249
D_contig35184_357,chr7D,105305853,0.473988706632252,0.398387096774194,310,0.914185294555835,-0.0464726514090898
RAC875_c4453_2678,chr7D,105647896,0.0266045511523003,0.401612903225806,310,0.704421205579219,-0.152480866055015
Ku_c30772_1151,chr7D,105649400,0.972811755428616,0.238709677419355,310,0.992680831229816,0.00259907957072869
D_GDEEGVY02FN6KZ_98,chr7D,105673995,0.134585880886497,0.446774193548387,310,0.84484116209351,-0.0997139197756383
wsnp_Ex_c20320_29383733,chr7D,105679359,0.672907836617036,0.459677419354839,310,0.956276631921383,0.0280672250558212
RAC875_c1863_3196,chr7D,105679820,0.381067625338341,0.319354838709677,310,0.901002605767183,0.0610656103818314
Kukri_c11890_709,chr7D,106099353,0.03069005007365,0.366129032258065,310,0.704421205579219,-0.209204654607561
RAC875_c53629_483,chr7D,144584842,0.00663321170493295,0.22258064516129,310,0.521185017480106,-0.163278290988998
wsnp_Ex_c2123_3988735,chr7D,172976023,0.190334540425694,0.293548387096774,310,0.853966700058071,0.0693941983356723
wsnp_CAP11_c2839_1425826,chr7D,213831428,0.176632887956741,0.0870967741935484,310,0.851731339446211,-0.131468161649771
IAAV7925,chr7D,255040936,0.332682205915089,0.067741935483871,310,0.895693630978228,-0.122437501911634
wsnp_Ex_c23001_32223579,chr7D,268178205,0.234556324091495,0.0274193548387097,310,0.870624065981587,-0.274040690773106
wsnp_bm138650D_Ta_2_2,chr7D,268870177,0.380745001370757,0.0967741935483871,310,0.901002605767183,-0.0831625717585851
IACX7714,chr7D,389487508,0.146447653239067,0.0919354838709677,310,0.851731339446211,-0.1481556236009
wsnp_cd454041D_Ta_2_1,chr7D,392298332,0.0771930055999168,0.119354838709677,310,0.7564864396327,-0.133664061972226
IAAV4133,chr7D,394409246,0.921868948680833,0.103225806451613,310,0.988595103778186,0.00957405027781277
wsnp_Ex_c6664_11531767,chr7D,395093667,0.861193284845876,0.0306451612903226,310,0.980434074318493,-0.0373575822709711
Kukri_rep_c109239_223,chr7D,396358142,0.44434449284177,0.082258064516129,310,0.908746202374313,-0.0857034171165765
wsnp_Ex_rep_c66483_64738995,chr7D,396358712,0.268520815065962,0.0596774193548387,310,0.880538241125859,-0.146392256390826
Kukri_c58234_519,chr7D,416191413,0.893060850338406,0.0548387096774194,310,0.982948974677996,0.0163909869989212
Ex_c8238_637,chr7D,464338258,0.875100270267707,0.0596774193548387,310,0.980434074318493,0.0164615941602761
wsnp_Ex_c17914_26681837,chr7D,504182022,0.183840535129975,0.283870967741935,310,0.853966700058071,-0.109938942827085
TA001185-0966,chr7D,519574795,0.979216961914199,0.196774193548387,310,0.992700155882037,0.00189720418354966
RFL_Contig471_835,chr7D,526524314,0.416417968550201,0.288709677419355,310,0.902759083044459,0.042116234277735
BS00051607_51,chr7D,529494695,0.205539800070997,0.240322580645161,310,0.862741585119681,-0.0908031402248923
BS00066128_51,chr7D,531229184,0.555228883477832,0.280645161290323,310,0.934731651563707,-0.0309261824406946
wsnp_Ex_c145_285194,chr7D,533549451,0.106096446798615,0.254838709677419,310,0.800651248318356,-0.11075097087884
Ku_c32426_324,chr7D,552228822,0.62970094201963,0.0870967741935484,310,0.944768200113944,-0.0430134876423551
BS00022610_51,chr7D,553528968,0.0899783679722418,0.190322580645161,310,0.773440466448767,-0.154233637676114
RAC875_c16367_81,chr7D,572091412,0.945996280833319,0.290322580645161,310,0.988595103778186,-0.00430884909566487
tplb0049k01_89,chr7D,573162684,0.616877216016548,0.27258064516129,310,0.944768200113944,0.0274233291055168
Kukri_c22576_148,chr7D,573744387,0.867307296905414,0.317741935483871,310,0.980434074318493,0.0103000325195666
Excalibur_c7895_385,chr7D,573803660,0.594940133614757,0.287096774193548,310,0.944768200113944,0.0328546239104384
BobWhite_c11549_468,chr7D,574260504,0.744404206416905,0.180645161290323,310,0.977698860305626,0.0303428468510987
Kukri_c61816_202,chr7D,574331477,0.531736167776279,0.441935483870968,310,0.934731651563707,-0.0380062121700178
D_contig57690_497,chr7D,585248188,0.429635204022351,0.111290322580645,310,0.90670347646114,0.0807944102388802
tplb0057p21_1365,chr7D,585668368,0.952300467956934,0.329032258064516,310,0.988595103778186,-0.00348096723271851
Excalibur_c30730_1503,chr7D,601674848,0.0591583797790258,0.130645161290323,310,0.740176151750893,-0.140552411397806
BS00000744_51,chrUn,2128412,0.430604655497926,0.390322580645161,310,0.90670347646114,0.0503113709580987
BS00086387_51,chrUn,5306850,0.0785434181871063,0.017741935483871,310,0.7564864396327,-0.316889897043637
Ex_c45438_377,chrUn,35000738,0.499797429215511,0.383870967741935,310,0.927746556942725,-0.0545945512308208
IAAV4595,chrUn,42458587,0.974477779693911,0.235483870967742,310,0.992680831229816,-0.00222392902256274
BobWhite_c15849_189,chrUn,94654791,0.510561994711368,0.130645161290323,310,0.930064994489677,-0.0661396044041993
RAC875_c58425_286,chrUn,208301821,0.49726527621804,0.335483870967742,310,0.927746556942725,0.0389492959464945
