SNP,Chr,Pos,P.value,MAF,nobs,H&B.P.Value,Effect
BS00093327_51,chr1A,1354675,0.0135055753081143,0.423076923076923,195,0.625169081536775,-23.1851510591043
Excalibur_c9509_1180,chr1A,1354748,0.750483562107711,0.48974358974359,195,0.982464268179436,-2.67597905670277
Tdurum_contig44888_837,chr1A,1355110,0.997995117474413,0.487179487179487,195,0.998560233622473,-0.0233349039349378
RAC875_rep_c110533_92,chr1A,1357290,0.38432613859376,0.364102564102564,195,0.930884147076342,7.83975144336449
Kukri_c2408_857,chr1A,1360891,0.646782229189383,0.479487179487179,195,0.980767789061915,-4.33146014659087
BS00033749_51,chr1A,1816397,0.568643484768471,0.484615384615385,195,0.965909551263806,-5.70163754205328
tplb0025b13_1721,chr1A,4167188,0.642359003618214,0.292307692307692,195,0.980767789061915,4.3895883909978
CAP12_c8501_370,chr1A,4718945,0.201593423192031,0.297435897435897,195,0.855227969369721,13.5745781428374
BS00056550_51,chr1A,6999797,0.760850283894085,0.0205128205128205,195,0.982464268179436,-9.33181454478708
RAC875_c57939_78,chr1A,12439180,0.590677533336727,0.346153846153846,195,0.966677717195623,7.49029802720179
RAC875_c34888_65,chr1A,12909949,0.957188840834448,0.243589743589744,195,0.998560233622473,0.611210029369431
BobWhite_c6558_234,chr1A,12915431,0.320664529129514,0.494871794871795,195,0.917881562067026,-11.5701544324183
wsnp_Ex_c4876_8692783,chr1A,13228692,0.833929093488266,0.0179487179487179,195,0.990409198579425,7.31604611913644
BS00074370_51,chr1A,13552412,0.935728630090534,0.246153846153846,195,0.998560233622473,-1.24531411229464
BobWhite_c27474_124,chr1A,13674933,0.0709332410752141,0.243589743589744,195,0.761889347338316,-21.9544468001723
Jagger_rep_c10343_173,chr1A,14484241,0.0584926672785609,0.384615384615385,195,0.748520486604676,-21.2814072326371
D_contig08749_250,chr1A,20208049,0.301306732710995,0.192307692307692,195,0.909965811773152,14.9715949227162
CAP7_c4833_55,chr1A,25868810,0.332369428581909,0.0333333333333333,195,0.922387792489646,25.6428668289905
RAC875_c16820_419,chr1A,27603266,0.801633568343596,0.0487179487179487,195,0.982464268179436,-5.49252087809606
BobWhite_c4328_1345,chr1A,28461062,0.899531212259788,0.0128205128205128,195,0.995768077486298,-4.69246900160735
Excalibur_c7026_2635,chr1A,28467461,0.518753754844745,0.251282051282051,195,0.965186634667686,-8.74404259945652
Tdurum_contig13946_329,chr1A,33724809,0.946060767732558,0.302564102564103,195,0.998560233622473,-0.612211624479926
wsnp_CAP11_c23_61357,chr1A,65077856,0.781866881091808,0.305128205128205,195,0.982464268179436,3.00092743194523
IAAV4243,chr1A,71367943,0.990001281858937,0.279487179487179,195,0.998560233622473,-0.137487823508195
BS00087437_51,chr1A,113855345,0.664006872031201,0.233333333333333,195,0.982464268179436,-4.76940883677065
BS00062869_51,chr1A,248549559,0.224653919477185,0.194871794871795,195,0.889138038341312,12.1055324583791
wsnp_Ex_c44049_50205904,chr1A,336951094,0.482019529164262,0.146153846153846,195,0.953922457942398,8.71938450671362
TA004725-0348,chr1A,397284657,0.138190101790335,0.266666666666667,195,0.816421245623809,-15.7701395133157
IACX3496,chr1A,470800686,0.594785452022492,0.256410256410256,195,0.966677717195623,-6.47389537035417
BS00033469_51,chr1A,472323049,0.751655877016774,0.0846153846153846,195,0.982464268179436,-7.55076693457625
Kukri_c3582_87,chr1A,473918642,0.243525783097422,0.225641025641026,195,0.894615506721713,-14.0144173231227
GENE-0112_64,chr1A,473977326,0.299878689490394,0.143589743589744,195,0.907563541888076,-14.1727464109186
RAC875_c2734_135,chr1A,479860652,0.134342612299421,0.458974358974359,195,0.816421245623809,15.1092135255054
BS00067421_51,chr1A,479992930,0.239364723642574,0.305128205128205,195,0.889138038341312,-12.8718895319691
BS00012283_51,chr1A,480067827,0.200028237558494,0.230769230769231,195,0.855227969369721,-13.7595584922839
BS00023101_51,chr1A,480068381,0.773689916201572,0.315384615384615,195,0.982464268179436,-3.1316915112377
wsnp_JD_c13903_13781269,chr1A,480068628,0.233595930579841,0.123076923076923,195,0.889138038341312,15.2034132797436
BS00021889_51,chr1A,480889849,0.509818166613683,0.0846153846153846,195,0.962352897382436,10.8112382972628
wsnp_BE495786A_Ta_2_1,chr1A,480890263,0.171034564062412,0.0974358974358974,195,0.835432524223078,-20.7138319443281
IACX4378,chr1A,481526778,0.617878289996165,0.143589743589744,195,0.977642459101279,-7.41186825830175
wsnp_Ex_c4539_8148835,chr1A,481528464,0.390476545160994,0.0871794871794872,195,0.933099223408277,-13.1335365174972
Excalibur_c30591_637,chr1A,481964686,0.576288553457789,0.143589743589744,195,0.966016329972609,-7.89921647938405
RAC875_c31276_1128,chr1A,483405666,0.851798400618584,0.315384615384615,195,0.990409198579425,-2.0063944177939
wsnp_Ex_c5192_9203100,chr1A,484060367,0.746133345446694,0.0615384615384615,195,0.982464268179436,6.86943942510669
wsnp_Ex_c12336_19686808,chr1A,484062365,0.227018860861192,0.041025641025641,195,0.889138038341312,-25.9214119642754
BS00021714_51,chr1A,489169148,0.496313823725951,0.274358974358974,195,0.954283489144457,-7.83116301945091
Ra_c4159_2716,chr1A,489617658,0.590064169087222,0.182051282051282,195,0.966677717195623,-7.51576711169128
BobWhite_c12568_900,chr1A,490253962,0.595180890835005,0.105128205128205,195,0.966677717195623,-8.28996129416981
Kukri_c25215_124,chr1A,491269251,0.383949517752742,0.225641025641026,195,0.930884147076342,-9.28688975123117
BobWhite_c37384_208,chr1A,498821176,0.255236860837112,0.317948717948718,195,0.901419431121769,-12.5392310171437
BobWhite_c7337_717,chr1A,511557116,0.564644708186812,0.164102564102564,195,0.965186634667686,9.37478834338685
wsnp_Ex_c1997_3757721,chr1A,513064456,0.150862099104696,0.325641025641026,195,0.816421245623809,-14.3993644994027
wsnp_JD_c6544_7697578,chr1A,513066693,0.870486483485912,0.3,195,0.993636703048841,-1.69192454042428
Jagger_c5280_407,chr1A,513066859,0.499848025547928,0.476923076923077,195,0.957451618862319,7.60735303284923
wsnp_Ku_c23012_32893918,chr1A,514746340,0.161489839311858,0.271794871794872,195,0.824718341225587,-14.5909475200932
Excalibur_c49946_169,chr1A,520448683,0.607689864919799,0.251282051282051,195,0.973427968767559,6.12107331349557
BS00039377_51,chr1A,521739732,0.0808822770036352,0.148717948717949,195,0.772535045759046,-21.7280866567062
BobWhite_c27438_81,chr1A,527160340,0.507968751922576,0.146153846153846,195,0.962037282580056,-7.76701744495088
wsnp_Ku_c5210_9289260,chr1A,527160478,0.195861843021754,0.158974358974359,195,0.851379856396951,-15.5359012421851
wsnp_Ku_c5210_9290700,chr1A,527163793,0.261342593648644,0.141025641025641,195,0.901419431121769,-14.2077026631942
wsnp_Ra_c11594_18777085,chr1A,529465274,0.239405684439141,0.156410256410256,195,0.889138038341312,-15.4913033751208
Excalibur_c7370_179,chr1A,530229961,0.038744518765653,0.417948717948718,195,0.676234543847534,-19.7146896656029
IAAV8743,chr1A,532099147,0.745029604378741,0.433333333333333,195,0.982464268179436,-2.7371705602356
BS00110627_51,chr1A,535721747,0.995410501451057,0.225641025641026,195,0.998560233622473,-0.0608264395029892
RAC875_c21411_162,chr1A,539294401,0.566547301136018,0.241025641025641,195,0.965909551263806,-5.39711081019135
Jagger_c6890_167,chr1A,540738981,0.170613478359783,0.264102564102564,195,0.835432524223078,-17.2956202568847
RAC875_c12348_720,chr1A,540937942,0.247359250917536,0.102564102564103,195,0.896764411821063,17.8967344359256
Ra_c29200_300,chr1A,545236493,0.409782115090449,0.466666666666667,195,0.933099223408277,-7.8733986360478
Ra_c8027_1021,chr1A,549334497,0.961579749245707,0.21025641025641,195,0.998560233622473,-0.615519257231995
BobWhite_rep_c49755_131,chr1A,549894332,0.346105033414579,0.412820512820513,195,0.923818117890575,-8.78935044548791
BS00030043_51,chr1A,549999988,0.9799244728201,0.415384615384615,195,0.998560233622473,-0.254441295093898
BS00066212_51,chr1A,550613782,0.430395790796808,0.469230769230769,195,0.938335940749125,7.4612167362892
Tdurum_contig78830_745,chr1A,558465541,0.413856726180182,0.258974358974359,195,0.937544660462028,-9.0655665193176
wsnp_RFL_Contig3951_4390396,chr1A,560345683,0.777802520264606,0.241025641025641,195,0.982464268179436,4.32673430245131
Tdurum_contig51167_390,chr1A,565387073,0.684386636443794,0.361538461538462,195,0.982464268179436,-4.49055560045906
Excalibur_c88792_93,chr1A,576699754,0.711809670073582,0.282051282051282,195,0.982464268179436,3.932895326942
wsnp_Ex_c3264_6017750,chr1A,579495807,0.85047591684362,0.317948717948718,195,0.990409198579425,2.00572131355113
wsnp_Ku_c816_1684613,chr1A,579800618,0.580958305111945,0.0358974358974359,195,0.966677717195623,-15.3244810505738
Tdurum_contig8224_378,chr1A,579800877,0.916870441971651,0.0897435897435897,195,0.995768077486298,-1.50327711520265
Excalibur_c41553_213,chr1A,580101627,0.490929536619222,0.128205128205128,195,0.954283489144457,9.66041639691696
wsnp_Ex_c41553_48351921,chr1A,580104194,0.914941016739433,0.0461538461538462,195,0.995768077486298,-2.36780452393145
Kukri_c2338_533|wsnp_Ex_c7684_13109335,chr1A,580105699,0.425683355016375,0.058974358974359,195,0.938335940749125,-14.6459012309251
Excalibur_c16947_114,chr1A,580529487,0.445105884545418,0.0461538461538462,195,0.946406503116573,-14.5237437176933
TA001430-0733,chr1A,580738176,0.290153111330626,0.0179487179487179,195,0.904171779958302,-36.9768688296178
IAAV4238,chr1A,584049510,0.698092721467909,0.0205128205128205,195,0.982464268179436,-14.1958916051442
BS00035273_51,chr1A,586167981,0.131810169503339,0.0974358974358974,195,0.816421245623809,24.0351436050569
BS00075271_51,chr1A,586624992,0.946649609137162,0.464102564102564,195,0.998560233622473,-1.22722678527589
RFL_Contig3395_1311,chr1A,588535850,0.624700725095934,0.287179487179487,195,0.979871080504821,-4.79925481155112
BS00021780_51,chr1A,590952711,0.18840607790629,0.0846153846153846,195,0.851379856396951,21.9295478606957
BobWhite_c44947_277,chr1A,593735900,0.404356012709438,0.412820512820513,195,0.933099223408277,7.76856660401597
wsnp_Ex_rep_c67492_66096650,chr1A,595126027,0.987496529562506,0.202564102564103,195,0.998560233622473,0.206602399546
BS00050522_51,chr1B,22335,0.9172061074195,0.474358974358974,195,0.995768077486298,0.91964777399761
Ku_c3169_1250,chr1B,5151885,0.10045831296484,0.274358974358974,195,0.814551486391518,-17.7985086843259
RAC875_c3692_2287,chr1B,8142192,0.642512257884658,0.348717948717949,195,0.980767789061915,6.75637692082955
CAP11_c852_603,chr1B,8667979,0.931291423233714,0.5,195,0.998560233622473,0.825044844620038
RAC875_rep_c70613_78,chr1B,12778945,0.241028364666377,0.497435897435897,195,0.889138038341312,-11.3748427478655
Tdurum_contig44861_1253,chr1B,24100217,0.604153226629574,0.446153846153846,195,0.973078511674183,-4.62183306389772
BS00065737_51,chr1B,38915610,0.315752119484428,0.405128205128205,195,0.917881562067026,-8.4062641475964
Ra_c29142_340,chr1B,50691940,0.0753167781836898,0.0820512820512821,195,0.761889347338316,-33.6865444643839
Excalibur_c4058_1121,chr1B,57086380,0.420804748395721,0.0512820512820513,195,0.938335940749125,20.7804169876766
Kukri_c65759_98,chr1B,283865024,0.686924318935845,0.279487179487179,195,0.982464268179436,-5.40240721921305
IAAV5269,chr1B,311474930,0.316663756073892,0.282051282051282,195,0.917881562067026,11.1906707488506
IAAV8661,chr1B,311756323,0.276070198549674,0.179487179487179,195,0.901419431121769,-12.742547942348
Kukri_c2535_98,chr1B,323187964,0.567104320360915,0.220512820512821,195,0.965909551263806,6.75806934807963
Kukri_c62848_106,chr1B,323371934,0.670432194946409,0.28974358974359,195,0.982464268179436,-5.68635519783754
BS00062942_51,chr1B,325756734,0.782012371737932,0.230769230769231,195,0.982464268179436,-3.10340150277256
CAP7_c1241_128,chr1B,334516236,0.714463347896952,0.294871794871795,195,0.982464268179436,4.48142546827103
Kukri_c49091_415,chr1B,341648517,0.45194222149393,0.451282051282051,195,0.946406503116573,11.1372214836922
BS00022670_51,chr1B,341955467,0.786876401106257,0.258974358974359,195,0.982464268179436,-2.7829490540006
RAC875_c44575_561,chr1B,343628061,0.518941858109536,0.453846153846154,195,0.965186634667686,8.0079438678473
RAC875_c44575_396,chr1B,343628226,0.495271372500808,0.135897435897436,195,0.954283489144457,15.6567773150739
IAAV2546|wsnp_Ku_c30982_40765341,chr1B,343800079,0.108779816512504,0.264102564102564,195,0.814551486391518,19.8748905236793
wsnp_Ku_c66585_65967792,chr1B,376231351,0.619118229617618,0.238461538461538,195,0.977642459101279,6.24619172036023
Tdurum_contig65023_587,chr1B,376367714,0.435972664738593,0.302564102564103,195,0.940880288541268,10.1591784900924
JD_c10376_670,chr1B,380749208,0.667425959639389,0.287179487179487,195,0.982464268179436,4.74244503062187
Kukri_rep_c95031_104,chr1B,381979642,0.257985070598732,0.197435897435897,195,0.901419431121769,14.7509248310377
Kukri_c8308_245,chr1B,388396521,0.26576906208059,0.212820512820513,195,0.901419431121769,16.5926701386836
Tdurum_contig84184_124|wsnp_Ex_c15934_24341135,chr1B,388904013,0.290226303667276,0.287179487179487,195,0.904171779958302,13.245790747201
Kukri_rep_c70738_896,chr1B,389675488,0.271294507434762,0.266666666666667,195,0.901419431121769,14.0797003550284
BS00041010_51,chr1B,389681588,0.149696126931798,0.207692307692308,195,0.816421245623809,25.9261657191196
Tdurum_contig10326_151,chr1B,396633638,0.537341318977487,0.243589743589744,195,0.965186634667686,6.486220093273
Kukri_rep_c108436_534,chr1B,398246044,0.688497945529564,0.253846153846154,195,0.982464268179436,-4.23850743323567
BS00062740_51,chr1B,398251099,0.563235631071728,0.138461538461538,195,0.965186634667686,9.36927768660871
Tdurum_contig42217_127,chr1B,415831210,0.0649808599204577,0.412820512820513,195,0.748520486604676,-18.5611020164945
Tdurum_contig43910_687,chr1B,415841752,0.984491572649613,0.376923076923077,195,0.998560233622473,-0.205924731711661
wsnp_BE442716B_Ta_2_2,chr1B,416367185,0.337166580156844,0.220512820512821,195,0.922387792489646,-9.47437701826482
BS00022581_51,chr1B,420891509,0.888971970558103,0.297435897435897,195,0.995768077486298,1.70919346146741
BobWhite_c11460_291,chr1B,421760674,0.599156908917828,0.128205128205128,195,0.971293814731928,-8.73058132774895
Tdurum_contig57127_56,chr1B,422242469,0.851537269735377,0.220512820512821,195,0.990409198579425,2.45905935838869
Tdurum_contig8081_2331,chr1B,422259364,0.596965345404394,0.258974358974359,195,0.968629720229168,7.0261232105297
BS00071083_51,chr1B,428575338,0.134564976360909,0.302564102564103,195,0.816421245623809,-15.4030418145907
BS00076696_51,chr1B,428575404,0.21318744979678,0.343589743589744,195,0.867977474172604,-11.7079315486037
Kukri_c12151_467,chr1B,428578789,0.432261152105143,0.143589743589744,195,0.938335940749125,-10.4047458553346
Tdurum_contig28305_106,chr1B,434454031,0.0955259988573332,0.333333333333333,195,0.814551486391518,-18.1693612643015
BS00110480_51,chr1B,435014214,0.0134938923183866,0.258974358974359,195,0.625169081536775,-27.9000079482477
IACX5764,chr1B,437206836,0.170409959267926,0.253846153846154,195,0.835432524223078,-19.782624239545
Tdurum_contig48171_189,chr1B,445021239,0.131360289666234,0.266666666666667,195,0.816421245623809,-16.0081898912497
BS00073132_51,chr1B,454685170,0.107256440408361,0.302564102564103,195,0.814551486391518,17.3963779513665
wsnp_Ra_c2027_3945713,chr1B,464716376,0.625235496209871,0.176923076923077,195,0.979871080504821,7.54126577456748
Ra_c3083_982,chr1B,465069906,0.073084718854628,0.166666666666667,195,0.761889347338316,32.3123654620425
IAAV5704,chr1B,465205324,0.331665051092403,0.141025641025641,195,0.922387792489646,20.548778528889
wsnp_Ex_c34966_43196962,chr1B,465207721,0.353144873658968,0.241025641025641,195,0.928672722754226,11.1538108413876
RAC875_c46646_549,chr1B,479560518,0.00784856598150397,0.207692307692308,195,0.586627719512313,-42.3629251447721
Excalibur_s102212_259,chr1B,482244929,0.0386329369503992,0.476923076923077,195,0.676234543847534,-24.0363381890741
CAP8_c9553_109,chr1B,482246415,0.0194114957514278,0.474358974358974,195,0.625169081536775,-25.745736418862
Kukri_c667_1073,chr1B,482247845,0.346826097900903,0.233333333333333,195,0.923832748822651,9.60996278097394
CAP7_c3456_113,chr1B,483824929,0.903026777536071,0.492307692307692,195,0.995768077486298,-1.23557654615206
Excalibur_rep_c105376_485,chr1B,484685232,0.592374100887974,0.261538461538462,195,0.966677717195623,7.67026803654369
BS00023142_51,chr1B,484687372,0.52874110698125,0.482051282051282,195,0.965186634667686,-7.13421876369455
BS00034925_51|Tdurum_contig28316_442,chr1B,485203357,0.564312381169706,0.469230769230769,195,0.965186634667686,-7.15312486613971
BS00067146_51,chr1B,488628573,2.46466666382689e-05,0.153846153846154,195,0.0217753299749105,44.7680985184731
wsnp_Ku_c19618_29134473,chr1B,490545756,0.187722576820473,0.430769230769231,195,0.851379856396951,11.9861101759624
RAC875_c87890_234,chr1B,495275022,0.27211549657105,0.402564102564103,195,0.901419431121769,-9.81724246549282
Tdurum_contig59449_249,chr1B,495276116,0.640778007276008,0.476923076923077,195,0.980767789061915,-5.81890433961462
wsnp_Ex_c23992_33235984,chr1B,540458499,0.0986660075555044,0.166666666666667,195,0.814551486391518,22.1829278959091
BS00065126_51,chr1B,548030097,0.140947572827923,0.238461538461538,195,0.816421245623809,-17.1098640834226
Tdurum_contig83770_218,chr1B,551693240,0.120941075604885,0.133333333333333,195,0.816421245623809,21.3659412260761
Tdurum_contig42749_3287,chr1B,557183418,0.0207222799871845,0.179487179487179,195,0.625169081536775,28.2911173813627
BS00023071_51,chr1B,609474528,0.143873822076442,0.153846153846154,195,0.816421245623809,-17.6403364967821
RAC875_c52957_154,chr1B,611027568,0.594954932974518,0.405128205128205,195,0.966677717195623,6.6122004370402
Excalibur_c44818_109,chr1B,611027714,0.178337569626713,0.317948717948718,195,0.840413053890983,-13.0461944140928
RFL_Contig2176_1111,chr1B,611028387,0.18083982956212,0.423076923076923,195,0.840413053890983,16.1952810384258
RFL_Contig2176_932,chr1B,611028566,0.0180981871101047,0.394871794871795,195,0.625169081536775,-22.7525584446713
BS00064162_51,chr1B,611145616,0.0183082295788626,0.0205128205128205,195,0.625169081536775,-79.9927680396361
Tdurum_contig96049_200,chr1B,613632313,0.114052969878639,0.417948717948718,195,0.815047167593115,15.3114106908091
BS00022775_51,chr1B,614467582,0.237024677760117,0.212820512820513,195,0.889138038341312,-13.4310553724042
BobWhite_c48071_144,chr1B,624345061,1.31038310409659e-06,0.346153846153846,195,0.00231544694493867,46.4573114642177
RAC875_c16136_1597,chr1B,632415952,0.119041396583251,0.417948717948718,195,0.81533054731902,21.5032249190979
Tdurum_contig49651_546,chr1B,637979778,0.721970260917852,0.176923076923077,195,0.982464268179436,4.29298801992633
BS00022411_51,chr1B,639185133,0.522617839081665,0.425641025641026,195,0.965186634667686,6.49648942129386
Ra_c17685_927,chr1B,641746937,0.799548421687405,0.123076923076923,195,0.982464268179436,-3.83455503494343
BobWhite_c36862_84,chr1B,642008969,0.00826446770817855,0.102564102564103,195,0.586627719512313,50.1119526698703
CAP12_c6260_64|Kukri_c63336_621,chr1B,643756710,0.714265502511345,0.241025641025641,195,0.982464268179436,3.66405917188513
BobWhite_c2844_569|BS00039135_51,chr1B,646331263,0.975953873126082,0.0384615384615385,195,0.998560233622473,-0.756148963076271
BS00094237_51,chr1B,647594072,0.672504318498542,0.11025641025641,195,0.982464268179436,5.43283119941225
CAP11_c6406_104,chr1B,647594448,0.791326146133703,0.135897435897436,195,0.982464268179436,4.36257837306687
Tdurum_contig10036_1057,chr1B,650372614,0.0567682540090619,0.464102564102564,195,0.743033369140832,-17.1984645501791
Tdurum_contig93532_89,chr1B,650732830,0.861892359399243,0.138461538461538,195,0.990520162863411,2.32956114709543
TA004946-0577,chr1B,650733704,0.312515254415554,0.117948717948718,195,0.917881562067026,14.5940246000536
wsnp_Ex_c27176_36393952,chr1B,651094835,0.225873454504474,0.184615384615385,195,0.889138038341312,15.4862799736131
Kukri_c4453_1248,chr1B,651095088,0.744413413724964,0.305128205128205,195,0.982464268179436,2.92943334133025
Tdurum_contig50988_500,chr1B,655761835,0.0663636360746438,0.371794871794872,195,0.748520486604676,16.8410486092607
BobWhite_c23617_167,chr1B,655818576,0.400105819742538,0.120512820512821,195,0.933099223408277,-11.9398377818073
Jagger_c3757_131,chr1B,655819171,0.673916752600144,0.123076923076923,195,0.982464268179436,5.96435334251555
RFL_Contig1823_1044,chr1B,655955235,0.854334613350697,0.248717948717949,195,0.990520162863411,1.86811698112604
BS00068077_51,chr1B,660645333,0.719325315847182,0.112820512820513,195,0.982464268179436,-5.27781781695103
BS00071893_51,chr1B,667040658,0.324292366932538,0.182051282051282,195,0.922387792489646,-12.1220896251242
Tdurum_contig57153_1356,chr1B,669462262,0.978527360201396,0.0538461538461538,195,0.998560233622473,0.592914900163123
CAP12_c1085_283,chr1B,669989968,0.864918220862275,0.169230769230769,195,0.990520162863411,-2.18615797941237
Tdurum_contig10475_87,chr1B,669990181,0.79589273286662,0.123076923076923,195,0.982464268179436,-4.49881339767558
IACX8074,chr1B,670565745,0.603162978962071,0.338461538461538,195,0.973078511674183,6.00281144932706
IACX2234,chr1B,671612273,0.270375826694207,0.143589743589744,195,0.901419431121769,16.307167049981
wsnp_CAP12_c1337_682282,chr1B,672141700,0.474104059680783,0.128205128205128,195,0.949882669423383,10.4623780237915
BobWhite_c9963_51,chr1B,672661803,0.844658318633584,0.0615384615384615,195,0.990409198579425,3.31457846447626
Kukri_c1565_111,chr1B,674269701,0.452397208322346,0.130769230769231,195,0.946406503116573,11.8345118853873
Tdurum_contig4904_2923,chr1B,674537343,0.0531813550610727,0.397435897435897,195,0.730977010729452,19.0777656887586
Kukri_c44604_203,chr1B,682090700,0.92760246324283,0.0846153846153846,195,0.998560233622473,-1.59486156745388
Ku_c11537_539,chr1B,694408430,0.775379893488426,0.0153846153846154,195,0.982464268179436,-9.41227226635078
Kukri_c7822_144,chr1D,119937,0.417264772237245,0.274358974358974,195,0.938049430716555,-10.6314321548896
BobWhite_c47810_111,chr1D,146722,0.900784513070986,0.041025641025641,195,0.995768077486298,2.88553900156012
D_GDS7LZN02IXNP1_255,chr1D,176881,0.83547965410112,0.392307692307692,195,0.990409198579425,-2.28375863940562
BS00093325_51,chr1D,201744,0.319060901189055,0.317948717948718,195,0.917881562067026,10.3975775692662
RAC875_c48669_292,chr1D,201983,0.3384470400374,0.335897435897436,195,0.922387792489646,8.64090471578373
RAC875_c10925_1887,chr1D,206331,0.100108357147852,0.430769230769231,195,0.814551486391518,16.8826711234195
wsnp_Ex_c278_538285,chr1D,4107550,0.0248851062658565,0.412820512820513,195,0.625169081536775,22.046269417815
RAC875_c2070_566,chr1D,4108163,0.697708965579534,0.41025641025641,195,0.982464268179436,3.88687171450488
Kukri_c83523_57,chr1D,4819665,0.474083792878501,0.174358974358974,195,0.949882669423383,-11.8602679140363
wsnp_Ex_c1969_3705930,chr1D,9178798,0.664450552008479,0.169230769230769,195,0.982464268179436,4.97125824207967
BobWhite_rep_c49356_206,chr1D,9181696,0.466001983434446,0.138461538461538,195,0.946406503116573,9.24256081156784
IAAV8085,chr1D,9252704,0.298688599516455,0.135897435897436,195,0.907563541888076,-14.8567597384697
wsnp_Ex_c1085_2078686,chr1D,9490728,0.562206671296992,0.264102564102564,195,0.965186634667686,-9.04670812866243
wsnp_Ex_c1358_2600929,chr1D,9889218,0.304358605737219,0.11025641025641,195,0.909965811773152,15.226791170996
wsnp_Ex_c1358_2602235,chr1D,9890524,0.104051648814634,0.1,195,0.814551486391518,25.5431603873393
wsnp_Ra_c2633_5017265,chr1D,9894028,0.502621860110108,0.0974358974358974,195,0.960143596556281,10.7808859687946
wsnp_Ku_c13622_21660346,chr1D,11487828,0.656064967159944,0.18974358974359,195,0.982464268179436,-4.6003073845024
Ku_c13622_482,chr1D,11488050,0.913171981553107,0.412820512820513,195,0.995768077486298,1.21781446824298
wsnp_Ex_rep_c67198_65703538,chr1D,11549768,0.549165458003972,0.448717948717949,195,0.965186634667686,-5.51764976282902
Kukri_c17177_1575,chr1D,11552558,0.678350838689595,0.174358974358974,195,0.982464268179436,4.36687155956236
BobWhite_c33756_74,chr1D,11670552,0.728170141463409,0.425641025641026,195,0.982464268179436,-3.85072399219416
RAC875_c23587_548,chr1D,13032856,0.160682525121544,0.423076923076923,195,0.822973976492082,-15.9369845556201
Ku_c12842_664,chr1D,13713082,0.462277135375436,0.202564102564103,195,0.946406503116573,-9.56804258100419
Ex_c6145_1877,chr1D,13910970,0.666220598649669,0.0256410256410256,195,0.982464268179436,-11.6011939389168
RAC875_c7752_549,chr1D,13912290,0.488383503770102,0.0641025641025641,195,0.954283489144457,11.868836544525
D_F5XZDLF02I14SZ_56,chr1D,14840658,0.124533773804986,0.0153846153846154,195,0.816421245623809,55.1277020890034
D_GBF1XID01CJH0V_94,chr1D,15541438,0.618263796265967,0.0102564102564103,195,0.977642459101279,20.0449857479953
BS00022178_51,chr1D,17161138,0.951883339261525,0.0641025641025641,195,0.998560233622473,1.10817808830257
BS00023049_51,chr1D,18034111,0.989347224516658,0.169230769230769,195,0.998560233622473,0.168568913715035
Kukri_c19257_78,chr1D,18034210,0.915570493375679,0.120512820512821,195,0.995768077486298,1.6086678561461
Kukri_c46169_294,chr1D,19078051,0.950093143130204,0.261538461538462,195,0.998560233622473,-0.659567242879689
Excalibur_c48750_124,chr1D,19528319,0.273540129613849,0.166666666666667,195,0.901419431121769,13.1090072726541
IAAV5327,chr1D,19530369,0.0424357243029457,0.394871794871795,195,0.692908104824779,-17.4619808484188
wsnp_Ex_rep_c101500_86856679,chr1D,32547194,0.982970763751192,0.320512820512821,195,0.998560233622473,-0.214305974062029
RAC875_c62_1546|RFL_Contig5594_1283,chr1D,33651304,0.414697765960203,0.425641025641026,195,0.937895868127495,8.77425346178734
RAC875_c62_1514,chr1D,33651336,0.245042168495984,0.451282051282051,195,0.896687338243988,-9.96825183192851
BS00000721_51,chr1D,33651744,0.49380061342136,0.328205128205128,195,0.954283489144457,7.10595978151088
wsnp_BE405518D_Ta_2_3,chr1D,33651984,0.0979655383461915,0.325641025641026,195,0.814551486391518,17.3187028211257
RAC875_c62_321,chr1D,33652851,0.490944366201398,0.433333333333333,195,0.954283489144457,7.22398829302563
IACX11290,chr1D,34571815,0.549506723995606,0.0256410256410256,195,0.965186634667686,15.7663443309063
BS00002178_51,chr1D,34811486,0.0599451840297055,0.171794871794872,195,0.748520486604676,24.058529634385
BS00012936_51,chr1D,35723926,0.000613445012798669,0.151282051282051,195,0.172181078120515,50.0335272655227
D_GDS7LZN02JVIW1_263,chr1D,35740701,0.397283702915833,0.102564102564103,195,0.933099223408277,12.9331387096651
CAP11_c3218_126,chr1D,36043189,0.430920737435579,0.0948717948717949,195,0.938335940749125,14.1403390538129
BS00105568_51,chr1D,36045951,0.0754559342298842,0.207692307692308,195,0.761889347338316,-18.0857496287762
wsnp_CAP12_c633_339740,chr1D,37765713,0.871156483185871,0.0794871794871795,195,0.993759526009964,2.68905874058515
CAP7_c1609_203,chr1D,39898481,0.360169944678695,0.294871794871795,195,0.930884147076342,-8.35833578189028
BS00065478_51,chr1D,39912847,0.343243227841519,0.282051282051282,195,0.923818117890575,10.1533198833332
BS00086679_51,chr1D,40083959,0.394068743253856,0.256410256410256,195,0.933099223408277,-10.4151520855261
BS00034563_51,chr1D,40089836,0.585621019233385,0.302564102564103,195,0.966677717195623,6.44749153413295
BobWhite_c555_1485,chr1D,40090195,0.625520418115132,0.220512820512821,195,0.979871080504821,5.88388385561831
BS00011451_51,chr1D,40092595,0.376562221921038,0.282051282051282,195,0.930884147076342,9.44810106152454
BS00074824_51,chr1D,40195159,0.861524696798234,0.284615384615385,195,0.990520162863411,2.07440366208527
IAAV4760,chr1D,42691775,0.777323057489686,0.107692307692308,195,0.982464268179436,-4.65667621339992
IAAV4794,chr1D,44855708,0.0665749557997432,0.102564102564103,195,0.748520486604676,-31.9431505299757
BS00100990_51,chr1D,45136819,0.789777449928658,0.0461538461538462,195,0.982464268179436,-5.58467756314406
Kukri_rep_c72587_123,chr1D,45779727,0.18101160095807,0.143589743589744,195,0.840413053890983,20.8657688101941
Kukri_c53398_200,chr1D,48947800,0.595215255409642,0.112820512820513,195,0.966677717195623,8.51663589206976
BS00077237_51,chr1D,49084981,0.911692322538172,0.125641025641026,195,0.995768077486298,1.76567408008248
Kukri_c5113_1082,chr1D,49113902,0.909784670060918,0.369230769230769,195,0.995768077486298,-1.43293291758062
RAC875_rep_c81479_191,chr1D,49114668,0.6773144371692,0.138461538461538,195,0.982464268179436,-6.17687855222823
BS00033405_51,chr1D,50810410,0.291899920529297,0.125641025641026,195,0.904171779958302,16.6726650143069
Excalibur_c4030_1770,chr1D,51161845,0.0535327175316414,0.0897435897435897,195,0.730977010729452,31.7126220184749
RAC875_c35094_476,chr1D,51565938,0.543529165568744,0.0769230769230769,195,0.965186634667686,-12.8503050459752
BS00072193_51,chr1D,52050649,0.450426517322847,0.0923076923076923,195,0.946406503116573,-13.1644431904473
Kukri_c20844_116,chr1D,52392217,0.893421855916005,0.115384615384615,195,0.995768077486298,2.09355923950181
BS00074817_51,chr1D,53588898,0.983000183460979,0.115384615384615,195,0.998560233622473,0.31087965093667
D_contig16934_681,chr1D,53591999,0.754563191956672,0.105128205128205,195,0.982464268179436,-5.4155543937685
IACX6432,chr1D,57088704,0.961358786366804,0.0974358974358974,195,0.998560233622473,-0.924102327939181
wsnp_BE445121D_Ta_2_2,chr1D,57314473,0.72964119127756,0.11025641025641,195,0.982464268179436,5.25062521641047
Excalibur_c5958_1270,chr1D,58111306,0.757951763109903,0.11025641025641,195,0.982464268179436,-4.48428400531805
Excalibur_c5958_1398,chr1D,58111434,0.804672086047317,0.128205128205128,195,0.982468078908755,-3.92306191919386
BS00094471_51,chr1D,58809326,0.97218172685707,0.112820512820513,195,0.998560233622473,0.586833778610071
BS00024812_51,chr1D,112441745,0.778579826646278,0.343589743589744,195,0.982464268179436,-4.87101001666974
Kukri_c18350_151,chr1D,172527877,0.126067313995836,0.151282051282051,195,0.816421245623809,-18.1592258722708
RAC875_c19509_174,chr1D,193934385,0.594824167276468,0.0897435897435897,195,0.966677717195623,9.0257028117056
wsnp_Ex_rep_c70574_69491038,chr1D,216049707,0.282585349611121,0.182051282051282,195,0.901419431121769,12.8124362904167
Excalibur_c54055_694,chr1D,312106829,0.655727417550284,0.412820512820513,195,0.982464268179436,4.6918399059216
RAC875_rep_c105196_532,chr1D,329638192,0.093421223225553,0.215384615384615,195,0.814551486391518,-20.5016770646342
Excalibur_c33661_412,chr1D,341579717,0.61662659253125,0.0794871794871795,195,0.977642459101279,-8.3110087541092
wsnp_Ku_c53270_57959459,chr1D,355119524,0.237036788181316,0.241025641025641,195,0.889138038341312,-15.5677620526041
BS00071465_51,chr1D,358398125,0.373403294869893,0.153846153846154,195,0.930884147076342,-12.7478187555567
BS00038418_51,chr1D,359836800,0.258570783075321,0.18974358974359,195,0.901419431121769,14.5498193014943
IAAV4656,chr1D,361141537,0.932033333301456,0.133333333333333,195,0.998560233622473,1.29703834399078
D_contig14507_369,chr1D,369511242,0.495842846934085,0.264102564102564,195,0.954283489144457,-8.16818127983731
wsnp_Ex_c26626_35864468,chr1D,411773833,0.907139828384149,0.271794871794872,195,0.995768077486298,1.38837774126068
BobWhite_c3283_54,chr1D,411994616,0.930530695066637,0.105128205128205,195,0.998560233622473,1.45006339955074
Kukri_c12758_1488,chr1D,414251873,0.705528223533521,0.202564102564103,195,0.982464268179436,5.15049742164393
BS00040568_51,chr1D,439237091,0.372430033312517,0.0282051282051282,195,0.930884147076342,23.4732486805612
CAP11_c1701_324,chr1D,439396010,0.627189801532113,0.0128205128205128,195,0.979975034524477,-21.1046083927346
BS00022188_51,chr1D,465703299,0.303946497266722,0.133333333333333,195,0.909965811773152,-13.420399180117
Kukri_c3365_1192,chr1D,471972623,0.0797625727158396,0.246153846153846,195,0.772133261723999,-21.0435558248701
Excalibur_c20462_128,chr1D,477183304,0.286138164907198,0.274358974358974,195,0.903189628053356,10.4825847085971
RAC875_c68124_105,chr1D,477331667,0.821934756390905,0.153846153846154,195,0.98716777953728,-3.0145336854572
D_contig10329_117|Excalibur_c17937_1157,chr1D,478815749,0.297919101333641,0.346153846153846,195,0.907563541888076,9.5542645141897
RAC875_c51493_471,chr1D,479894522,0.246860614761175,0.205128205128205,195,0.896764411821063,-12.896591575573
CAP7_c6937_354,chr1D,480215313,0.569324589445879,0.223076923076923,195,0.965909551263806,6.67919048721183
wsnp_Ku_c23598_33524490,chr2A,4150148,0.326799285643138,0.338461538461538,195,0.922387792489646,9.73950453060263
Excalibur_c386_894,chr2A,4275967,0.359933415406904,0.392307692307692,195,0.930884147076342,-9.05820400001028
wsnp_Ex_c997_1906900,chr2A,5528827,0.67233002310955,0.197435897435897,195,0.982464268179436,-5.13456017078494
wsnp_Ku_c33374_42877546,chr2A,5531907,0.365986620983596,0.128205128205128,195,0.930884147076342,12.3692373106185
Kukri_c27040_309,chr2A,30844971,0.126109711471527,0.107692307692308,195,0.816421245623809,22.7082087542739
BobWhite_c9564_154,chr2A,60480967,0.683387863069711,0.366666666666667,195,0.982464268179436,-5.52853010220701
BobWhite_c1611_1685,chr2A,62090230,0.391434118524935,0.233333333333333,195,0.933099223408277,-8.42875456978641
BS00039209_51,chr2A,73598217,0.135551148437735,0.0282051282051282,195,0.816421245623809,44.1026489693419
Tdurum_contig48302_532,chr2A,76225305,0.237570688856682,0.0666666666666667,195,0.889138038341312,26.6499972843503
Excalibur_c15733_252,chr2A,76226142,0.734614686898174,0.0128205128205128,195,0.982464268179436,17.0152708025378
Excalibur_c3108_5476,chr2A,76412639,0.136139481830707,0.1,195,0.816421245623809,21.581351393773
wsnp_BE497494A_Td_2_1,chr2A,79772005,0.330787845119254,0.105128205128205,195,0.922387792489646,14.851746883195
wsnp_Ex_c41913_48628389,chr2A,86161281,0.152047175639929,0.0948717948717949,195,0.816421245623809,24.9390220695972
BS00074780_51,chr2A,88038316,0.115699455701949,0.0923076923076923,195,0.815047167593115,27.0341824097189
Kukri_c29034_492,chr2A,89375701,0.757422357000511,0.041025641025641,195,0.982464268179436,10.1198085764555
BobWhite_c3644_491,chr2A,89387690,0.614449194605114,0.128205128205128,195,0.977256279808493,6.65003031845347
Tdurum_contig56511_144,chr2A,90197856,0.455666321387489,0.112820512820513,195,0.946406503116573,10.1924163091446
Tdurum_contig44062_733,chr2A,91270892,0.887125932942486,0.158974358974359,195,0.995768077486298,1.93848071819059
Excalibur_c21269_176,chr2A,95428717,0.627805172089252,0.0871794871794872,195,0.979975034524477,10.0610484726261
BobWhite_c5562_219,chr2A,95437852,0.973225264619775,0.0692307692307692,195,0.998560233622473,-0.812991083458087
BobWhite_c26259_248,chr2A,101650624,0.618402709812548,0.161538461538462,195,0.977642459101279,7.03622249144223
Tdurum_contig30569_579,chr2A,102169489,0.225720067783484,0.230769230769231,195,0.889138038341312,-12.3237118978833
Tdurum_contig28682_120,chr2A,102768046,0.0142489178344136,0.182051282051282,195,0.625169081536775,33.5927787203228
Excalibur_c21872_135,chr2A,102769471,0.283638485401077,0.0871794871794872,195,0.901419431121769,15.7187724249226
RAC875_rep_c119471_174|Tdurum_contig62073_376,chr2A,103379714,0.94422733403993,0.0666666666666667,195,0.998560233622473,1.28182005166337
TA002645-0060,chr2A,131769179,0.372235688797132,0.0564102564102564,195,0.930884147076342,-20.2987751410872
Excalibur_c18417_241,chr2A,195049743,0.745791017771856,0.187179487179487,195,0.982464268179436,-4.91039236328481
BS00039797_51,chr2A,210511211,0.0111905059891791,0.41025641025641,195,0.625169081536775,38.7757585676477
RAC875_rep_c101788_71,chr2A,377697739,0.434066057292945,0.348717948717949,195,0.939944513770384,9.37316958923327
IAAV2090,chr2A,421339395,0.245104688382482,0.241025641025641,195,0.896687338243988,15.5374982063848
tplb0047f03_349,chr2A,438830037,0.0114622973050298,0.315384615384615,195,0.625169081536775,-22.4815921321915
Kukri_c57491_156,chr2A,508666408,0.9715283568398,0.164102564102564,195,0.998560233622473,-0.530118273840685
wsnp_Ex_c31900_40635609,chr2A,510294239,0.426872145880024,0.397435897435897,195,0.938335940749125,8.06927774928363
BobWhite_c2002_100,chr2A,541486812,0.0736262089728559,0.0205128205128205,195,0.761889347338316,-54.8959964268572
wsnp_BE403597A_Ta_2_1,chr2A,573136296,0.90224775965493,0.428205128205128,195,0.995768077486298,1.35128362915384
wsnp_BE406351A_Ta_2_3,chr2A,575052769,0.722995663905551,0.274358974358974,195,0.982464268179436,3.59915795438553
CAP12_c6044_69,chr2A,575146330,0.495112065089228,0.420512820512821,195,0.954283489144457,8.33285063305289
BobWhite_c28819_733,chr2A,580673465,0.384838008162334,0.5,195,0.930884147076342,-8.41230126834478
wsnp_CAP11_c838_518859,chr2A,584175181,0.0940093714631222,0.469230769230769,195,0.814551486391518,18.0125481252363
BS00041816_51,chr2A,617159317,0.0554840246124364,0.0897435897435897,195,0.738130286905907,32.334238877164
BS00022241_51,chr2A,670881819,0.036680465255169,0.192307692307692,195,0.676234543847534,-24.0290991817678
BS00081195_51,chr2A,683403062,0.537735173128187,0.130769230769231,195,0.965186634667686,8.3483817683225
Kukri_c44255_832,chr2A,708770014,0.550329108162692,0.125641025641026,195,0.965186634667686,-9.22462890461441
BS00029332_51,chr2A,712971442,0.94573865767706,0.0564102564102564,195,0.998560233622473,-1.41554818576157
BobWhite_c11081_1619,chr2A,716729497,0.412319553639153,0.0769230769230769,195,0.935261426547348,-13.4562235281728
RAC875_c83712_84,chr2A,717763964,0.39802895070942,0.241025641025641,195,0.933099223408277,-10.8360109308359
wsnp_Ex_c59095_60108185,chr2A,723736722,0.383596109713621,0.146153846153846,195,0.930884147076342,13.106748954619
wsnp_Ex_c59095_60108097,chr2A,723736810,0.460403231935005,0.0538461538461538,195,0.946406503116573,15.6253062596953
wsnp_Ra_c32271_41304469,chr2A,723738030,0.859242068763428,0.217948717948718,195,0.990520162863411,2.30989990454248
BobWhite_c16923_64,chr2A,726859048,0.494276235452967,0.312820512820513,195,0.954283489144457,-6.08991711607672
BS00057059_51,chr2A,736842476,0.0682535440550353,0.0179487179487179,195,0.748520486604676,58.0026703513242
BS00024921_51,chr2A,740644564,0.545455065328741,0.0666666666666667,195,0.965186634667686,9.69034413364818
wsnp_CAP11_c1711_934478,chr2A,741852418,0.379981553028483,0.494871794871795,195,0.930884147076342,-10.3256499187391
RAC875_c19904_308,chr2A,742458348,0.0760159037825909,0.394871794871795,195,0.763182397635444,18.4634160024674
RAC875_c104160_61,chr2A,742459079,0.0365649544689425,0.379487179487179,195,0.676234543847534,21.4344745130455
BS00077768_51,chr2A,746382095,0.539810865188695,0.0717948717948718,195,0.965186634667686,-10.9505901338957
Excalibur_c22696_316,chr2A,747870924,0.000138434941518424,0.2,195,0.0611536354157639,40.2214769855147
Excalibur_c99029_69,chr2A,750152199,0.918563648162233,0.402564102564103,195,0.995768077486298,-1.11577508223093
Kukri_c2687_1407,chr2A,750187115,0.267432834739078,0.302564102564103,195,0.901419431121769,-11.9078941124875
Excalibur_c44834_80,chr2A,766213417,0.0499739911447123,0.487179487179487,195,0.723803625841858,-18.2396913394276
RAC875_c27530_860,chr2A,768108224,0.993488918480908,0.153846153846154,195,0.998560233622473,0.08984747927218
wsnp_Ex_c10555_17235832,chr2A,768113938,0.133823188023826,0.187179487179487,195,0.816421245623809,-15.5595772086283
wsnp_Ex_c3695_6740339,chr2A,768617031,0.585314337438033,0.246153846153846,195,0.966677717195623,6.3080416742601
Kukri_c89717_64,chr2A,774081045,0.0777561639200481,0.458974358974359,195,0.772133261723999,-18.9522464256288
BobWhite_rep_c63940_205,chr2A,781419567,0.477339270279333,0.446153846153846,195,0.950911488820273,-8.92463057391615
RAC875_c42539_151,chr2A,785365717,0.793459535470181,0.317948717948718,195,0.982464268179436,-3.50582554090602
BS00070466_51,chr2A,785417292,0.376082064146514,0.123076923076923,195,0.930884147076342,12.9509340850433
BobWhite_c1105_299,chr2A,786338839,0.421172272767064,0.207692307692308,195,0.938335940749125,8.216128010901
RFL_Contig4560_1503,chr2A,789490031,0.717465668588628,0.161538461538462,195,0.982464268179436,4.14690111709695
Kukri_c40204_617,chr2B,1142148,0.850363140213657,0.241025641025641,195,0.990409198579425,2.01804553508202
Kukri_c30847_344,chr2B,1143112,0.927915869266219,0.187179487179487,195,0.998560233622473,-1.11295655731072
Excalibur_c39493_251,chr2B,5488537,0.152718023509403,0.0974358974358974,195,0.816421245623809,-24.3794215394022
Excalibur_c4705_660,chr2B,5522156,0.295358772356267,0.266666666666667,195,0.907563541888076,14.1422949888452
Excalibur_c17250_751,chr2B,5530076,0.997898073139253,0.0615384615384615,195,0.998560233622473,0.0594933967346947
Ra_c1501_1220,chr2B,5612130,0.526554076264027,0.402564102564103,195,0.965186634667686,-6.41692747047477
Kukri_c3701_1980,chr2B,9354246,0.42420983156164,0.284615384615385,195,0.938335940749125,8.55057247266984
BobWhite_c12144_216,chr2B,9829982,0.795402750450158,0.341025641025641,195,0.982464268179436,-2.99560275488977
BobWhite_rep_c64787_359,chr2B,10422988,0.765827852188797,0.251282051282051,195,0.982464268179436,3.35399961808116
BobWhite_c7145_355,chr2B,10423162,0.745208430112251,0.192307692307692,195,0.982464268179436,4.26666454384622
BS00072058_51,chr2B,12253959,0.416371296328798,0.246153846153846,195,0.937895868127495,-7.86192699719561
BobWhite_c26803_89,chr2B,13170105,0.706132596443053,0.456410256410256,195,0.982464268179436,-3.46627786087504
IAAV8700,chr2B,16395651,0.202795992736793,0.492307692307692,195,0.855227969369721,12.0544124235968
BS00065556_51,chr2B,16461614,0.205162415279917,0.335897435897436,195,0.857255205474555,10.9543400789212
Excalibur_c41459_96,chr2B,17264592,0.45872544105356,0.456410256410256,195,0.946406503116573,6.58286169718338
Excalibur_c4748_360,chr2B,17271730,0.878266380346328,0.417948717948718,195,0.995768077486298,1.39201568845203
RAC875_c2300_1021,chr2B,17275697,0.852525405228809,0.458974358974359,195,0.990409198579425,-1.70654049431317
wsnp_Ex_rep_c66551_64836462,chr2B,20125018,0.549689004730678,0.187179487179487,195,0.965186634667686,-7.72152416249219
wsnp_CAP11_c3271_1608092,chr2B,20193729,0.826140124973594,0.125641025641026,195,0.987950832073619,2.99614634593684
Excalibur_rep_c108189_683,chr2B,20334636,0.671277687651707,0.112820512820513,195,0.982464268179436,-5.75500741494852
tplb0058j01_762,chr2B,20378527,0.506102607994512,0.179487179487179,195,0.960762595069694,-8.17242074236179
Kukri_c3067_398,chr2B,20564047,0.873641275954742,0.166666666666667,195,0.995308919801437,1.80204979010233
BS00011149_51,chr2B,20865880,0.811754230893271,0.225641025641026,195,0.982468078908755,-2.65642141291357
Excalibur_c40567_1893,chr2B,23500473,0.756723897504751,0.276923076923077,195,0.982464268179436,-3.17808519207603
TA001263-0453,chr2B,23500700,0.825801755591854,0.461538461538462,195,0.987950832073619,-2.42949465567688
BS00067046_51,chr2B,27388075,0.84250592165938,0.141025641025641,195,0.990409198579425,3.61101028649159
wsnp_Ex_rep_c70756_69644826,chr2B,39254175,0.270190158021214,0.166666666666667,195,0.901419431121769,12.6456780251906
BS00077914_51,chr2B,39825194,0.256055654347952,0.292307692307692,195,0.901419431121769,-10.4757935985998
Kukri_c25245_998,chr2B,40520522,0.150921201351337,0.333333333333333,195,0.816421245623809,-12.6114393916749
BS00071995_51,chr2B,40522277,0.555421931154626,0.166666666666667,195,0.965186634667686,-7.70299080115649
RAC875_rep_c105164_545,chr2B,40523265,0.210999289179922,0.207692307692308,195,0.867977474172604,-15.2545888574739
Kukri_c29807_476,chr2B,40525793,0.550330837531054,0.246153846153846,195,0.965186634667686,7.19274751187243
wsnp_JD_c5064_6183978,chr2B,40530774,0.822764771695713,0.274358974358974,195,0.98716777953728,2.26341842327878
BobWhite_rep_c63363_160,chr2B,41124578,0.957040003047582,0.369230769230769,195,0.998560233622473,-0.624757780953814
BobWhite_c5072_107,chr2B,41735829,0.968941363415475,0.238461538461538,195,0.998560233622473,-0.42361319758038
JD_c49544_37,chr2B,41908983,0.707823466398717,0.251282051282051,195,0.982464268179436,4.15243408318781
wsnp_CAP11_rep_c8489_3665230,chr2B,41909106,0.405026234371261,0.220512820512821,195,0.933099223408277,8.91026408590119
RAC875_rep_c79427_59,chr2B,42008046,0.169691726682551,0.220512820512821,195,0.835432524223078,-15.0719931833421
Ex_c67274_1225,chr2B,43375346,0.29942273639274,0.297435897435897,195,0.907563541888076,10.501844051584
wsnp_Ex_c19260_28187434,chr2B,47995758,0.188038035956697,0.171794871794872,195,0.851379856396951,-15.8439816910058
Kukri_c26288_419,chr2B,55482559,0.0010887016727524,0.402564102564103,195,0.174885077795773,-35.1714132059886
wsnp_Ex_c4349_7841003,chr2B,56101655,0.350939258754843,0.282051282051282,195,0.927316583307928,9.66493850720383
RAC875_c34516_70,chr2B,64110277,0.179170579387723,0.0666666666666667,195,0.840413053890983,-24.0945162604771
Excalibur_c6502_397,chr2B,64188823,0.646928412756331,0.0615384615384615,195,0.980767789061915,-9.69209716221775
BobWhite_c10578_272,chr2B,65267267,0.233284300169369,0.0641025641025641,195,0.889138038341312,-23.0248426977699
RAC875_c24914_462,chr2B,71254294,0.15198925861191,0.0871794871794872,195,0.816421245623809,-21.1318972841063
BobWhite_c44986_217,chr2B,71554374,0.602635038487123,0.0461538461538462,195,0.973078511674183,-13.2886305025256
wsnp_Ku_c34759_44069854,chr2B,74336879,0.801533421172772,0.333333333333333,195,0.982464268179436,-2.64593068712679
CAP12_rep_c5926_115,chr2B,74424768,0.664353172950805,0.0820512820512821,195,0.982464268179436,-7.26548677909622
Kukri_c43403_346,chr2B,75544735,0.437160564172259,0.0820512820512821,195,0.940880288541268,-13.3067494544515
Jagger_c8098_88,chr2B,75644344,0.0461459628326833,0.141025641025641,195,0.705394406326592,-26.1690271813277
Kukri_c17483_568,chr2B,75650270,0.79620906213913,0.123076923076923,195,0.982464268179436,3.51818132826332
Excalibur_rep_c101660_546,chr2B,75900831,0.708863469336953,0.0846153846153846,195,0.982464268179436,-7.25440794420018
Tdurum_contig29620_207,chr2B,75901178,0.201396778158006,0.128205128205128,195,0.855227969369721,-17.3342619712868
Kukri_c12616_353,chr2B,75902716,0.693643207145297,0.0897435897435897,195,0.982464268179436,-7.07888121757912
Excalibur_c7136_823,chr2B,76309122,0.994705893063275,0.0923076923076923,195,0.998560233622473,0.0978373715174143
Kukri_rep_c69288_529,chr2B,86137201,0.247663289738924,0.105128205128205,195,0.896764411821063,-15.9387414132703
Kukri_c44_1704,chr2B,88113280,0.985393844421841,0.243589743589744,195,0.998560233622473,-0.194219567703271
GENE-1741_103,chr2B,89813541,0.504958828799583,0.333333333333333,195,0.960762595069694,6.20317902533372
BS00030497_51,chr2B,90291782,0.142233344806528,0.387179487179487,195,0.816421245623809,16.6123345143624
Tdurum_contig47202_1699,chr2B,90589409,0.360781752044424,0.407692307692308,195,0.930884147076342,-8.86874880096877
JD_c11869_1297,chr2B,90589480,0.207179623382874,0.451282051282051,195,0.859432938999212,-11.1649236082984
BS00022966_51,chr2B,91759484,0.474715776785977,0.471794871794872,195,0.949969170533206,-8.39551072860468
Tdurum_contig45350_605,chr2B,92995167,0.316865476086785,0.448717948717949,195,0.917881562067026,11.4257154635476
BS00023221_51,chr2B,93003967,0.431688684193189,0.435897435897436,195,0.938335940749125,8.92885357700391
Kukri_c36879_83,chr2B,94574870,0.474134982700297,0.307692307692308,195,0.949882669423383,7.87677348261968
BobWhite_c30112_275,chr2B,96247720,0.0218485581306443,0.492307692307692,195,0.625169081536775,-23.2622813553589
CAP7_c1018_75,chr2B,96247811,0.46256018887066,0.323076923076923,195,0.946406503116573,6.91305214420856
RAC875_c26415_350,chr2B,97148945,0.82636747583747,0.18974358974359,195,0.987950832073619,-2.38085226587737
RAC875_c76533_442,chr2B,97203902,0.549841352449926,0.28974358974359,195,0.965186634667686,-7.01268913819672
Tdurum_contig36804_98,chr2B,100395373,0.320787630710991,0.194871794871795,195,0.917881562067026,11.8156072699525
Kukri_c5904_80,chr2B,101304536,0.480044181767853,0.156410256410256,195,0.952890721714817,11.114811251857
RAC875_c3302_1411,chr2B,101861071,0.807951226193013,0.448717948717949,195,0.982468078908755,-3.15799668371233
Excalibur_c25430_183,chr2B,103035608,0.585265810673148,0.215384615384615,195,0.966677717195623,-8.42836602514831
Tdurum_contig81323_291,chr2B,103720137,0.45239005399128,0.458974358974359,195,0.946406503116573,8.31180486112612
Kukri_c49522_254,chr2B,103727547,0.0657839610112333,0.328205128205128,195,0.748520486604676,18.2239390851487
RFL_Contig2231_1297,chr2B,104067472,0.876157532155999,0.41025641025641,195,0.995768077486298,-1.9249759398374
BS00103461_51,chr2B,104068633,0.292389297924371,0.292307692307692,195,0.904171779958302,17.8157520339348
Excalibur_c27716_544,chr2B,104307842,0.553918753473518,0.351282051282051,195,0.965186634667686,-6.6146745457429
Tdurum_contig7800_228,chr2B,104848870,0.935043139537597,0.466666666666667,195,0.998560233622473,-1.13339745224016
BS00071690_51,chr2B,104849132,0.767725965512196,0.451282051282051,195,0.982464268179436,-3.92708038290925
Kukri_c4790_154,chr2B,105438546,0.745770581261396,0.256410256410256,195,0.982464268179436,-5.14637902109132
RAC875_c35438_474,chr2B,106532905,0.296933187080646,0.138461538461538,195,0.907563541888076,16.9753358965319
Excalibur_c2496_1141,chr2B,107864011,0.22090653904225,0.0948717948717949,195,0.887312585714639,19.7448414580295
wsnp_JG_c609_370792,chr2B,108526605,0.514473627255973,0.315384615384615,195,0.963831210424392,-7.85540025577905
GENE-1365_16,chr2B,114257203,0.558352775517232,0.18974358974359,195,0.965186634667686,-6.92016525394729
wsnp_Ra_c11493_18637928,chr2B,114836612,0.745428078786886,0.271794871794872,195,0.982464268179436,4.46088899075494
BobWhite_c38833_197,chr2B,116746451,0.73751939134888,0.276923076923077,195,0.982464268179436,3.11063720040676
Ku_c4042_576,chr2B,117211953,0.692203054562932,0.441025641025641,195,0.982464268179436,5.18785711160103
TA001821-0411,chr2B,117569460,0.773154576527047,0.102564102564103,195,0.982464268179436,4.7600409811169
wsnp_Ex_c269_517710,chr2B,117634038,0.239186179612993,0.274358974358974,195,0.889138038341312,12.5615076474351
wsnp_Ex_c269_518324,chr2B,117634838,0.286240063220079,0.31025641025641,195,0.903189628053356,14.6874407066902
Tdurum_contig77602_931,chr2B,119853739,0.226951002162269,0.0692307692307692,195,0.889138038341312,28.9809824648966
GENE-1430_599,chr2B,120623845,0.901393902573318,0.107692307692308,195,0.995768077486298,-2.00772520172791
BS00070001_51,chr2B,121257360,0.0170289456982383,0.0461538461538462,195,0.625169081536775,65.6618132658633
IAAV980,chr2B,121941872,0.962815870906227,0.474358974358974,195,0.998560233622473,-0.595836880655725
BS00022969_51,chr2B,122306623,0.70219043769242,0.469230769230769,195,0.982464268179436,4.77602298227202
BS00083078_51,chr2B,130369869,0.938124100485291,0.0692307692307692,195,0.998560233622473,1.3083619707341
BS00063577_51,chr2B,131791843,0.130669113357611,0.192307692307692,195,0.816421245623809,-21.5448533020058
RAC875_c79857_301,chr2B,134309712,0.613524988193668,0.456410256410256,195,0.976983001392194,5.67427995127537
Ra_c106376_879,chr2B,134399177,0.634549936495592,0.315384615384615,195,0.980767789061915,6.26447398613345
BobWhite_c45336_321,chr2B,135559232,0.640353264150501,0.497435897435897,195,0.980767789061915,4.78818058172715
wsnp_BE499478B_Ta_2_1,chr2B,139021946,0.339794835896298,0.466666666666667,195,0.922387792489646,9.16712162191459
wsnp_Ex_rep_c67257_65786614,chr2B,139023769,0.0679822785568813,0.482051282051282,195,0.748520486604676,19.2624015332428
BobWhite_c22301_230,chr2B,139680274,0.404727489137683,0.197435897435897,195,0.933099223408277,-8.96127163245976
RFL_Contig1385_1575,chr2B,140478883,0.991927089531169,0.484615384615385,195,0.998560233622473,0.116838204880196
GENE-4359_102,chr2B,143360251,0.231803131432416,0.446153846153846,195,0.889138038341312,14.1065486771658
GENE-1196_146,chr2B,145564854,0.0867987241156912,0.438461538461538,195,0.803001808965583,17.1480992025315
wsnp_CAP12_rep_c4678_2134259,chr2B,145770594,0.765019784202767,0.479487179487179,195,0.982464268179436,2.99728065366025
Kukri_c9387_112,chr2B,145839476,0.901501687200666,0.466666666666667,195,0.995768077486298,-1.42528568358546
Ra_c2110_1660,chr2B,145846258,0.31427672306436,0.423076923076923,195,0.917881562067026,11.4871100651321
BS00022940_51,chr2B,146345398,0.0792412603302917,0.292307692307692,195,0.772133261723999,-19.3406712046007
RFL_Contig1139_817,chr2B,147365292,0.0967184435365339,0.47948717948718,195,0.814551486391518,21.2328255119894
RFL_Contig1139_602,chr2B,147365507,0.787701421664664,0.176923076923077,195,0.982464268179436,-3.29621906866237
Ku_c103035_323,chr2B,148428948,0.0311384368749234,0.461538461538462,195,0.662911059734814,25.5235140630944
Tdurum_contig10994_617,chr2B,149111982,0.148162884524765,0.358974358974359,195,0.816421245623809,18.0067128449299
D_GA8KES402HPK9H_258,chr2B,150319045,0.000890632193834014,0.412820512820513,195,0.174860787389411,40.9583241244482
tplb0031k24_254,chr2B,150803012,0.635347409980467,0.441025641025641,195,0.980767789061915,4.59843355628334
BS00087793_51,chr2B,150806434,0.0296755661359507,0.497435897435897,195,0.653850408435766,21.4837859176736
IAAV4434,chr2B,152310781,0.983291720137345,0.438461538461538,195,0.998560233622473,0.17737879065885
Kukri_c6973_344,chr2B,152586653,0.48739886470372,0.456410256410256,195,0.954283489144457,6.52205574094648
RAC875_c1226_652,chr2B,156005735,0.6137244660698,0.0435897435897436,195,0.976983001392194,10.5862037909878
Excalibur_c45094_602,chr2B,156953869,0.799565331936101,0.433333333333333,195,0.982464268179436,2.89513855272935
BS00073426_51,chr2B,158161365,0.165300871795964,0.430769230769231,195,0.83453325846705,16.0103520514633
RAC875_c32503_134,chr2B,165555012,0.196788025659925,0.41025641025641,195,0.851379856396951,16.8750159436079
RAC875_c32503_241,chr2B,165555119,0.118226851478049,0.369230769230769,195,0.81533054731902,19.3555293642659
BS00031814_51|IAAV4497,chr2B,165951394,0.0261768391221694,0.441025641025641,195,0.625169081536775,26.1168020077158
Kukri_c42244_809,chr2B,173299340,0.812917790152583,0.433333333333333,195,0.982468078908755,-2.87900722149857
IAAV5331,chr2B,179447301,0.345318014880861,0.135897435897436,195,0.923818117890575,14.6610799058913
BS00091007_51,chr2B,181704087,0.898277603388213,0.476923076923077,195,0.995768077486298,1.41117951522392
wsnp_BE445278B_Ta_2_3,chr2B,204725257,0.277712315346854,0.269230769230769,195,0.901419431121769,-14.6796792354323
wsnp_Ex_c4218_7618252,chr2B,376283799,0.966066886534921,0.494871794871795,195,0.998560233622473,0.477439964816995
Kukri_c91621_319,chr2B,381759921,0.319019337070177,0.484615384615385,195,0.917881562067026,11.567872540588
RAC875_c19043_841,chr2B,383351493,0.671885367612757,0.41025641025641,195,0.982464268179436,7.12215348360542
BobWhite_c10453_396,chr2B,383352782,0.0150508682752696,0.269230769230769,195,0.625169081536775,41.766954152281
wsnp_Ku_c691_1430065,chr2B,383689469,0.542156088901915,0.428205128205128,195,0.965186634667686,-6.5550065073046
wsnp_Ex_c2497_4666526,chr2B,383689722,0.142296778276857,0.443589743589744,195,0.816421245623809,-12.4894883979186
wsnp_Ex_c2905_5358140,chr2B,384571875,0.821177338905794,0.446153846153846,195,0.98716777953728,-3.23966545638814
BobWhite_c13455_112,chr2B,386103109,0.998862619493934,0.38974358974359,195,0.998862619493934,-0.0164501473597056
wsnp_Ex_c22693_31898036,chr2B,388001195,0.980691089986956,0.246153846153846,195,0.998560233622473,0.391620142786564
wsnp_Ex_c1541_2943791,chr2B,388494507,0.689406274971952,0.453846153846154,195,0.982464268179436,-4.98763490280862
wsnp_Ku_c22272_32093892,chr2B,388546256,0.0427029038819707,0.215384615384615,195,0.692908104824779,21.5773933163615
wsnp_Ku_c33652_43115283,chr2B,390116195,0.480489888538711,0.364102564102564,195,0.952890721714817,-7.20965898111592
wsnp_Ex_c14735_22823373,chr2B,392576076,0.514438365419409,0.384615384615385,195,0.963831210424392,-8.80361425682781
wsnp_Ku_c13756_21844262,chr2B,392576672,0.147410275323639,0.353846153846154,195,0.816421245623809,17.1373033446023
Kukri_c5609_565,chr2B,397116183,0.782068900767868,0.384615384615385,195,0.982464268179436,3.30820983456999
RAC875_c20366_376,chr2B,398588258,0.858481959787588,0.138461538461538,195,0.990520162863411,-3.02122914317533
wsnp_Ex_c482_957514,chr2B,404997987,0.562746890484958,0.158974358974359,195,0.965186634667686,-6.85953323899855
Kukri_c34231_167,chr2B,405478335,0.345782746948848,0.48974358974359,195,0.923818117890575,9.73997703498492
RFL_Contig3353_125,chr2B,410485927,0.0210934786212854,0.274358974358974,195,0.625169081536775,38.2623544604492
Excalibur_c60716_53,chr2B,415561118,0.77362546390462,0.471794871794872,195,0.982464268179436,-2.81288749730709
Kukri_c57399_314,chr2B,422191032,0.432918339270382,0.351282051282051,195,0.938609454589895,6.77928356383313
Excalibur_rep_c111672_114|wsnp_Ex_rep_c103248_88252209,chr2B,423208491,0.453004243275982,0.369230769230769,195,0.946406503116573,-8.41604191005479
wsnp_Ex_rep_c103248_88252281,chr2B,423208563,0.302802158621456,0.2,195,0.909965811773152,-13.2171520467119
wsnp_Ex_c20529_29609310,chr2B,423209932,0.030094131641189,0.238461538461538,195,0.653850408435766,-33.4317887220956
wsnp_Ex_rep_c69928_68889412,chr2B,423394311,0.776805747597848,0.379487179487179,195,0.982464268179436,-3.39712476568536
Excalibur_rep_c106537_63|wsnp_JD_c21530_18862386,chr2B,423864478,0.051831595344783,0.417948717948718,195,0.730977010729452,-22.9413812272716
wsnp_Ex_c52405_56014689,chr2B,423865562,0.365411480331325,0.402564102564103,195,0.930884147076342,8.67386971999429
wsnp_Ex_c19819_28827344,chr2B,429087875,0.608736788618083,0.379487179487179,195,0.973427968767559,-5.98476997378839
wsnp_Ku_rep_c83117_78896856,chr2B,429089569,0.718268732307383,0.292307692307692,195,0.982464268179436,-3.79623427365556
Kukri_rep_c107732_99,chr2B,429405787,0.730422412257841,0.428205128205128,195,0.982464268179436,3.26202644494168
Excalibur_c33079_199,chr2B,430124549,0.0964902868195486,0.351282051282051,195,0.814551486391518,-23.6283140242535
wsnp_Ex_c51661_55531646,chr2B,431942675,0.58239695053778,0.294871794871795,195,0.966677717195623,6.58744128790158
BobWhite_c1654_440,chr2B,434396917,0.45830787792556,0.1,195,0.946406503116573,10.3960515894405
IAAV8980,chr2B,435023442,0.37736318513235,0.392307692307692,195,0.930884147076342,-10.5605956060002
Kukri_rep_c70962_1545,chr2B,436619955,0.398717328146628,0.464102564102564,195,0.933099223408277,10.8047017989434
Excalibur_rep_c107546_206|wsnp_Ex_c45595_51343969,chr2B,436685441,0.237550362476193,0.3,195,0.889138038341312,-16.7480727867774
Ku_c14053_772,chr2B,436686599,0.456943992971839,0.430769230769231,195,0.946406503116573,-8.51959721853552
wsnp_Ex_c18750_27627600,chr2B,436687010,0.0559759244173127,0.315384615384615,195,0.738130286905907,-19.9791989606034
RAC875_c60230_122,chr2B,440484529,0.343049402487531,0.217948717948718,195,0.923818117890575,-17.8771945838791
tplb0034a02_1566,chr2B,440751028,0.606972789395994,0.433333333333333,195,0.973427968767559,-6.43270156161361
wsnp_Ex_rep_c66524_64799410,chr2B,441508567,0.452606540530603,0.41025641025641,195,0.946406503116573,9.96780982161908
wsnp_Ex_rep_c108679_91802578,chr2B,441515403,0.201326087348483,0.497435897435897,195,0.855227969369721,-16.2348711751779
Excalibur_c11125_1525,chr2B,441986391,0.997676745472981,0.264102564102564,195,0.998560233622473,-0.028989951812207
Kukri_c47082_109,chr2B,442200428,0.921561039261162,0.423076923076923,195,0.996572327340555,0.826785219124304
IAAV3255,chr2B,442208134,0.863743417839708,0.31025641025641,195,0.990520162863411,-1.794331888432
wsnp_Ex_c28243_37383894,chr2B,442410942,0.360204383064364,0.494871794871795,195,0.930884147076342,-11.431717499763
tplb0038i24_1548,chr2B,442414343,0.475857288521169,0.169230769230769,195,0.950101501488029,-7.78096170871748
CAP12_c6259_207,chr2B,442416751,0.316109353838116,0.18974358974359,195,0.917881562067026,11.9244285827378
Kukri_rep_c91092_72,chr2B,442418021,0.514916051296336,0.47948717948718,195,0.963831210424392,-7.55610251074904
wsnp_CAP11_c1956_1045077,chr2B,444843952,0.72215515045016,0.441025641025641,195,0.982464268179436,-4.48978945730551
BobWhite_rep_c50998_607,chr2B,445754012,0.554580585329435,0.169230769230769,195,0.965186634667686,-6.65295949392953
wsnp_Ex_c29434_38471452,chr2B,446031062,0.876028391301111,0.338461538461538,195,0.995768077486298,1.51750086183188
wsnp_Ex_rep_c104478_89183627,chr2B,446614453,0.546606496744711,0.407692307692308,195,0.965186634667686,-5.49230547135022
CAP8_c3701_331,chr2B,446884124,0.194692713012158,0.428205128205128,195,0.851379856396951,12.8571448317555
RAC875_c3039_101,chr2B,448972010,0.749684478258314,0.451282051282051,195,0.982464268179436,3.80082011457853
Kukri_c20819_497|wsnp_Ex_c25438_34703568,chr2B,448974935,0.44888965620073,0.438461538461538,195,0.946406503116573,-9.52612255518693
BS00066545_51,chr2B,451671316,0.581944820871589,0.487179487179487,195,0.966677717195623,5.27864840564689
wsnp_CAP8_c775_527730,chr2B,451899721,0.812272681879339,0.217948717948718,195,0.982468078908755,2.40193948510955
wsnp_CAP8_c775_527759,chr2B,451899750,0.0628265513558754,0.48974358974359,195,0.748520486604676,22.9419883367204
wsnp_CAP11_c5255_2442548,chr2B,451899991,0.799486584975855,0.458974358974359,195,0.982464268179436,3.02738299270254
wsnp_JD_c352_546108,chr2B,452059695,0.575581705560309,0.456410256410256,195,0.966016329972609,7.62401703754881
Kukri_c8595_834,chr2B,452541234,0.218321529035101,0.220512820512821,195,0.882778356533233,13.5624659624927
Kukri_c8595_953|wsnp_Ex_c12634_20096724,chr2B,452541446,0.540666649369317,0.11025641025641,195,0.965186634667686,-9.84326352957248
BobWhite_c7326_70,chr2B,454778400,0.0225194501415438,0.112820512820513,195,0.625169081536775,31.2024727449152
BobWhite_c31986_324,chr2B,456394185,0.664352651109526,0.371794871794872,195,0.982464268179436,5.93448821384914
wsnp_JD_c9810_10594505,chr2B,456987855,0.152874000957321,0.256410256410256,195,0.816421245623809,-16.5045888384075
BobWhite_c27816_523,chr2B,458224557,0.172921267717346,0.425641025641026,195,0.835432524223078,17.486697637383
Excalibur_c22285_762,chr2B,492493648,0.745922605285675,0.251282051282051,195,0.982464268179436,-3.37838213160177
Ku_c6050_678,chr2B,527641078,0.422783229881672,0.0384615384615385,195,0.938335940749125,18.3192512356348
Tdurum_contig64416_441,chr2B,528569946,0.616012198967996,0.225641025641026,195,0.977642459101279,6.51625330052764
wsnp_Ex_c29445_38480890,chr2B,530602951,0.766400024745222,0.0153846153846154,195,0.982464268179436,-9.71274972326967
Kukri_c25281_99,chr2B,539255935,0.114684011240942,0.0461538461538462,195,0.815047167593115,31.1124753888853
wsnp_Ku_c4004_7311479,chr2B,541691751,0.139947543582248,0.0435897435897436,195,0.816421245623809,30.7957241945001
Excalibur_c84741_99,chr2B,544851508,0.677938227972326,0.21025641025641,195,0.982464268179436,5.20845746274796
Ex_c55735_1012,chr2B,602264831,0.297294171403202,0.0769230769230769,195,0.907563541888076,-17.6329364645283
Kukri_rep_c112675_676|wsnp_Ex_c55735_58127324,chr2B,602265433,0.423891764394486,0.361538461538462,195,0.938335940749125,7.75159424020575
wsnp_Ex_rep_c67561_66188180,chr2B,645740965,0.187583658234358,0.456410256410256,195,0.851379856396951,13.221326311624
Tdurum_contig12459_491,chr2B,649815840,0.347156165941279,0.320512820512821,195,0.923832748822651,-12.888804714496
BS00057475_51,chr2B,650488808,0.81111915362534,0.312820512820513,195,0.982468078908755,-2.77158581572826
Tdurum_contig22828_244,chr2B,651771674,0.978039355649056,0.371794871794872,195,0.998560233622473,-0.270200634353614
BS00079013_51,chr2B,658079744,0.478866372996888,0.241025641025641,195,0.952879370591781,8.56736639829083
wsnp_Ex_c9628_15927045,chr2B,658140718,0.0029044574579561,0.458974358974359,195,0.3073410998297,29.6999315056173
RAC875_c3947_441,chr2B,658444286,0.475630589834184,0.407692307692308,195,0.950101501488029,8.72158258587802
BobWhite_c12134_1140,chr2B,658449223,0.921561507003094,0.341025641025641,195,0.996572327340555,0.950127294104391
BobWhite_c5543_492,chr2B,662694186,0.395008964026636,0.287179487179487,195,0.933099223408277,-12.5498448853683
BobWhite_c22106_204,chr2B,662948543,0.83962081887631,0.284615384615385,195,0.990409198579425,-2.88660512410317
wsnp_Ex_c58274_59638635,chr2B,663428891,0.639889746851031,0.235897435897436,195,0.980767789061915,-5.45495891586175
Tdurum_contig76090_916,chr2B,664249819,0.777097400672335,0.21025641025641,195,0.982464268179436,-2.87162779287286
wsnp_Ex_c18503_27349536,chr2B,665036395,0.280286551163229,0.256410256410256,195,0.901419431121769,-14.040569160426
Tdurum_contig5691_596,chr2B,666308911,0.916621796606788,0.297435897435897,195,0.995768077486298,1.14674628079177
Tdurum_contig5691_526,chr2B,666308981,0.392360738988039,0.279487179487179,195,0.933099223408277,-11.0165390299607
BS00094373_51,chr2B,668476964,0.299953089112981,0.128205128205128,195,0.907563541888076,22.2590651251235
tplb0049b10_696,chr2B,669500070,0.177834991651617,0.312820512820513,195,0.840413053890983,16.3916478814851
Tdurum_contig62800_207,chr2B,670067447,0.920203089152876,0.274358974358974,195,0.996411321184235,-1.22710031449367
Tdurum_contig18858_324,chr2B,673052911,0.401576329666705,0.2,195,0.933099223408277,10.9065484786928
JD_c8871_331,chr2B,685899987,0.727963208180461,0.251282051282051,195,0.982464268179436,5.00925380302886
wsnp_Ra_c10658_17500498,chr2B,685900594,0.000113876209964858,0.120512820512821,195,0.0611536354157639,62.1299714696004
IAAV2633,chr2B,691726284,0.510281599628503,0.256410256410256,195,0.962352897382436,-7.72919080140122
wsnp_Ex_c5123_9088111,chr2B,692712833,0.279203189223321,0.294871794871795,195,0.901419431121769,-13.788831857843
wsnp_Ku_c9901_16493072,chr2B,692715018,0.855023980286309,0.282051282051282,195,0.990520162863411,2.55091629214894
BS00046165_51,chr2B,693549242,0.259454102475983,0.18974358974359,195,0.901419431121769,-18.7844668156196
Excalibur_c36280_764,chr2B,693550500,0.514182343459426,0.3,195,0.963831210424392,-8.04571652873312
BobWhite_c38001_528,chr2B,708723812,0.0265351902180295,0.135897435897436,195,0.625169081536775,-37.8852655716078
BS00025649_51,chr2B,711741987,0.527132092685718,0.31025641025641,195,0.965186634667686,-7.51626744961868
Excalibur_c2484_2113,chr2B,712442143,0.405489153999547,0.215384615384615,195,0.933099223408277,-9.49706154516946
Tdurum_contig56876_365,chr2B,721733507,0.590274280426064,0.423076923076923,195,0.966677717195623,7.7969712465665
BS00081109_51,chr2B,728733841,0.283536336572973,0.243589743589744,195,0.901419431121769,-12.9254953144405
Kukri_c64884_106,chr2B,729793265,0.334286154081169,0.397435897435897,195,0.922387792489646,18.2176173907483
Kukri_c38497_174,chr2B,731053947,0.602710266615879,0.256410256410256,195,0.973078511674183,-5.64412861499517
RAC875_c54085_51,chr2B,732976868,0.972364028559335,0.266666666666667,195,0.998560233622473,0.389123894596736
BS00035380_51,chr2B,734577169,0.0617838596530045,0.276923076923077,195,0.748520486604676,-23.9067274652936
Excalibur_rep_c111396_152,chr2B,734577832,0.648020236714714,0.325641025641026,195,0.980767789061915,5.84849228726733
BS00012382_51,chr2B,734578554,0.68762017730498,0.230769230769231,195,0.982464268179436,-5.47549601470575
BobWhite_c15453_1010,chr2B,735073178,0.340871097054747,0.258974358974359,195,0.922387792489646,-12.8765307226772
BS00030364_51,chr2B,744255572,0.542385026207101,0.369230769230769,195,0.965186634667686,6.44227325958127
CAP11_c2941_210,chr2B,745906250,0.466121290053041,0.376923076923077,195,0.946406503116573,8.36078499292853
RFL_Contig3713_280,chr2B,760066263,0.771056187204212,0.117948717948718,195,0.982464268179436,3.94803948261483
BobWhite_c33464_133,chr2B,760220092,0.108801053390299,0.258974358974359,195,0.814551486391518,-15.1390489910997
RFL_Contig2751_1562,chr2B,768826241,0.878661418305939,0.458974358974359,195,0.995768077486298,-1.36288613003592
Tdurum_contig14482_423,chr2B,771094080,0.459667562895743,0.369230769230769,195,0.946406503116573,8.16084240632665
BS00072349_51,chr2B,771280632,0.459973836424196,0.0871794871794872,195,0.946406503116573,10.6887000023752
BobWhite_c24069_257,chr2B,773226077,0.71873839316378,0.151282051282051,195,0.982464268179436,-4.8040858943931
Excalibur_c910_946,chr2B,773622725,0.115924198519236,0.128205128205128,195,0.815047167593115,24.694754981816
Ra_c12604_447,chr2B,774176278,0.650656796878862,0.228205128205128,195,0.980981706557124,5.57136832069995
RAC875_c21269_1225,chr2B,774200442,0.774109909543914,0.151282051282051,195,0.982464268179436,-4.76325194749734
BobWhite_c12911_649,chr2B,775075291,0.648293078350181,0.135897435897436,195,0.980767789061915,6.93325251039403
BobWhite_c39769_102,chr2B,775267851,0.643974654175395,0.251282051282051,195,0.980767789061915,-5.02369278884697
BS00039187_51,chr2B,775944587,0.157698263302522,0.371794871794872,195,0.817261587811595,14.7230817126582
RAC875_c7735_338,chr2B,776412867,0.968602906210458,0.205128205128205,195,0.998560233622473,0.444715580344052
Kukri_c94792_127,chr2B,780018349,0.785241750583112,0.0897435897435897,195,0.982464268179436,5.31469014539618
RAC875_c12741_101,chr2B,780403527,0.0813394883512504,0.358974358974359,195,0.772725139336879,-23.7627100019027
RAC875_c35873_1894,chr2B,791032693,0.329587752970019,0.464102564102564,195,0.922387792489646,8.89151770922717
BS00012463_51,chr2B,791033894,0.232270866885409,0.217948717948718,195,0.889138038341312,13.6158839599373
RFL_Contig2324_729,chr2B,791203465,0.464806078028183,0.220512820512821,195,0.946406503116573,7.31049694554571
BS00065264_51,chr2B,796608972,0.253700709597849,0.0717948717948718,195,0.901419431121769,-18.5757453322393
BS00071755_51,chr2D,16051460,0.677615961628603,0.0564102564102564,195,0.982464268179436,8.10979683224014
RAC875_c52926_871,chr2D,16510981,0.50318206625652,0.392307692307692,195,0.96017571390418,-6.29506172313643
BS00047901_51,chr2D,16868665,0.73990872765608,0.00769230769230769,195,0.982464268179436,16.6345917527565
wsnp_JD_c69_109951,chr2D,17292338,0.498666638068738,0.00769230769230769,195,0.957036806036338,43.8573711415114
RAC875_c16897_367,chr2D,18953272,0.744689374678883,0.184615384615385,195,0.982464268179436,-5.16448653037401
Kukri_rep_c113120_104,chr2D,22008879,0.181685221610841,0.192307692307692,195,0.840413053890983,20.7551611008715
Ex_c14755_1390,chr2D,22009818,0.37083408925059,0.0974358974358974,195,0.930884147076342,17.3350383993334
BS00022276_51,chr2D,31231724,0.132965362769855,0.117948717948718,195,0.816421245623809,21.2667901881811
D_contig05584_210,chr2D,33724378,0.900655244903129,0.407692307692308,195,0.995768077486298,-1.92594357317125
CAP12_c812_220,chr2D,34725223,0.312517506842623,0.248717948717949,195,0.917881562067026,-13.8414606767981
RAC875_c7319_195,chr2D,36096235,0.491699097345466,0.0692307692307692,195,0.954283489144457,-12.5047132125725
wsnp_CAP12_c1503_764765,chr2D,37575041,0.486868868735623,0.0923076923076923,195,0.954283489144457,-11.0433971102475
Excalibur_c39215_100,chr2D,56989437,0.0258655584542981,0.320512820512821,195,0.625169081536775,29.236549408014
D_GBUVHFX02GV41H_67,chr2D,58984014,0.638398824874202,0.474358974358974,195,0.980767789061915,5.58125990356837
Excalibur_c59090_145,chr2D,61033250,0.11192376143813,0.146153846153846,195,0.815047167593115,21.5099063225265
Kukri_c20972_618,chr2D,61724514,0.420743567845918,0.338461538461538,195,0.938335940749125,8.09016289019416
Excalibur_c15048_488,chr2D,63306587,0.934663465396944,0.0692307692307692,195,0.998560233622473,1.61070726669391
wsnp_Ku_c3107_5818628,chr2D,63474471,0.107182985442965,0.0871794871794872,195,0.814551486391518,26.8116053227928
wsnp_Ex_c1944_3663988,chr2D,63475865,0.0608206195130617,0.117948717948718,195,0.748520486604676,-33.1972092801914
wsnp_Ex_c1944_3664205,chr2D,63476082,0.1294934967878,0.0820512820512821,195,0.816421245623809,25.9730541544646
Excalibur_c1944_1017,chr2D,63476218,0.630834658228814,0.215384615384615,195,0.980767789061915,-4.76940165483808
RAC875_c65419_229,chr2D,63476391,0.226891013630862,0.120512820512821,195,0.889138038341312,16.3887860533451
Kukri_c16477_181,chr2D,64355476,0.404125142987626,0.474358974358974,195,0.933099223408277,7.03718808369962
Kukri_c16477_157,chr2D,64355500,0.145598629594209,0.451282051282051,195,0.816421245623809,12.3713608494317
BobWhite_c16655_421,chr2D,65241964,0.27480489997034,0.123076923076923,195,0.901419431121769,15.4427627520536
wsnp_Ex_c6400_11123059,chr2D,65601481,0.0235990871359372,0.176923076923077,195,0.625169081536775,28.0549550257674
BS00073229_51,chr2D,67632176,0.282530552610552,0.192307692307692,195,0.901419431121769,16.6219830362018
Excalibur_c2496_1752,chr2D,74452313,0.305562671786139,0.197435897435897,195,0.910504622337449,-13.795768884044
RAC875_rep_c72220_143,chr2D,81281046,0.515514767161108,0.307692307692308,195,0.963930786850452,8.81418288897521
D_contig77859_59,chr2D,81410710,0.766266392825726,0.315384615384615,195,0.982464268179436,-3.58401798347143
Kukri_c26576_329,chr2D,82724851,0.473256589290043,0.246153846153846,195,0.949882669423383,-8.33362674769654
Kukri_c43943_587,chr2D,95579933,0.746723559336109,0.353846153846154,195,0.982464268179436,3.30514926678518
Excalibur_c62824_402,chr2D,100497677,0.778280436692655,0.058974358974359,195,0.982464268179436,7.25422496300018
Excalibur_c65531_147,chr2D,240687708,0.786564407991611,0.346153846153846,195,0.982464268179436,3.0869130678924
Excalibur_c31302_230,chr2D,272501525,0.858404794893993,0.223076923076923,195,0.990520162863411,-1.81391116530264
wsnp_Ex_c25311_34578436,chr2D,323580280,0.0287791433890567,0.125641025641026,195,0.651958286775169,29.5827372678817
BS00027456_51,chr2D,355048394,0.149927504330051,0.0128205128205128,195,0.816421245623809,62.8008347902393
BS00000905_51,chr2D,372826720,0.241580470453681,0.041025641025641,195,0.889318106857615,24.477131650679
wsnp_Ku_c8712_14751858,chr2D,476510310,0.731858403238861,0.253846153846154,195,0.982464268179436,4.12957640064383
wsnp_Ex_c8303_14001708,chr2D,484597631,0.512465300483316,0.384615384615385,195,0.963831210424392,9.1016873035062
wsnp_Ex_rep_c66522_64795143,chr2D,555317716,0.489872555231813,0.0769230769230769,195,0.954283489144457,-12.4558984284979
RAC875_rep_c85788_126,chr2D,575297699,0.288304481625581,0.241025641025641,195,0.904171779958302,-15.426552996882
RAC875_c76186_510,chr2D,580358189,0.408837778667769,0.0769230769230769,195,0.933099223408277,-12.6575244249667
RFL_Contig3172_1512,chr2D,580435936,0.684078155522431,0.151282051282051,195,0.982464268179436,-8.49028575137947
Excalibur_c62255_986,chr2D,582833850,0.992836308641448,0.297435897435897,195,0.998560233622473,0.117052708223355
Excalibur_c21486_352,chr2D,583255270,0.351089300641202,0.161538461538462,195,0.927316583307928,13.2957788487287
wsnp_RFL_Contig2659_2346243,chr2D,598730639,0.97749660008653,0.133333333333333,195,0.998560233622473,0.384739542847001
BobWhite_c6365_965,chr2D,605118755,0.0731212315555183,0.2,195,0.761889347338316,26.3800816304112
RFL_Contig5204_503,chr2D,610136629,0.914762549289427,0.115384615384615,195,0.995768077486298,1.609569059215
Kukri_c31121_1460,chr2D,610846860,0.309976575968941,0.256410256410256,195,0.917881562067026,-10.6687001070211
Excalibur_c44325_339,chr2D,611561802,0.717032200133405,0.141025641025641,195,0.982464268179436,5.36303877737282
RAC875_c79540_228,chr2D,611843724,0.205042944964879,0.187179487179487,195,0.857255205474555,15.5783776188335
Kukri_c25786_210,chr2D,611844255,0.920284819565745,0.166666666666667,195,0.996411321184235,1.32319422440162
RAC875_rep_c120698_93,chr2D,612118868,0.723422280698036,0.241025641025641,195,0.982464268179436,-3.31648746369441
Excalibur_c18353_55,chr2D,612119051,0.530704409188018,0.258974358974359,195,0.965186634667686,7.19923515507389
RAC875_c14766_952,chr2D,612135679,0.95778451428022,0.187179487179487,195,0.998560233622473,0.719882963613429
Excalibur_c8720_321,chr2D,613642981,0.401593092438816,0.146153846153846,195,0.933099223408277,-13.2696521666386
wsnp_BE426620D_Ta_2_2,chr2D,613653184,0.103425301709479,0.130769230769231,195,0.814551486391518,-21.6993355010653
Kukri_c89993_379,chr2D,615559803,0.799120171692803,0.18974358974359,195,0.982464268179436,2.63526401521949
RFL_Contig2460_547,chr2D,616005424,0.851370563752299,0.207692307692308,195,0.990409198579425,1.88939253984799
Excalibur_c1451_351,chr2D,616006909,0.904938276944366,0.146153846153846,195,0.995768077486298,-1.90973735039393
BS00084880_51,chr2D,617544748,0.222132292143529,0.241025641025641,195,0.889138038341312,13.8701881560695
D_GDS7LZN02G73QS_245,chr2D,618274152,0.484702681056246,0.0923076923076923,195,0.954283489144457,-10.3185325882371
Kukri_c40146_77,chr2D,618519846,0.55832396640096,0.248717948717949,195,0.965186634667686,8.87165733639551
BS00087054_51,chr2D,619269851,0.325547534110315,0.241025641025641,195,0.922387792489646,-12.425446777206
wsnp_Ex_c21593_30744815,chr2D,620658752,0.887471572688843,0.0846153846153846,195,0.995768077486298,-2.10067969375291
BS00100106_51,chr2D,620838585,0.394905546256419,0.11025641025641,195,0.933099223408277,-12.5746883638514
RAC875_c56980_68,chr2D,621354531,0.569596917044078,0.174358974358974,195,0.965909551263806,-7.62671476714553
Excalibur_c31806_491,chr2D,639613237,0.660744946556995,0.238461538461538,195,0.982464268179436,5.83523008437498
Kukri_c16094_406,chr2D,641092837,0.321024790807822,0.125641025641026,195,0.917881562067026,-14.3922096041848
RFL_Contig2862_1287,chr2D,641094295,0.190112441839011,0.312820512820513,195,0.851379856396951,13.8270004666147
Excalibur_c77068_190,chr2D,645018722,0.914852196750288,0.412820512820513,195,0.995768077486298,1.6216886707939
RFL_Contig1732_264,chr2D,646607449,0.00170412283944664,0.297435897435897,195,0.200745670486814,33.558462420234
RAC875_c67940_296,chr2D,647207324,0.989325152534116,0.258974358974359,195,0.998560233622473,0.147771870804547
Kukri_c498_2381,chr2D,654403596,0.0380967185791315,0.158974358974359,195,0.676234543847534,23.0555869101259
BobWhite_c5756_516,chr2D,654991065,0.749176390661373,0.31025641025641,195,0.982464268179436,3.46744756980695
BS00086534_51,chr2D,655648075,0.641223031726372,0.330769230769231,195,0.980767789061915,5.14855493303548
Kukri_c1526_616,chr2D,655808124,0.937543246439819,0.469230769230769,195,0.998560233622473,-0.779587466813041
Excalibur_c10461_394,chr2D,655998129,0.149589495369012,0.461538461538462,195,0.816421245623809,17.0397901429844
Excalibur_rep_c67599_2154,chr2D,656452099,0.42803565170776,0.194871794871795,195,0.938335940749125,8.51962400363647
tplb0062k24_584,chr3A,1339838,0.470558140743309,0.0846153846153846,195,0.949173783896606,14.5852028995399
IAAV4876,chr3A,3681326,0.542339191099485,0.0487179487179487,195,0.965186634667686,-12.0636890963115
Excalibur_c11079_101,chr3A,3687599,0.890912495070205,0.0948717948717949,195,0.995768077486298,2.22292183408348
tplb0050o09_968,chr3A,3757850,0.776365970139898,0.156410256410256,195,0.982464268179436,3.3563103379837
Excalibur_c19658_127,chr3A,3893832,0.812113314642495,0.158974358974359,195,0.982468078908755,4.4716352551095
Excalibur_c11301_305,chr3A,3896569,0.780650718542417,0.166666666666667,195,0.982464268179436,5.12701449153712
Kukri_rep_c89183_282,chr3A,4861746,0.464513976930163,0.102564102564103,195,0.946406503116573,-11.5420225028261
RAC875_c7060_67,chr3A,4862416,0.379053635990122,0.120512820512821,195,0.930884147076342,-12.3014489127284
wsnp_Ex_c10014_16476905,chr3A,5992953,0.171937500918796,0.112820512820513,195,0.835432524223078,-19.6111487344303
Excalibur_c11824_103,chr3A,6326188,0.803913762590346,0.102564102564103,195,0.982464268179436,4.28993088169346
wsnp_Ex_rep_c67635_66292689,chr3A,6326519,0.544101306991138,0.151282051282051,195,0.965186634667686,-8.17885652039479
Excalibur_c12875_864,chr3A,6330439,0.277354300696607,0.130769230769231,195,0.901419431121769,-13.3465424729658
BS00066230_51,chr3A,6868533,0.254164689639661,0.194871794871795,195,0.901419431121769,-13.0425720293504
Kukri_c2123_1254,chr3A,7265060,0.1944015420833,0.158974358974359,195,0.851379856396951,-15.1554843268213
BS00088103_51,chr3A,8932995,0.237547110695012,0.0615384615384615,195,0.889138038341312,23.2142909483244
Tdurum_contig52302_649,chr3A,17926801,0.891635070653939,0.333333333333333,195,0.995768077486298,1.41290284182026
Tdurum_contig52302_92,chr3A,17927358,0.671702198678206,0.466666666666667,195,0.982464268179436,4.35601394305661
Kukri_c10511_94,chr3A,50917289,0.631186208096965,0.2,195,0.980767789061915,-5.1944345927501
Kukri_c62467_362,chr3A,50918022,0.901343012705765,0.133333333333333,195,0.995768077486298,-1.72043415436667
Kukri_rep_c73936_154,chr3A,51162762,0.447402407360276,0.297435897435897,195,0.946406503116573,-6.70114344980641
BobWhite_c9704_273,chr3A,52213865,0.944418516222682,0.0820512820512821,195,0.998560233622473,1.25669313019074
wsnp_Ex_c21950_31124594,chr3A,52370420,0.237230483145755,0.202564102564103,195,0.889138038341312,13.0505214649014
JG_c3077_214,chr3A,52420539,0.845138823098022,0.0794871794871795,195,0.990409198579425,3.07517833368371
BS00021694_51,chr3A,53683759,0.853164501780026,0.156410256410256,195,0.990500443262356,2.40225954946777
BS00094366_51,chr3A,53684310,0.833779990635004,0.164102564102564,195,0.990409198579425,2.51824851885715
IAAV2646,chr3A,53960110,0.57612926095927,0.174358974358974,195,0.966016329972609,7.10680965280437
wsnp_Ra_c16846_25598885,chr3A,144269218,0.784189432434322,0.143589743589744,195,0.982464268179436,-3.62476678537433
wsnp_Ex_c10272_16842803,chr3A,181349358,0.0124481467901521,0.120512820512821,195,0.625169081536775,-41.4552610217299
BobWhite_c47722_613,chr3A,311854750,0.0743725715196211,0.0923076923076923,195,0.761889347338316,-26.4542166876946
BS00037400_51,chr3A,439998429,0.108281750572824,0.153846153846154,195,0.814551486391518,-20.8583096106223
BS00089400_51,chr3A,442662335,0.030342803334314,0.169230769230769,195,0.653850408435766,-27.8559776094068
wsnp_CAP11_c2438_1258747,chr3A,480573113,0.0222605476562806,0.156410256410256,195,0.625169081536775,-28.0867896001287
BS00095423_51,chr3A,490762484,0.270282632617961,0.225641025641026,195,0.901419431121769,-11.6127612728973
wsnp_Ex_c28310_37444843,chr3A,496454492,0.676120564059127,0.133333333333333,195,0.982464268179436,4.92844416411083
Tdurum_contig57693_581,chr3A,519596973,0.529876660136645,0.197435897435897,195,0.965186634667686,8.43941895593252
RAC875_rep_c75768_245,chr3A,525727952,0.449218438462939,0.184615384615385,195,0.946406503116573,-10.8668021221084
Tdurum_contig42827_1693,chr3A,611873680,0.83983237378019,0.258974358974359,195,0.990409198579425,-2.29561205750588
GENE-1634_405,chr3A,636113871,0.198388490677957,0.0846153846153846,195,0.855006007385245,20.3704290180449
Excalibur_c18747_1292,chr3A,642665101,0.141973810037201,0.271794871794872,195,0.816421245623809,18.733336383183
IAAV969,chr3A,642679130,0.51434066899258,0.294871794871795,195,0.963831210424392,7.00690987511382
CAP7_rep_c12940_130,chr3A,643394742,0.797068501483271,0.284615384615385,195,0.982464268179436,-2.75528852315119
wsnp_Ex_c27317_36522052,chr3A,682178196,0.390669515975561,0.317948717948718,195,0.933099223408277,8.60825046414931
IAAV1410,chr3A,682180709,0.964037173611227,0.282051282051282,195,0.998560233622473,0.455536193091348
wsnp_Ra_c132_291198,chr3A,682430651,0.387457527304879,0.0923076923076923,195,0.933099223408277,-14.0240578468566
Tdurum_contig59585_656|wsnp_JD_c29019_23208078,chr3A,682432792,0.349544391021478,0.1,195,0.927316583307928,14.0121550953332
BobWhite_c5337_225,chr3A,683847798,0.0175784720928965,0.448717948717949,195,0.625169081536775,-41.6571036865978
BS00097265_51,chr3A,698464202,0.460425176656541,0.0846153846153846,195,0.946406503116573,11.4386647234942
BS00074926_51,chr3A,742634155,0.527502677841102,0.0384615384615385,195,0.965186634667686,-14.8559359520554
Tdurum_contig67686_633,chr3A,744519119,0.427085840581507,0.458974358974359,195,0.938335940749125,-7.91716240824007
wsnp_Ex_c28679_37784735,chr3A,747603616,0.955755305694506,0.387179487179487,195,0.998560233622473,-0.589039301773369
RAC875_s113853_61,chr3B,1936570,0.157759208771125,0.171794871794872,195,0.817261587811595,26.0123529558429
Excalibur_c57482_242,chr3B,3821410,0.0727169183978027,0.117948717948718,195,0.761889347338316,24.8963789879596
BobWhite_c5611_281,chr3B,3822948,0.0674271403579831,0.133333333333333,195,0.748520486604676,25.3446228040041
Tdurum_contig50954_475,chr3B,3941853,0.409649158686249,0.138461538461538,195,0.933099223408277,-10.7681055143799
Kukri_c12817_59,chr3B,4190096,0.207197754393698,0.215384615384615,195,0.859432938999212,-15.1192197203852
Ex_c4578_544,chr3B,4655338,0.657675464807735,0.41025641025641,195,0.982464268179436,-4.6295256626463
RAC875_rep_c118986_60,chr3B,6517115,0.408293911774448,0.333333333333333,195,0.933099223408277,11.2870253988154
wsnp_Ex_c16919_25506076,chr3B,7651071,0.816053347752069,0.274358974358974,195,0.983703434679358,-2.17936198471261
Excalibur_c8314_405,chr3B,10877181,0.272663511802074,0.256410256410256,195,0.901419431121769,10.8494454951469
Tdurum_contig14251_320,chr3B,11235481,0.0106520092831923,0.297435897435897,195,0.625169081536775,29.5762096383894
RFL_Contig5709_3005,chr3B,13020455,0.816690966991861,0.448717948717949,195,0.983703434679358,-2.4410208236792
CAP7_c1576_371,chr3B,13839037,0.192825097128669,0.5,195,0.851379856396951,11.9462853685744
tplb0041e10_1230,chr3B,19580794,0.35317943955339,0.0666666666666667,195,0.928672722754226,18.3258835344636
Tdurum_contig22897_107,chr3B,28249938,0.255609300757969,0.246153846153846,195,0.901419431121769,-14.5632966568759
wsnp_Ex_c4063_7344641,chr3B,72169384,0.132927180262238,0.205128205128205,195,0.816421245623809,15.5022318111382
Ku_c56846_964,chr3B,72680858,0.462157143621424,0.297435897435897,195,0.946406503116573,8.67010235316127
wsnp_Ku_c13069_20938717,chr3B,74068047,0.0157795921996584,0.18974358974359,195,0.625169081536775,34.0414279666903
Kukri_c48750_1372,chr3B,74069930,0.106446569168112,0.246153846153846,195,0.814551486391518,18.8224262219468
wsnp_Ex_c11246_18191331,chr3B,75787307,0.576966814793849,0.0948717948717949,195,0.966016329972609,-9.13514282468742
BS00065429_51,chr3B,78993759,0.592427305671918,0.0974358974358974,195,0.966677717195623,-8.50607223637445
RAC875_c86306_256,chr3B,79633533,0.914226579327824,0.105128205128205,195,0.995768077486298,1.59973948732244
Kukri_c48410_604,chr3B,141816811,0.746967277028361,0.374358974358974,195,0.982464268179436,2.87510171877767
wsnp_JD_c9902_10674626,chr3B,153808061,0.369189141099394,0.148717948717949,195,0.930884147076342,-10.3070437986381
BS00045195_51,chr3B,168855051,0.101484485881687,0.284615384615385,195,0.814551486391518,17.2025962560862
RAC875_c21086_130,chr3B,244829588,0.330979857064925,0.146153846153846,195,0.922387792489646,15.2398625363121
GENE-4829_238,chr3B,245563450,0.703592686880721,0.158974358974359,195,0.982464268179436,-4.30136167970392
Tdurum_contig3182_132,chr3B,246737866,0.91129999554086,0.258974358974359,195,0.995768077486298,-1.1459212664804
Kukri_c14113_98,chr3B,247056235,0.36343377734954,0.315384615384615,195,0.930884147076342,-9.1797248085112
RAC875_s119223_94,chr3B,250994037,0.665964460890384,0.205128205128205,195,0.982464268179436,5.63214069725109
BS00049570_51,chr3B,253746004,0.357591898077089,0.333333333333333,195,0.930884147076342,-10.1010657987097
RAC875_c8755_314,chr3B,254185065,0.646773942353168,0.330769230769231,195,0.980767789061915,-4.93334019390352
BS00091577_51,chr3B,254185364,0.227441273036259,0.215384615384615,195,0.889138038341312,13.1513587769588
RAC875_rep_c86918_170,chr3B,263288655,0.338669861453586,0.220512820512821,195,0.922387792489646,-9.91415547289205
BobWhite_rep_c53979_427,chr3B,270430990,0.363974794065791,0.31025641025641,195,0.930884147076342,-9.18579632573073
IAAV8536,chr3B,442698226,0.082781078159478,0.325641025641026,195,0.774270045319367,-16.2867441069506
wsnp_Ex_c1116_2138756,chr3B,480585332,0.290897747015546,0.379487179487179,195,0.904171779958302,9.36152166071361
BS00082644_51,chr3B,481745930,0.116298538812614,0.0666666666666667,195,0.815047167593115,-30.8422704838118
TA005793-0515,chr3B,490162710,0.854395386090449,0.497435897435897,195,0.990520162863411,-1.99094907569565
BS00045330_51,chr3B,494048201,0.537022459654684,0.469230769230769,195,0.965186634667686,-12.5852113947844
BobWhite_c35249_110,chr3B,507821802,0.1587179539943,0.305128205128205,195,0.817651967078506,-13.6751037573434
TA002241-1114,chr3B,508130723,0.774511540184173,0.21025641025641,195,0.982464268179436,-3.39835596117678
BS00037898_51,chr3B,508496640,0.942426943679671,0.317948717948718,195,0.998560233622473,-0.747591091093
wsnp_Ex_c7172_12318529,chr3B,508836747,0.798435188833833,0.31025641025641,195,0.982464268179436,-2.40768351959207
wsnp_Ex_c5457_9632050,chr3B,513051696,0.807276168958608,0.253846153846154,195,0.982468078908755,-2.48775117048262
BS00036352_51,chr3B,513053489,0.36810660132665,0.323076923076923,195,0.930884147076342,9.43614944485068
wsnp_Ex_c2920_5385184,chr3B,520221779,0.0173069201952206,0.102564102564103,195,0.625169081536775,-34.2369884793574
RAC875_c32792_231,chr3B,521006321,0.0164595781308526,0.0820512820512821,195,0.625169081536775,-40.4638805520495
BobWhite_c24718_225,chr3B,525432136,0.0682471499395099,0.135897435897436,195,0.748520486604676,-26.9061308218056
Ex_c5074_1539,chr3B,570228048,0.689632026432202,0.0666666666666667,195,0.982464268179436,-7.27515118377073
Excalibur_c5921_1315,chr3B,576003677,0.559108054133018,0.482051282051282,195,0.965186634667686,9.70006143681621
Kukri_rep_c107421_115,chr3B,594656729,0.546665490922478,0.420512820512821,195,0.965186634667686,-5.7231372339096
BS00005265_51,chr3B,594935164,0.032689588194596,0.0692307692307692,195,0.670151575959832,35.1734980365482
Jagger_c5649_59,chr3B,595356881,0.343781051446062,0.0717948717948718,195,0.923818117890575,15.7960463335958
Tdurum_contig4913_705,chr3B,598452145,0.743051316246911,0.353846153846154,195,0.982464268179436,3.31631503537039
BobWhite_c32864_250,chr3B,617462379,0.452620355397381,0.0666666666666667,195,0.946406503116573,12.2427761134744
wsnp_Ra_c69_149518,chr3B,753609407,0.825066200422993,0.287179487179487,195,0.987950832073619,2.78360032468765
Excalibur_c33274_498,chr3B,755676302,0.723785221481568,0.482051282051282,195,0.982464268179436,-3.07524139799762
Tdurum_contig11443_1022,chr3B,755676651,0.382225439809904,0.248717948717949,195,0.930884147076342,10.9616467046711
Tdurum_contig55751_315,chr3B,758822591,0.541821607243593,0.461538461538462,195,0.965186634667686,6.0344776263031
BS00030651_51,chr3B,781879073,0.235403375443381,0.458974358974359,195,0.889138038341312,11.3047523939497
RFL_Contig4186_914,chr3B,787799347,0.517631129296725,0.0871794871794872,195,0.965186634667686,10.1361295115356
Tdurum_contig28053_218,chr3B,811836284,0.104254977612033,0.120512820512821,195,0.814551486391518,-25.7809714597373
BS00071041_51,chr3B,812182698,0.964690911281902,0.0666666666666667,195,0.998560233622473,-0.722527294306389
GENE-2712_367,chr3B,812302124,0.558331804753281,0.423076923076923,195,0.965186634667686,7.90676242430266
RAC875_c37741_476,chr3B,836174029,0.37798245165144,0.487179487179487,195,0.930884147076342,-7.00342737912661
RAC875_c37741_218,chr3B,836174889,0.694676876830742,0.225641025641026,195,0.982464268179436,-3.90428479737454
wsnp_JD_c18509_16968425,chr3B,841311388,0.620412317374178,0.4,195,0.978144374470262,5.04459575577425
Tdurum_contig59566_4435,chr3B,841312024,0.736861713234843,0.120512820512821,195,0.982464268179436,-5.2892184704566
IAAV8659,chr3B,842939157,0.842738711972402,0.1,195,0.990409198579425,3.9588025990837
Kukri_c48601_98,chr3B,844119703,0.0041514338266655,0.230769230769231,195,0.366779178585897,31.7427240000434
Tdurum_contig14350_431,chr3D,77091,0.166190161875944,0.130769230769231,195,0.835432524223078,19.4414741068271
BobWhite_c18256_809,chr3D,743093,0.0427430579659881,0.241025641025641,195,0.692908104824779,25.1405620748454
Kukri_rep_c94244_339,chr3D,803716,0.578885448906561,0.4,195,0.966016329972609,-4.75920997863255
BS00098760_51,chr3D,1051628,0.925659563296655,0.305128205128205,195,0.997950243041604,1.05805347639284
BS00080157_51,chr3D,1476240,0.821425236988826,0.123076923076923,195,0.98716777953728,-4.50377271823413
RAC875_c22383_248,chr3D,1481100,0.983834403721383,0.0641025641025641,195,0.998560233622473,0.403022805976832
IAAV1578,chr3D,2714182,0.903846259409014,0.415384615384615,195,0.995768077486298,1.2035603517063
tplb0053a24_1247,chr3D,3588508,0.884686748594964,0.497435897435897,195,0.995768077486298,-1.46825595070857
Excalibur_c9485_351,chr3D,3695097,0.314250796419327,0.31025641025641,195,0.917881562067026,9.90589146506909
Excalibur_c20559_98,chr3D,3695344,0.252714495966634,0.348717948717949,195,0.901419431121769,11.9167629121932
Excalibur_c12875_1643,chr3D,5008394,0.851461632712913,0.223076923076923,195,0.990409198579425,2.26570802954484
wsnp_JD_c396_603720,chr3D,5433044,0.677509535274593,0.176923076923077,195,0.982464268179436,-5.39255433094883
D_contig79290_372,chr3D,31799415,0.892438590864661,0.228205128205128,195,0.995768077486298,1.57591022254707
Kukri_c5252_107,chr3D,34080877,0.0989492677576675,0.220512820512821,195,0.814551486391518,16.2027219441565
wsnp_Ex_c18250_27065775,chr3D,126064001,0.0320294739517496,0.171794871794872,195,0.665836240855782,-31.6988894785878
wsnp_Ex_rep_c78526_74641162,chr3D,162446861,0.659139386833896,0.0846153846153846,195,0.982464268179436,-8.22131244506431
Kukri_c43208_335,chr3D,178478493,0.676311388943846,0.0615384615384615,195,0.982464268179436,-7.75253879650006
wsnp_Ex_c54003_57045475,chr3D,267619256,0.540949149036455,0.123076923076923,195,0.965186634667686,9.52311190412985
Ra_c4231_465,chr3D,344728534,0.143135098379664,0.0538461538461538,195,0.816421245623809,-27.7323569167811
IAAV1270,chr3D,378358338,0.492419956483135,0.307692307692308,195,0.954283489144457,-7.16667847211784
BobWhite_c27541_67,chr3D,378927754,0.150809412376837,0.217948717948718,195,0.816421245623809,-14.2869018968228
tplb0029j24_2118,chr3D,418236443,0.810057314764554,0.328205128205128,195,0.982468078908755,-2.04559125545273
RAC875_c494_436,chr3D,424883434,0.431992308010808,0.0666666666666667,195,0.938335940749125,12.607581889342
RFL_Contig383_1347,chr3D,508864621,0.373678537129023,0.0717948717948718,195,0.930884147076342,-16.4441607196064
Kukri_c8913_385,chr3D,516319262,0.995882258359266,0.0846153846153846,195,0.998560233622473,-0.0846530473359621
BS00054496_51,chr3D,539622336,0.619077368748253,0.307692307692308,195,0.977642459101279,-5.16622502926987
RAC875_c101793_136,chr3D,551216475,0.782017757059076,0.274358974358974,195,0.982464268179436,-3.14582570537914
D_GDRF1KQ02GV96X_70,chr3D,556604263,0.897281092376553,0.0846153846153846,195,0.995768077486298,1.89567469471257
CAP12_c2615_128,chr3D,582172173,0.156630901112887,0.425641025641026,195,0.816421245623809,15.9031352577466
RAC875_c5606_501,chr3D,604572945,0.408355601660903,0.143589743589744,195,0.933099223408277,-11.3149841195736
CAP7_c4219_186,chr3D,606219075,0.917436288878876,0.1,195,0.995768077486298,1.58010688666937
CAP7_c4219_359,chr3D,606219247,0.465891370969027,0.11025641025641,195,0.946406503116573,10.7252945862472
Kukri_c92813_223,chr3D,606569015,0.536243429197812,0.205128205128205,195,0.965186634667686,-7.12095599749097
tplb0060a09_1160,chr3D,608879318,0.864570771677438,0.343589743589744,195,0.990520162863411,2.30508562877628
Jagger_c3292_145,chr3D,611260936,0.429481001743433,0.192307692307692,195,0.938335940749125,-10.5085527843539
wsnp_Ex_c12369_19730765,chr3D,613343797,0.867013307956108,0.18974358974359,195,0.99184607087702,-2.1192826729976
RAC875_c5222_411,chr3D,613758364,0.336786637646136,0.192307692307692,195,0.922387792489646,-10.1040050954204
BS00073760_51,chr3D,613957933,0.878268750808882,0.317948717948718,195,0.995768077486298,1.72124876679038
BobWhite_rep_c52911_146,chr3D,614179926,0.868916404599805,0.364102564102564,195,0.993063720562687,1.76435643838249
IAAV686,chr3D,614247171,0.846105942442441,0.241025641025641,195,0.990409198579425,-2.00685608693163
IAAV7013,chr3D,614386580,0.408765462268079,0.225641025641026,195,0.933099223408277,-8.28770334773191
BS00024422_51,chr3D,615044922,0.724887455541133,0.302564102564103,195,0.982464268179436,-3.95683200611529
wsnp_Ex_c7451_12757458,chr3D,615289194,0.0751127185783137,0.446153846153846,195,0.761889347338316,-16.8072935980422
Excalibur_c51976_119,chr3D,615289784,0.834284955674449,0.230769230769231,195,0.990409198579425,2.18196193104239
TA006354-0937,chr3D,615292492,0.373067840939821,0.2,195,0.930884147076342,10.9597957239129
RAC875_c6578_645,chr3D,615711956,0.205702437533227,0.128205128205128,195,0.857255205474555,15.9407097755949
Excalibur_c42667_427,chr3D,615962873,0.36969031676825,0.0743589743589744,195,0.930884147076342,-13.9129364707591
BobWhite_c5246_196,chr3D,615963084,0.275694548392475,0.479487179487179,195,0.901419431121769,-9.22057164685998
Excalibur_c6906_804,chr3D,616940285,0.725032983176701,0.379487179487179,195,0.982464268179436,-3.36305608626049
wsnp_Ku_c7264_12545135,chr3D,616954599,0.911697987084459,0.215384615384615,195,0.995768077486298,-1.4002507139395
CAP12_c2073_98,chr3D,617434955,0.167893813165864,0.4,195,0.835432524223078,-11.2206220750982
wsnp_CAP11_c1051_622082,chr3D,617435205,0.564800781124158,0.256410256410256,195,0.965186634667686,5.85516358001047
CAP11_c1051_121,chr3D,617435313,0.740968813752865,0.276923076923077,195,0.982464268179436,-3.54899467758952
BS00024440_51,chr3D,617440108,0.459836377381815,0.266666666666667,195,0.946406503116573,8.08616326385766
Excalibur_c46790_502,chr3D,617673993,0.564749217053859,0.253846153846154,195,0.965186634667686,6.32264283331375
BS00066691_51,chr3D,617751247,0.429532368650514,0.284615384615385,195,0.938335940749125,8.07008947638741
Kukri_c12013_443,chr3D,617752442,0.573917507252203,0.312820512820513,195,0.966016329972609,-7.92109830718016
Kukri_c12013_90,chr3D,617752796,0.386302414306529,0.348717948717949,195,0.932508696830105,8.37366350331314
Kukri_rep_c87658_1542,chr3D,617752952,0.634030869982596,0.397435897435897,195,0.980767789061915,4.36935879258499
wsnp_Ex_c5061_8986366,chr3D,617753058,0.573516962220693,0.323076923076923,195,0.966016329972609,-4.87085359892671
Excalibur_c54670_110,chr3D,617757062,0.568488969778094,0.423076923076923,195,0.965909551263806,6.26021600759054
RAC875_c51595_177,chr3D,617757520,0.954966629425954,0.238461538461538,195,0.998560233622473,-0.653564270501477
BS00064063_51|D_contig04964_668,chr3D,617766333,0.067526414673798,0.364102564102564,195,0.748520486604676,-15.7688347298841
RAC875_c43838_146,chr3D,617840095,0.144969735298823,0.3,195,0.816421245623809,14.4749707858962
Excalibur_c56069_128,chr3D,617840557,0.430617813756042,0.335897435897436,195,0.938335940749125,-7.68148905473709
RFL_Contig2432_953,chr3D,618256005,0.801181252305056,0.358974358974359,195,0.982464268179436,-2.33497174300271
BS00078532_51,chr3D,618417590,0.648729132625825,0.274358974358974,195,0.980767789061915,5.17014252480857
BS00078092_51,chr3D,618417763,0.259272538263563,0.41025641025641,195,0.901419431121769,-9.83691869394846
BS00035307_51,chr4A,3424618,0.261842408604801,0.282051282051282,195,0.901419431121769,12.6349275092236
IAAV2216,chr4A,4642490,0.464024618918741,0.330769230769231,195,0.946406503116573,-7.83072656940601
Kukri_c2963_272,chr4A,9987483,0.606183720183834,0.187179487179487,195,0.973427968767559,5.53742197147398
Excalibur_c12032_1101,chr4A,10712266,0.93861308807714,0.141025641025641,195,0.998560233622473,-0.990340930746697
BS00022177_51,chr4A,12242671,0.0390356103409442,0.0769230769230769,195,0.676234543847534,34.433901675075
wsnp_Ra_c14920_23225219,chr4A,13178397,0.342683743276909,0.0846153846153846,195,0.923818117890575,15.0682551615827
RAC875_c16405_84,chr4A,29280763,0.337772726581967,0.058974358974359,195,0.922387792489646,18.4610776020371
Kukri_c16916_1073,chr4A,30513653,0.253937537274754,0.128205128205128,195,0.901419431121769,15.0792155932281
wsnp_Ex_c5690_9994334,chr4A,39010175,0.766836968076786,0.307692307692308,195,0.982464268179436,-4.05535203249633
wsnp_Ku_rep_c76865_75281903,chr4A,60651660,0.384340992447028,0.366666666666667,195,0.930884147076342,-9.46766230747789
wsnp_Ex_c8131_13754852,chr4A,120070361,0.335066841539901,0.443589743589744,195,0.922387792489646,16.5458709702682
RAC875_c27776_86,chr4A,129834424,0.925311268661871,0.253846153846154,195,0.997950243041604,-1.11602078813041
wsnp_Ex_c9464_15689857,chr4A,534414030,0.271465763755384,0.2,195,0.901419431121769,-11.1216264404649
IAAV125,chr4A,544012642,0.272209107058722,0.320512820512821,195,0.901419431121769,-11.1443929898654
BS00010925_51,chr4A,587784360,0.752545624241228,0.0435897435897436,195,0.982464268179436,6.50834873552219
BobWhite_rep_c49931_364,chr4A,603282322,0.329377664895347,0.474358974358974,195,0.922387792489646,-19.3438934833093
BS00023151_51,chr4A,609381583,0.0415875861780751,0.141025641025641,195,0.692908104824779,-24.4377138263268
BobWhite_c12128_187,chr4A,613169667,0.93650787198521,0.364102564102564,195,0.998560233622473,-0.835038863695786
Tdurum_contig42257_4485,chr4A,613283992,0.982069478695315,0.194871794871795,195,0.998560233622473,0.237050648158345
wsnp_Ex_c24474_33721784,chr4A,614813951,0.251212640134589,0.38974358974359,195,0.901187035587195,11.5060454396937
wsnp_Ku_c4924_8816643,chr4A,615129189,0.552167005632371,0.284615384615385,195,0.965186634667686,-5.86614160069155
BobWhite_c35402_66,chr4A,617281994,0.436394780371539,0.117948717948718,195,0.940880288541268,11.0211831322072
Tdurum_contig13489_292,chr4A,617282086,0.718314116486169,0.117948717948718,195,0.982464268179436,-4.76379691770211
Kukri_c4594_825,chr4A,619215413,0.0471188356035773,0.0358974358974359,195,0.705394406326592,-62.8193530753737
Kukri_c5039_2269,chr4A,621255217,0.128683377984738,0.0897435897435897,195,0.816421245623809,28.030082333684
Excalibur_c20024_806,chr4A,621256874,0.771054012744416,0.130769230769231,195,0.982464268179436,-4.70415369617962
wsnp_Ex_c41074_47988141,chr4A,621266258,0.738785842094219,0.153846153846154,195,0.982464268179436,3.8635308114213
Excalibur_c2618_1412,chr4A,621666044,0.741402521432085,0.0512820512820513,195,0.982464268179436,6.28802720632666
Kukri_c25832_794,chr4A,623952035,0.795378270453132,0.282051282051282,195,0.982464268179436,-3.20074684412759
JD_c4438_839,chr4A,627277193,0.218119900523432,0.274358974358974,195,0.882778356533233,15.1795713801355
BobWhite_c20282_164,chr4A,627325347,0.897531074502747,0.451282051282051,195,0.995768077486298,1.77000116179579
BS00010144_51,chr4A,629639764,0.723597572384651,0.138461538461538,195,0.982464268179436,5.0942469352658
Kukri_c17942_239,chr4A,629640229,0.156351904423779,0.194871794871795,195,0.816421245623809,-23.5228030346418
CAP11_c1989_183,chr4A,633388836,0.0793972855570742,0.338461538461538,195,0.772133261723999,-16.1029753260787
BobWhite_c33898_150,chr4A,634064111,0.0976158922047772,0.476923076923077,195,0.814551486391518,-16.3506873012469
Kukri_c33315_159,chr4A,634134455,0.768629308209488,0.120512820512821,195,0.982464268179436,5.41790985202658
BS00059503_51,chr4A,642560750,0.747186829974131,0.382051282051282,195,0.982464268179436,-3.46914266600152
Kukri_c96159_197,chr4A,646700185,0.858666178305614,0.0743589743589744,195,0.990520162863411,3.13356559078446
Excalibur_c4325_1440,chr4A,647082974,0.88158318810846,0.0641025641025641,195,0.995768077486298,2.82742610888349
Tdurum_contig15586_563,chr4A,647183147,0.575519920089173,0.0615384615384615,195,0.966016329972609,11.4472277094945
wsnp_Ex_c3988_7221220,chr4A,666371209,0.0433056009673167,0.0769230769230769,195,0.695461565906321,-33.0375342758903
Excalibur_c4370_1451,chr4A,667033050,0.103443736744511,0.0769230769230769,195,0.814551486391518,-28.4341857248602
Excalibur_c4370_1221,chr4A,667033280,0.0274102583900576,0.1,195,0.63728850756884,-33.4283587422346
wsnp_JD_c27162_22206547,chr4A,668474506,0.0368211674884192,0.0615384615384615,195,0.676234543847534,-38.4603974320974
tplb0024a09_919,chr4A,678136068,0.461811923787051,0.0974358974358974,195,0.946406503116573,14.66883319256
IAAV3960,chr4A,708504916,0.642996315109201,0.0358974358974359,195,0.980767789061915,-11.9348613572761
wsnp_Ex_c11047_17915225,chr4A,709846287,0.995253301814236,0.361538461538462,195,0.998560233622473,0.052186869263096
RAC875_c1115_341,chr4A,709856371,0.776672385215566,0.235897435897436,195,0.982464268179436,2.82359524730714
BS00022929_51,chr4A,713341626,0.783933558624642,0.394871794871795,195,0.982464268179436,-3.90606443688603
Excalibur_c7753_51,chr4A,717745269,0.549012345602961,0.446153846153846,195,0.965186634667686,5.07239601960748
BS00100441_51,chr4A,717746227,0.954135563304135,0.497435897435897,195,0.998560233622473,0.484599735637801
Tdurum_contig93156_127,chr4A,717746260,0.849241953199176,0.207692307692308,195,0.990409198579425,-1.9464275643262
Jagger_c2200_347,chr4A,722472307,0.561760644514507,0.153846153846154,195,0.965186634667686,-6.90389501693272
Tdurum_contig75819_1591,chr4A,723621083,0.838816300718597,0.320512820512821,195,0.990409198579425,2.21698523179941
RFL_Contig3841_2409,chr4A,723621320,0.317379088219582,0.215384615384615,195,0.917881562067026,11.6483402147538
RFL_Contig3841_2433,chr4A,723621344,0.741180068589888,0.38974358974359,195,0.982464268179436,2.86033028854587
RFL_Contig3841_2595|Tdurum_contig75819_1309,chr4A,723621647,0.70875963615949,0.266666666666667,195,0.982464268179436,3.60715355029186
Tdurum_contig75819_559,chr4A,723623148,0.339224683082432,0.433333333333333,195,0.922387792489646,-8.30261866262163
BobWhite_c20306_88,chr4A,723882828,0.898069915437334,0.261538461538462,195,0.995768077486298,-1.31716754576308
RAC875_c54248_724,chr4A,728382481,0.177249245108482,0.143589743589744,195,0.840413053890983,-22.558590414958
Excalibur_c6050_323,chr4A,737354924,0.0803821691553751,0.230769230769231,195,0.772133261723999,22.5729123842709
Tdurum_contig46583_2146,chr4A,748960423,0.754374329660164,0.348717948717949,195,0.982464268179436,-3.36247617895992
Tdurum_contig42083_757,chr4B,5992523,0.59058053497816,0.469230769230769,195,0.966677717195623,-7.18544589991689
wsnp_BF483640B_Ta_2_2,chr4B,9811182,0.316354867145687,0.451282051282051,195,0.917881562067026,-11.7911778470398
BS00009480_51,chr4B,13966893,0.118971805749786,0.1,195,0.81533054731902,-22.5305554715312
Tdurum_contig10984_210,chr4B,16496592,0.0367315045505065,0.0307692307692308,195,0.676234543847534,50.6864576756166
BS00071658_51,chr4B,19660010,0.0614275067462985,0.138461538461538,195,0.748520486604676,22.9992164209067
wsnp_Ku_c8075_13785546,chr4B,21914939,0.82759789643607,0.135897435897436,195,0.98875286207068,3.04147137108623
Tdurum_contig41902_1673,chr4B,26013667,0.504553268040927,0.041025641025641,195,0.960762595069694,15.6173247484868
Tdurum_contig64772_417,chr4B,27919074,0.801909312639124,0.151282051282051,195,0.982464268179436,3.44082419505582
RAC875_c44584_162,chr4B,30165134,0.266688356851566,0.469230769230769,195,0.901419431121769,-20.5218478791685
IACX557,chr4B,30367591,0.523973784854086,0.0666666666666667,195,0.965186634667686,10.5107467080356
BS00021984_51,chr4B,36883899,0.725394160009274,0.115384615384615,195,0.982464268179436,-5.31682400196394
Tdurum_contig63670_287,chr4B,38005599,0.148553114522674,0.107692307692308,195,0.816421245623809,-23.8566551925949
BobWhite_c9876_331,chr4B,389489859,0.0342497393673516,0.0692307692307692,195,0.672436549579002,-52.6468494127196
TA006298-0500,chr4B,392977418,0.431028038779015,0.282051282051282,195,0.938335940749125,-8.47219287986445
Tdurum_contig5562_730,chr4B,405410925,0.0972064168251281,0.430769230769231,195,0.814551486391518,-17.3910003637045
Tdurum_contig5562_441,chr4B,405411214,0.0240982298190292,0.461538461538462,195,0.625169081536775,-21.5254618523951
Excalibur_rep_c66744_2113,chr4B,411427953,0.087794306538921,0.420512820512821,195,0.803795542250122,-18.2388572840918
Tdurum_contig52805_183,chr4B,417331471,0.013568690898344,0.233333333333333,195,0.625169081536775,-24.2455736878087
BS00064884_51,chr4B,426786962,0.500128944091636,0.430769230769231,195,0.957451618862319,-7.24920538565118
Kukri_c322_1394,chr4B,533039128,0.422823885592102,0.207692307692308,195,0.938335940749125,9.71613315245105
wsnp_Ex_c23363_32607637,chr4B,541848846,0.11669888704078,0.241025641025641,195,0.815047167593115,-16.0547578005119
BS00087144_51,chr4B,546425684,0.153561499125719,0.271794871794872,195,0.816421245623809,-14.3793378672478
Tdurum_contig47552_957,chr4B,546613590,0.52545154431404,0.187179487179487,195,0.965186634667686,-7.46828779977062
BS00077411_51,chr4B,552428337,0.974538525006228,0.166666666666667,195,0.998560233622473,-0.380603025020946
Excalibur_c56741_119,chr4B,558353165,0.725655778890606,0.220512820512821,195,0.982464268179436,-3.93125580794475
wsnp_Ex_c19319_28253742,chr4B,565521094,0.958346640304555,0.223076923076923,195,0.998560233622473,0.634398630978353
wsnp_CAP12_rep_c4278_1949864,chr4B,566478398,0.263711024434571,0.215384615384615,195,0.901419431121769,-13.3658883445609
IAAV2228,chr4B,566490208,0.537270665663685,0.417948717948718,195,0.965186634667686,-7.0222092878696
RAC875_c24550_1150,chr4B,566493200,0.273491906418966,0.402564102564103,195,0.901419431121769,14.7988242578381
BS00022181_51,chr4B,567454376,0.364128184223895,0.38974358974359,195,0.930884147076342,10.4152861098419
BS00069989_51,chr4B,567855344,0.119046565482913,0.5,195,0.81533054731902,18.2516177522064
BS00058659_51,chr4B,570039984,0.89142698359476,0.323076923076923,195,0.995768077486298,1.57149037101146
wsnp_Ex_c42895_49355806,chr4B,570962358,0.638202485406044,0.407692307692308,195,0.980767789061915,5.50895437454085
Ex_c57212_719,chr4B,570977417,0.15568592873391,0.31025641025641,195,0.816421245623809,-13.8467463446549
RAC875_c39226_131,chr4B,574955516,0.382489264336985,0.230769230769231,195,0.930884147076342,8.56397747233171
Ra_c15473_681,chr4B,578566549,0.483817714285787,0.135897435897436,195,0.954283489144457,8.98746339333263
RAC875_c15143_227,chr4B,579338703,0.29121072970297,0.235897435897436,195,0.904171779958302,10.5259764397971
RAC875_c3790_429,chr4B,581540703,0.311467576431792,0.320512820512821,195,0.917881562067026,-9.04670939298023
BobWhite_c1295_470,chr4B,582119206,0.48907580308631,0.369230769230769,195,0.954283489144457,-7.4659180974229
RAC875_rep_c108328_299,chr4B,585672870,0.928871334420023,0.284615384615385,195,0.998560233622473,1.06095298941614
Tdurum_contig28920_296,chr4B,588233608,0.703860370656946,0.225641025641026,195,0.982464268179436,4.67135028288624
Tdurum_contig31737_203,chr4B,589903423,0.974558381239462,0.148717948717949,195,0.998560233622473,-0.525592259388873
BobWhite_c13247_795,chr4B,590482284,0.227813969463657,0.461538461538462,195,0.889138038341312,9.86356527906327
Tdurum_contig93160_155,chr4B,591131978,0.886973923118898,0.2,195,0.995768077486298,-1.95689514588997
RAC875_c89195_138,chr4B,593980601,0.716741663592405,0.194871794871795,195,0.982464268179436,4.27708675087928
BobWhite_c40424_143,chr4B,633387116,0.822771582219246,0.135897435897436,195,0.98716777953728,-3.00678628068977
Excalibur_c31044_482,chr4B,633872661,0.894243272847475,0.297435897435897,195,0.995768077486298,1.78413248728089
Excalibur_c25270_218,chr4B,634767824,0.604663387559849,0.161538461538462,195,0.973078511674183,-6.8385911548034
BobWhite_c27751_206,chr4B,634855587,0.960641131161481,0.133333333333333,195,0.998560233622473,-0.678832955771952
Kukri_c4221_1114,chr4B,645235940,0.988546466814031,0.333333333333333,195,0.998560233622473,0.193202527074277
Excalibur_c1706_1413,chr4B,651659784,0.714984846873881,0.125641025641026,195,0.982464268179436,-5.05438293685523
tplb0027f12_503,chr4B,654991791,0.0933090564197609,0.184615384615385,195,0.814551486391518,17.729643561196
wsnp_BE499546B_Ta_2_1,chr4B,656245718,0.622993556167162,0.217948717948718,195,0.979871080504821,-5.81631917552079
Excalibur_c49297_159,chr4B,656249543,0.534318448061088,0.220512820512821,195,0.965186634667686,-6.13744270449666
tplb0056i06_856,chr4B,659634248,0.354327181751079,0.307692307692308,195,0.928926009130797,8.22684390211617
RAC875_c87897_333,chr4B,667583494,0.759354550063793,0.456410256410256,195,0.982464268179436,-3.05431110438849
BS00022808_51,chr4B,668709559,0.0110887440008557,0.117948717948718,195,0.625169081536775,34.3805234383089
BS00040517_51,chr4B,673375605,0.383919428433757,0.241025641025641,195,0.930884147076342,-11.5956672341661
wsnp_Ex_c4148_7494801,chr4B,673887818,0.279162621176892,0.105128205128205,195,0.901419431121769,16.3375342773607
JD_c15782_595,chr4B,676710748,0.147535947385794,0.320512820512821,195,0.816421245623809,-13.6562140009358
RAC875_c48025_483,chr4B,681822696,0.719312982435553,0.333333333333333,195,0.982464268179436,3.62073542469989
Ku_c2885_1286,chr4B,689021947,0.240228103592894,0.305128205128205,195,0.889138038341312,-10.8056082691358
Ku_c2885_1189,chr4B,689022044,0.140810901083373,0.458974358974359,195,0.816421245623809,-13.9657503953661
Ku_c9134_782,chr4B,689184395,0.0902753501705258,0.448717948717949,195,0.814551486391518,-16.6788868009543
Tdurum_contig9118_1078,chr4B,689336210,0.345594816044027,0.215384615384615,195,0.923818117890575,-14.2124646152538
BS00108770_51,chr4D,3673713,0.990193091850535,0.0461538461538462,195,0.998560233622473,-0.260126843622785
BS00022283_51,chr4D,3680171,0.103762543449487,0.0487179487179487,195,0.814551486391518,-34.9818513637098
wsnp_Ex_rep_c107564_91144523,chr4D,26735190,0.40314313983692,0.0564102564102564,195,0.933099223408277,16.7541956733057
Ra_c350_837,chr4D,111721106,0.415540821295035,0.0641025641025641,195,0.937895868127495,14.7078348212261
wsnp_BE444858D_Ta_1_1,chr4D,134619728,0.99012527429899,0.176923076923077,195,0.998560233622473,-0.136605581533502
RAC875_rep_c109674_414,chr4D,187014339,0.112318201314573,0.041025641025641,195,0.815047167593115,38.3924171062826
wsnp_BF202706D_Ta_1_1,chr4D,218513069,0.0908147278362745,0.18974358974359,195,0.814551486391518,18.5871907276716
Ku_c2271_358,chr4D,253939544,0.0360794821433092,0.0435897435897436,195,0.676234543847534,44.57047971981
wsnp_BF473052D_Ta_2_1,chr4D,441152501,0.43858763502951,0.0128205128205128,195,0.94280334683351,29.5896445245684
D_GDS7LZN02F0W89_230,chr4D,458388630,0.304866870724225,0.0102564102564103,195,0.909965811773152,-47.3597657300239
BS00022436_51,chr4D,458393778,0.850939053983352,0.0102564102564103,195,0.990409198579425,8.63991025961639
BS00064002_51,chr4D,458802353,0.845673526067237,0.0641025641025641,195,0.990409198579425,3.45605026085957
BS00106571_51,chr4D,458807647,0.647882833434036,0.0641025641025641,195,0.980767789061915,-7.86310544559603
BS00047797_51,chr4D,459122261,0.530708415448014,0.0512820512820513,195,0.965186634667686,-12.8744491296783
BS00101071_51,chr5A,9357157,0.755783381957153,0.041025641025641,195,0.982464268179436,-6.50343488906458
wsnp_Ku_c9559_15999945,chr5A,9546069,0.556116908305391,0.358974358974359,195,0.965186634667686,-6.54766515655274
Kukri_c17126_1211,chr5A,9547331,0.981728989054464,0.402564102564103,195,0.998560233622473,0.237291257572224
wsnp_Ex_c25707_34968426,chr5A,9548776,0.143754532027739,0.376923076923077,195,0.816421245623809,-15.149120685175
Ra_c10762_1137,chr5A,9549092,0.405195685077981,0.371794871794872,195,0.933099223408277,-9.00999726061957
Kukri_c29420_310,chr5A,10633268,0.376925776625966,0.371794871794872,195,0.930884147076342,-8.8951441479669
wsnp_BE399966A_Ta_2_3,chr5A,11349947,0.56196996451912,0.0897435897435897,195,0.965186634667686,9.0505300012411
wsnp_Ku_c1254_2498515,chr5A,11617185,0.649959864737693,0.361538461538462,195,0.980767789061915,4.5806451761573
Excalibur_rep_c88724_127,chr5A,22324829,0.545774883127582,0.246153846153846,195,0.965186634667686,-8.63113008879952
BS00029347_51,chr5A,50006921,0.332612789761342,0.102564102564103,195,0.922387792489646,14.4957174888524
wsnp_Ku_c48254_54492007,chr5A,50403368,0.332973031527229,0.21025641025641,195,0.922387792489646,11.2740570365712
BS00078654_51,chr5A,52064637,0.735595753118845,0.102564102564103,195,0.982464268179436,-5.15327804476379
RAC875_c15192_51,chr5A,52354691,0.620543205309091,0.102564102564103,195,0.978144374470262,-7.81651047107624
BS00046772_51,chr5A,53433438,0.62311821279667,0.123076923076923,195,0.979871080504821,6.33195746466237
wsnp_Ra_c212_447994,chr5A,56320359,0.0824474434343862,0.146153846153846,195,0.774270045319367,-22.4487566979629
wsnp_Ku_c1102_2211433,chr5A,56321316,0.468798316016195,0.112820512820513,195,0.948873567469205,10.4179445445238
BobWhite_c37803_125,chr5A,77908786,0.803914951648552,0.217948717948718,195,0.982464268179436,-3.14892622829313
TA006001-0725,chr5A,90201408,0.840099050718002,0.225641025641026,195,0.990409198579425,-2.09998028069771
BobWhite_rep_c49176_485,chr5A,90215490,0.631493612850509,0.0974358974358974,195,0.980767789061915,-7.66575799549662
Excalibur_c25331_1224,chr5A,90906625,0.416665679954773,0.0871794871794872,195,0.937895868127495,11.9442411511271
RFL_Contig4653_1217,chr5A,93736406,0.869422510305873,0.151282051282051,195,0.993063720562687,2.15837770107765
IAAV5061,chr5A,95154087,0.736171293392199,0.366666666666667,195,0.982464268179436,3.25110004866758
wsnp_Ex_c2922_5391083,chr5A,96200429,0.684941797742963,0.143589743589744,195,0.982464268179436,-5.23386031767848
RAC875_c29957_355,chr5A,96204453,0.58985843540368,0.494871794871795,195,0.966677717195623,6.0856669458783
Excalibur_c22926_514,chr5A,97211536,0.173043748650621,0.158974358974359,195,0.835432524223078,15.3963778948576
wsnp_Ra_c10053_16636851,chr5A,102991330,0.661961854519223,0.451282051282051,195,0.982464268179436,5.09618552928964
wsnp_Ku_c16812_25759885,chr5A,102992259,0.624044970366081,0.107692307692308,195,0.979871080504821,-7.46959458364864
Ku_c4397_2120,chr5A,103387172,0.365976085584862,0.305128205128205,195,0.930884147076342,-11.1971336398768
wsnp_Ex_c130_259533,chr5A,108202113,0.232476351110803,0.107692307692308,195,0.889138038341312,16.3995765177573
Ex_c5902_360,chr5A,111232258,0.0436877384355414,0.361538461538462,195,0.695461565906321,22.9340970760258
BS00045284_51|wsnp_Ex_c15084_23263641,chr5A,113109004,0.395456284696359,0.120512820512821,195,0.933099223408277,11.85463644362
wsnp_Ra_c13_24911,chr5A,418865118,0.822919150683879,0.0666666666666667,195,0.98716777953728,-4.24734064003982
wsnp_Ra_c13_24540,chr5A,418865489,0.0262732731426505,0.2,195,0.625169081536775,27.6106538100597
RAC875_c13_1589,chr5A,418866847,0.143422586126841,0.135897435897436,195,0.816421245623809,25.11816038674
wsnp_Ex_c4666_8349206,chr5A,418968514,0.29320341251619,0.0846153846153846,195,0.904171779958302,24.0637410312212
Tdurum_contig49844_958|tplb0031i04_452,chr5A,419574386,0.105710079219507,0.215384615384615,195,0.814551486391518,19.9659804462158
CAP12_c667_143,chr5A,420174302,0.0723199325754649,0.212820512820513,195,0.761889347338316,22.7016258221661
RAC875_c4033_192,chr5A,444492894,0.653313549130673,0.0538461538461538,195,0.982464268179436,8.57987621808263
BS00067453_51,chr5A,450797402,0.0532390238674914,0.0538461538461538,195,0.730977010729452,37.9726529224231
BS00089968_51,chr5A,450898638,0.0782027215205185,0.287179487179487,195,0.772133261723999,17.9025985151534
Tdurum_contig43874_1129,chr5A,470754069,0.713870126748068,0.0717948717948718,195,0.982464268179436,6.93300741542379
wsnp_Ex_c2474_4619730,chr5A,473639409,0.635936257821945,0.276923076923077,195,0.980767789061915,4.38401619669412
Kukri_c1106_1489,chr5A,482529631,0.0244340919999369,0.115384615384615,195,0.625169081536775,-30.4760403632981
Tdurum_contig49187_601,chr5A,483286973,0.993803261528684,0.451282051282051,195,0.998560233622473,-0.10974003060187
CAP8_c1066_309,chr5A,489070639,0.239669327157601,0.187179487179487,195,0.889138038341312,16.3136180752895
Tdurum_contig96830_155,chr5A,489446077,0.362936467520546,0.307692307692308,195,0.930884147076342,9.35646274189355
Ex_c9327_1198,chr5A,489450223,0.877589044505052,0.317948717948718,195,0.995768077486298,-1.51551356942571
RAC875_c18195_718,chr5A,506206035,0.75775300315117,0.284615384615385,195,0.982464268179436,-4.79331269893646
BobWhite_c1387_798,chr5A,529293612,0.0140831806111354,0.376923076923077,195,0.625169081536775,-22.9381874442535
wsnp_Ex_c3670_6694480,chr5A,536305605,0.0300682318236841,0.184615384615385,195,0.653850408435766,-22.8821532894762
BS00021805_51,chr5A,536306153,0.0259283553550084,0.148717948717949,195,0.625169081536775,-29.0777417581937
BS00067676_51,chr5A,555910234,0.948040938873143,0.330769230769231,195,0.998560233622473,-0.591714180355325
BS00065292_51,chr5A,556701936,0.210158680200504,0.330769230769231,195,0.867641093257688,-17.3784643748266
RFL_Contig2031_2040,chr5A,560134598,0.391398428905107,0.425641025641026,195,0.933099223408277,8.80090856651907
BS00077858_51,chr5A,560556750,0.784620862119125,0.392307692307692,195,0.982464268179436,-2.67091868091541
BS00010179_51,chr5A,560558215,0.802682504777132,0.451282051282051,195,0.982464268179436,2.10218884410926
RAC875_c23340_2243,chr5A,560787823,0.559645799379494,0.241025641025641,195,0.965186634667686,-6.31457900641527
Tdurum_contig71499_211,chr5A,571844070,0.137397465821129,0.161538461538462,195,0.816421245623809,-19.8637172687735
Ex_c4208_839,chr5A,574186123,0.593656941806494,0.374358974358974,195,0.966677717195623,6.43569212546572
Excalibur_c54774_408,chr5A,594527080,0.00313080916634669,0.412820512820513,195,0.3073410998297,40.6142969148802
Tdurum_contig50175_875,chr5A,595410894,0.0337540974875071,0.364102564102564,195,0.670151575959832,22.3489906617041
RFL_Contig316_572,chr5A,596468536,0.194839356139684,0.207692307692308,195,0.851379856396951,16.7263002723785
Ku_c21235_676,chr5A,619747127,0.601067000441279,0.328205128205128,195,0.972631433259412,-5.17559119577027
wsnp_Ex_c53426_56666788,chr5A,626963779,0.713541308501323,0.148717948717949,195,0.982464268179436,4.17107984222923
wsnp_Ex_c16715_25264080,chr5A,634713681,0.333835086316989,0.3,195,0.922387792489646,-9.72917977656186
BobWhite_c2830_327,chr5A,658205331,0.340231613652483,0.315384615384615,195,0.922387792489646,12.3645889830779
TA003720-0955,chr5A,658352121,0.903425218060877,0.11025641025641,195,0.995768077486298,1.79678366093157
CAP8_rep_c4852_130,chr5A,658544683,0.463611328553649,0.176923076923077,195,0.946406503116573,10.0144767285797
BS00067351_51,chr5A,672599918,0.0642697917211697,0.217948717948718,195,0.748520486604676,-21.1710706389134
CAP11_c2623_196,chr5A,678261079,0.337004727845573,0.446153846153846,195,0.922387792489646,-11.176641746664
BobWhite_rep_c63332_67,chr5A,678938518,0.167189112270315,0.405128205128205,195,0.835432524223078,12.3413151037963
wsnp_Ra_c25624_35192195,chr5A,682249930,0.247404442652152,0.402564102564103,195,0.896764411821063,-13.2173172249749
BobWhite_c6966_236,chr5A,684113579,0.64650229650499,0.0897435897435897,195,0.980767789061915,-8.15257714499973
CAP12_c956_61,chr5A,685656275,0.231451444603734,0.417948717948718,195,0.889138038341312,-14.4785986684803
wsnp_Ex_c3136_5798185,chr5A,686253587,0.0248592224912982,0.41025641025641,195,0.625169081536775,-26.1624421227191
BS00036851_51,chr5A,686258686,0.092370503322389,0.423076923076923,195,0.814551486391518,-19.4227972810496
tplb0029a15_1300,chr5A,686258843,0.013922749012343,0.471794871794872,195,0.625169081536775,-25.4543284447525
Ku_c19516_384,chr5A,688004183,0.742861835043923,0.0769230769230769,195,0.982464268179436,5.95736015077273
BS00023152_51,chr5A,688483685,0.533538448976707,0.0641025641025641,195,0.965186634667686,-12.6241805784413
BS00022864_51,chr5A,701425767,0.260935496418531,0.0307692307692308,195,0.901419431121769,-33.0144234366849
BS00034658_51,chr5B,473718,0.612831549499441,0.315384615384615,195,0.976983001392194,-4.58870360460924
IACX7443,chr5B,1565766,0.272418129068238,0.338461538461538,195,0.901419431121769,-10.8823459612094
wsnp_Ex_c214_422365,chr5B,44131996,0.057899971342537,0.0717948717948718,195,0.748520486604676,-29.8344162519215
Tdurum_contig81708_212,chr5B,45851978,0.886106951634209,0.0307692307692308,195,0.995768077486298,3.62548824873016
BS00045447_51,chr5B,331676966,0.769142251085683,0.471794871794872,195,0.982464268179436,-3.17550329312553
BS00045446_51,chr5B,331676982,0.536275733322035,0.366666666666667,195,0.965186634667686,6.18714825865061
BS00023803_51|wsnp_Ex_c8985_14979134,chr5B,354891844,0.594257948075886,0.317948717948718,195,0.966677717195623,5.52476798836733
Kukri_c23070_350,chr5B,355139255,0.404544063202767,0.328205128205128,195,0.933099223408277,7.13808400552199
TA008675-0589,chr5B,357771776,0.572069434535887,0.171794871794872,195,0.966016329972609,-8.56900316051446
BS00002191_51,chr5B,359067842,0.151099099767291,0.448717948717949,195,0.816421245623809,-16.4770109027645
RAC875_c42518_57,chr5B,359816371,0.997523023741966,0.325641025641026,195,0.998560233622473,-0.0358973328666252
wsnp_Ex_c6391_11109898,chr5B,359816662,0.92881223686614,0.341025641025641,195,0.998560233622473,0.91323279909102
Kukri_c36789_230,chr5B,360466353,0.367483919064143,0.338461538461538,195,0.930884147076342,-8.32774789373872
wsnp_Ex_c2132_4006417,chr5B,360525728,0.130117896303128,0.164102564102564,195,0.816421245623809,17.005691143013
wsnp_Ex_c2132_4004831,chr5B,360528244,0.781748891668769,0.482051282051282,195,0.982464268179436,-2.3236806064815
Kukri_c38365_158,chr5B,360535355,0.549012193591621,0.392307692307692,195,0.965186634667686,-5.76249407178375
BS00070771_51,chr5B,361040947,0.168101273939758,0.156410256410256,195,0.835432524223078,-15.5034851671025
Ex_c5632_778,chr5B,361042376,0.141934957305789,0.353846153846154,195,0.816421245623809,-14.0008690874484
wsnp_Ex_c5632_9904112,chr5B,361042777,0.148210342970435,0.274358974358974,195,0.816421245623809,-14.7711451317404
Kukri_c17783_58,chr5B,361043921,0.774363576819865,0.292307692307692,195,0.982464268179436,-2.90651802691207
BS00022086_51,chr5B,361887298,0.829133195730888,0.333333333333333,195,0.989249396932127,-2.23327555309243
wsnp_Ku_c7199_12444840,chr5B,361887841,0.712977491883598,0.369230769230769,195,0.982464268179436,3.57459559885967
RAC875_c47060_61,chr5B,361888806,0.439642041340948,0.169230769230769,195,0.943921612453772,8.50772141526664
wsnp_Ex_c40022_47169752,chr5B,361901491,0.838134406071183,0.361538461538462,195,0.990409198579425,-2.31165702668181
wsnp_Ex_c40022_47169698,chr5B,361901545,0.428235137545814,0.243589743589744,195,0.938335940749125,7.68330436493642
Ex_c40022_873,chr5B,361902277,0.680029391649967,0.341025641025641,195,0.982464268179436,-3.9812512698993
IAAV3825,chr5B,362344561,0.971259207740263,0.317948717948718,195,0.998560233622473,0.371848374122578
CAP12_c1419_574,chr5B,367232787,0.338180355855439,0.312820512820513,195,0.922387792489646,9.16570873541184
IAAV5873,chr5B,413547967,0.553553232373045,0.0974358974358974,195,0.965186634667686,9.31268125185312
Excalibur_rep_c110067_199,chr5B,464223005,0.753684893034713,0.0974358974358974,195,0.982464268179436,-4.83344593410447
Ku_c1083_1314,chr5B,479329184,0.329787524730692,0.0820512820512821,195,0.922387792489646,-15.9520843898675
RFL_Contig658_1166,chr5B,480565937,0.905978256969058,0.282051282051282,195,0.995768077486298,1.1252863700206
Excalibur_c10444_2056,chr5B,480797485,0.407712921494145,0.415384615384615,195,0.933099223408277,-8.01416836696706
Kukri_rep_c103253_565,chr5B,482345599,0.852227958566815,0.379487179487179,195,0.990409198579425,-1.64194925195466
Excalibur_c44034_479,chr5B,508433475,0.000682098215531186,0.207692307692308,195,0.172181078120515,49.0321104030207
BobWhite_c9070_287,chr5B,515089459,0.562397290088401,0.0871794871794872,195,0.965186634667686,11.0024852737221
wsnp_Ex_c1314_2513802,chr5B,517063261,0.917448157226554,0.353846153846154,195,0.995768077486298,1.00387893085122
Excalibur_c35011_203,chr5B,536861033,0.0952362058436462,0.135897435897436,195,0.814551486391518,32.3247018534661
BobWhite_c47456_121,chr5B,536864108,0.163594432519538,0.0846153846153846,195,0.830664834086276,-26.6572790514085
Tdurum_contig67535_391,chr5B,537083150,0.274234234854745,0.215384615384615,195,0.901419431121769,-15.0833140789135
BS00017264_51,chr5B,550885636,0.201532941676771,0.0384615384615385,195,0.855227969369721,31.2624448299277
RAC875_c10139_336,chr5B,550954241,0.656033561676286,0.415384615384615,195,0.982464268179436,6.13844935949749
Excalibur_c33675_201,chr5B,551546734,0.729247083114647,0.207692307692308,195,0.982464268179436,-4.68807223903264
Excalibur_c29928_1264,chr5B,551657746,0.297528256134495,0.120512820512821,195,0.907563541888076,-13.9571261544053
Ku_c11429_519,chr5B,555007956,0.202233215321473,0.0692307692307692,195,0.855227969369721,-20.155651674862
RAC875_c7011_435,chr5B,584376293,0.679916606396047,0.197435897435897,195,0.982464268179436,-6.04450048740705
RFL_Contig539_1789,chr5B,584793957,0.611098669744681,0.276923076923077,195,0.975742526720259,-5.12571270458534
BobWhite_c11495_120,chr5B,585291153,0.658660345040255,0.438461538461538,195,0.982464268179436,4.44763694247013
BS00022673_51,chr5B,585345950,0.269929647892655,0.264102564102564,195,0.901419431121769,-12.0976180928232
Kukri_c59540_137,chr5B,587550927,0.736918221561788,0.169230769230769,195,0.982464268179436,3.71153990911949
wsnp_Ex_c11265_18216936,chr5B,588628753,0.577659055430098,0.0153846153846154,195,0.966016329972609,-20.4255387741365
Kukri_c6176_1400,chr5B,589773102,0.101604107020711,0.323076923076923,195,0.814551486391518,-15.8203990012278
Excalibur_rep_c106165_238,chr5B,592445656,0.0632344384897101,0.228205128205128,195,0.748520486604676,-18.9388365987363
Ra_c2216_1449,chr5B,592446577,0.00134989636589104,0.323076923076923,195,0.187798392280812,-28.8866008220816
Tdurum_contig10669_1535,chr5B,592493445,0.907725918478881,0.492307692307692,195,0.995768077486298,-1.25255331646747
BS00080495_51,chr5B,592950186,0.861146176423096,0.0871794871794872,195,0.990520162863411,-2.74119948448305
tplb0021e12_793,chr5B,593131916,0.462018596138262,0.179487179487179,195,0.946406503116573,7.89813868240421
tplb0021e12_768,chr5B,593131941,0.810247221367545,0.253846153846154,195,0.982468078908755,-2.80093420232174
BS00021735_51,chr5B,595269513,0.239179729911401,0.307692307692308,195,0.889138038341312,-11.7424129981165
wsnp_Ra_c47696_53184502,chr5B,595269762,0.156439560980112,0.233333333333333,195,0.816421245623809,-14.8480783670077
BobWhite_rep_c50349_139,chr5B,596112681,0.115895435297833,0.205128205128205,195,0.815047167593115,-19.9179481553653
IACX5390,chr5B,596114112,0.108835906665621,0.174358974358974,195,0.814551486391518,-17.9419238566116
Tdurum_contig13773_321,chr5B,597202829,0.418566208080112,0.0461538461538462,195,0.938335940749125,-17.4732419934174
BS00026678_51,chr5B,598319581,0.15162196163069,0.0974358974358974,195,0.816421245623809,-25.2025486984824
BS00022065_51,chr5B,604865232,0.907907364369542,0.233333333333333,195,0.995768077486298,1.31786878815382
Tdurum_contig43078_437,chr5B,605003201,0.944662244619653,0.405128205128205,195,0.998560233622473,-0.768518831449114
Tdurum_contig70554_1006,chr5B,605128793,0.557477389582266,0.2,195,0.965186634667686,-6.63130087202273
Tdurum_contig68741_839,chr5B,611698146,0.0875458414069322,0.428205128205128,195,0.803795542250122,20.3952064544325
Kukri_c10508_438,chr5B,618183711,0.319905365161485,0.476923076923077,195,0.917881562067026,8.97722974825194
BobWhite_c22036_399,chr5B,618185783,0.340719499124872,0.433333333333333,195,0.922387792489646,9.5742852884124
Tdurum_contig50731_961,chr5B,618774147,0.861060129753013,0.112820512820513,195,0.990520162863411,-2.64803239412487
wsnp_Ku_c25613_35580381,chr5B,618891524,0.330486278469838,0.433333333333333,195,0.922387792489646,9.48223619974669
wsnp_Ex_c11070_17950604,chr5B,619349569,0.280679302666826,0.143589743589744,195,0.901419431121769,12.7461606795816
wsnp_JD_c6562_7716133,chr5B,621039177,0.465384660123675,0.482051282051282,195,0.946406503116573,-6.93895327175198
BS00065029_51,chr5B,621040275,0.472896571067585,0.487179487179487,195,0.949882669423383,-6.77870730103075
Tdurum_contig82473_67,chr5B,621864049,0.36495427442828,0.479487179487179,195,0.930884147076342,-8.87593423838541
Tdurum_contig51422_127,chr5B,622274830,0.44754464194338,0.151282051282051,195,0.946406503116573,-11.2946614218775
Tdurum_contig94033_717,chr5B,623081019,0.0548779184601856,0.0384615384615385,195,0.738130286905907,-45.0246435255352
BS00037104_51,chr5B,623426098,0.0209319867990495,0.0307692307692308,195,0.625169081536775,-61.1037609158121
RAC875_rep_c91630_132,chr5B,623589269,0.639668513000632,0.246153846153846,195,0.980767789061915,-5.52742348861818
wsnp_Ku_rep_c102339_89347150,chr5B,623952830,0.486723904435525,0.369230769230769,195,0.954283489144457,-6.41118674519248
Tdurum_contig5017_1015,chr5B,634799117,0.113309233290057,0.456410256410256,195,0.815047167593115,13.3256517963014
Tdurum_contig27843_375,chr5B,635941324,0.588329260594923,0.253846153846154,195,0.966677717195623,5.12093174835024
Tdurum_contig29090_280,chr5B,636022907,0.285687243281645,0.11025641025641,195,0.903189628053356,-17.5230696337296
Kukri_rep_c72756_155,chr5B,636023245,0.174835114978274,0.0435897435897436,195,0.839493609148395,-28.8563261308772
RAC875_rep_c109658_614,chr5B,636023548,0.1776449650554,0.374358974358974,195,0.840413053890983,16.0507666351386
RAC875_rep_c109658_382,chr5B,636023780,0.246514523985543,0.430769230769231,195,0.896764411821063,-9.8181798050332
RAC875_c48052_127,chr5B,636023819,0.741553332988331,0.412820512820513,195,0.982464268179436,-3.10474845990143
Excalibur_c1925_2569,chr5B,636028611,0.115120960459688,0.469230769230769,195,0.815047167593115,14.4125788354107
wsnp_Ra_c12489_19996904,chr5B,636043554,0.744885316214259,0.47948717948718,195,0.982464268179436,-2.87557131536096
Kukri_c4096_220,chr5B,657268199,0.512162704037225,0.382051282051282,195,0.963831210424392,-6.5259753207244
wsnp_Ku_c1045_2115866,chr5B,660297335,0.390432132734945,0.415384615384615,195,0.933099223408277,-7.71582699007996
Tdurum_contig35470_227,chr5B,660870053,0.196980305168535,0.264102564102564,195,0.851379856396951,-13.6411364611187
Excalibur_c45488_148|wsnp_Ex_c11951_19164786,chr5B,664566617,0.0633818128327772,0.294871794871795,195,0.748520486604676,-19.6451350827753
Tdurum_contig8210_317,chr5B,665696229,0.0532300665271027,0.405128205128205,195,0.730977010729452,-19.2723439851731
BS00062618_51,chr5B,674914454,0.0617433403134261,0.435897435897436,195,0.748520486604676,-18.484739797986
RAC875_c13208_684,chr5B,676679683,0.943218316822374,0.379487179487179,195,0.998560233622473,-1.03462341146133
BS00069416_51,chr5B,681763131,0.0628801248404151,0.407692307692308,195,0.748520486604676,-31.9084021694237
Excalibur_c6785_155,chr5B,687835981,0.802491410640124,0.146153846153846,195,0.982464268179436,-3.99700314074687
RFL_Contig5616_1779,chr5B,689325399,0.771264847220477,0.117948717948718,195,0.982464268179436,-4.44624561901298
Excalibur_c2618_1723,chr5B,690479072,0.742550066218995,0.297435897435897,195,0.982464268179436,-3.04983513989492
BS00031338_51,chr5B,690681816,0.286902125504503,0.0846153846153846,195,0.90366498354092,-15.9267355007587
BS00031339_51,chr5B,690681819,0.396485021608801,0.441025641025641,195,0.933099223408277,-7.31631186379002
Excalibur_c23801_115,chr5B,693423394,0.449186645704779,0.0743589743589744,195,0.946406503116573,12.5513377748672
Kukri_c18410_409,chr5B,695863508,0.109252236714652,0.0923076923076923,195,0.814551486391518,-26.1637879435414
Excalibur_c146_170,chr5B,695866220,0.378878377408862,0.379487179487179,195,0.930884147076342,-10.9916829892137
RFL_Contig3285_1009,chr5B,697225030,0.178636416808481,0.274358974358974,195,0.840413053890983,-14.3114075639807
BobWhite_c3488_386,chr5B,697225666,0.0233603226526211,0.0538461538461538,195,0.625169081536775,-43.896445636546
RAC875_c79095_311,chr5B,697237337,0.864953373683216,0.0769230769230769,195,0.990520162863411,-2.90676374237381
Excalibur_c34579_263,chr5B,698719268,0.14833903032583,0.312820512820513,195,0.816421245623809,12.3447268603475
RAC875_rep_c106589_650,chr5B,703925182,0.22094937052317,0.0794871794871795,195,0.887312585714639,19.7736691088616
BobWhite_rep_c49751_629,chr5B,703927108,0.151174818939646,0.123076923076923,195,0.816421245623809,23.2338119224833
Tdurum_contig92922_58,chr5B,703927864,0.555273611597651,0.151282051282051,195,0.965186634667686,7.13916729717255
Excalibur_rep_c106082_272,chr5B,704447399,0.722637013254886,0.130769230769231,195,0.982464268179436,-5.7896394864764
Tdurum_contig43552_666,chr5B,709702508,0.298307674124613,0.138461538461538,195,0.907563541888076,13.1399380424795
Excalibur_c19267_919,chr5D,47392052,0.808103072990774,0.443589743589744,195,0.982468078908755,2.61354747337873
RAC875_c44064_222,chr5D,47833988,0.518004591391404,0.28974358974359,195,0.965186634667686,-6.65828180025505
RAC875_rep_c117371_229,chr5D,47865033,0.66137914838196,0.264102564102564,195,0.982464268179436,4.88139567301437
Excalibur_c4964_275,chr5D,47905988,0.522860777689201,0.4,195,0.965186634667686,6.10082811224299
Excalibur_c37393_75,chr5D,48034868,0.429755843228391,0.292307692307692,195,0.938335940749125,8.56883156604476
D_GBF1XID01A16U2_148,chr5D,48284437,0.265408036694498,0.31025641025641,195,0.901419431121769,11.1763436822448
BobWhite_c836_422,chr5D,48382226,0.985126613912012,0.258974358974359,195,0.998560233622473,0.194540200327992
Kukri_c20991_1642,chr5D,49030455,0.982498866025973,0.307692307692308,195,0.998560233622473,0.21093639717202
BobWhite_c1372_133,chr5D,79000474,0.0804032372140441,0.466666666666667,195,0.772133261723999,-18.6832579406325
RAC875_c51455_182,chr5D,83067414,0.0404736031239701,0.294871794871795,195,0.681112921143382,21.0775732270018
BobWhite_c7263_337,chr5D,389145327,0.160672856128934,0.133333333333333,195,0.822973976492082,20.1719819891146
Kukri_c15380_902,chr5D,449241634,0.0399796946801638,0.117948717948718,195,0.681112921143382,29.1496343151158
Kukri_c52028_104,chr5D,449246885,0.410960162859405,0.123076923076923,195,0.934577358780654,13.1496523993418
BS00067651_51,chr5D,526369070,0.00344270612504479,0.158974358974359,195,0.320171669629165,35.3304183276595
BS00022699_51,chr5D,536839579,0.106176414035734,0.174358974358974,195,0.814551486391518,22.1257822524533
wsnp_Ku_c44483_51751682,chr5D,545209817,0.594103550988327,0.28974358974359,195,0.966677717195623,6.23195968354878
D_GB5Y7FA02JRQ1I_101,chr5D,545275332,0.0350864769322134,0.266666666666667,195,0.676234543847534,-21.2974513930835
Excalibur_rep_c109856_92,chr5D,545569446,0.816457509684626,0.251282051282051,195,0.983703434679358,2.20831669040263
wsnp_Ku_c10877_17896883,chr5D,545604103,0.590778915647087,0.135897435897436,195,0.966677717195623,7.53744132599996
wsnp_Ex_c23618_32855041,chr5D,547984486,0.114242038221442,0.151282051282051,195,0.815047167593115,21.2465820127902
BobWhite_c13030_406,chr5D,548813910,0.0591141273330156,0.125641025641026,195,0.748520486604676,-28.4821047755575
tplb0030a05_2386,chr5D,549987853,0.962187981915583,0.258974358974359,195,0.998560233622473,-0.535520154550568
Excalibur_c1289_927,chr5D,549987983,0.66012103645923,0.207692307692308,195,0.982464268179436,-6.58168510245582
JD_c825_1450,chr5D,549988825,0.585811135010489,0.182051282051282,195,0.966677717195623,7.03600875133696
CAP7_c756_531,chr5D,550021324,0.124414772210584,0.341025641025641,195,0.816421245623809,-18.4845273694426
BS00079676_51,chr5D,551738077,0.604592232059584,0.312820512820513,195,0.973078511674183,6.18421624311895
RAC875_c13169_459,chr5D,551738684,0.370119436805885,0.197435897435897,195,0.930884147076342,10.92038843099
wsnp_JD_c4438_5568170,chr5D,551781233,0.428546864086462,0.282051282051282,195,0.938335940749125,7.75068466691198
wsnp_JD_c4438_5567972,chr5D,551781431,0.812669525208085,0.261538461538462,195,0.982468078908755,-2.77766954252809
wsnp_JD_c4438_5567834,chr5D,551781569,0.154644983345651,0.333333333333333,195,0.816421245623809,15.8389231965834
Kukri_c24695_273,chr5D,551867050,0.455095400276406,0.21025641025641,195,0.946406503116573,10.1973829523819
Excalibur_c28592_377,chr5D,551967239,0.436700275245151,0.164102564102564,195,0.940880288541268,9.26130181658556
Excalibur_c2795_1518,chr5D,551978729,0.178905247539249,0.125641025641026,195,0.840413053890983,20.8335826103271
BS00022036_51,chr5D,552346597,0.147075902628591,0.320512820512821,195,0.816421245623809,15.9333636916439
wsnp_Ex_c17928_26697183,chr5D,553003074,0.683271458108777,0.238461538461538,195,0.982464268179436,5.14884576508166
wsnp_Ku_c3022_5674299,chr5D,553003948,0.994502321361078,0.338461538461538,195,0.998560233622473,-0.0677472257967224
BobWhite_c16578_171,chr5D,553257760,0.237224973724415,0.169230769230769,195,0.889138038341312,-13.682507603572
RAC875_c50750_234,chr5D,553260475,0.547313007317211,0.207692307692308,195,0.965186634667686,6.19785905283669
Excalibur_rep_c104791_725|wsnp_Ku_c5228_9318604,chr5D,553274247,0.801661271516412,0.21025641025641,195,0.982464268179436,-2.64775746122359
D_GCE8AKX02IXEFJ_281,chr5D,553624145,0.556278348530721,0.105128205128205,195,0.965186634667686,-10.3795373335049
Excalibur_c50584_358,chr5D,554264007,0.719330372340305,0.166666666666667,195,0.982464268179436,4.27876620658714
RAC875_c31971_336,chr5D,554540351,0.0464743324670788,0.284615384615385,195,0.705394406326592,21.2412283380431
wsnp_Ra_c40111_47657505,chr5D,555172657,0.292517485660987,0.112820512820513,195,0.904171779958302,16.5673197703376
wsnp_Ku_rep_c101796_88894110,chr5D,555173572,0.737701487301567,0.351282051282051,195,0.982464268179436,3.17266171256421
BS00009287_51,chr5D,555174959,0.152739020097378,0.0282051282051282,195,0.816421245623809,44.2467632820571
BS00084133_51,chr5D,555175675,0.459748966744805,0.0153846153846154,195,0.946406503116573,-27.8250060921132
BS00022267_51,chr5D,555190420,0.250633727062895,0.0435897435897436,195,0.901187035587195,27.3329552033762
BS00074353_51,chr5D,555565394,0.0646708753155438,0.0487179487179487,195,0.748520486604676,40.7856416805585
BS00075368_51,chr5D,555586190,0.268389707730301,0.0461538461538462,195,0.901419431121769,24.4472058471474
BS00025017_51,chr5D,555697773,0.14911207659647,0.0512820512820513,195,0.816421245623809,30.8547131485159
RAC875_c3672_705,chr5D,557354151,0.405550598660627,0.156410256410256,195,0.933099223408277,-12.3796967404853
D_contig27392_286|Kukri_c6412_124,chr5D,557425850,0.978886880158332,0.0512820512820513,195,0.998560233622473,0.494231578306227
GENE-2281_931,chr5D,558361985,0.938632945480589,0.258974358974359,195,0.998560233622473,1.0495004187361
RAC875_c93365_200,chr5D,562060883,0.363295388004314,0.356410256410256,195,0.930884147076342,8.47093742057092
BS00011935_51,chr5D,562252120,0.737763406811144,0.379487179487179,195,0.982464268179436,4.16626139373261
BS00094333_51,chr5D,562252514,0.916808830150018,0.366666666666667,195,0.995768077486298,1.27504512104213
D_GDS7LZN02F4FP5_176,chr5D,562289685,0.880938140571752,0.446153846153846,195,0.995768077486298,-1.63199440109008
BS00010322_51,chr5D,562558071,0.687101557889831,0.0564102564102564,195,0.982464268179436,-7.86269493631124
tplb0031c19_924,chr5D,562593253,0.58462590575394,0.364102564102564,195,0.966677717195623,-6.10788157418381
RAC875_c8100_245,chr5D,562835131,0.365771915981304,0.417948717948718,195,0.930884147076342,-9.96779099481546
wsnp_Ex_c11055_17928283,chr5D,564030767,0.751400511290157,0.0666666666666667,195,0.982464268179436,6.27514209969576
wsnp_Ex_c11055_17927692,chr5D,564031713,0.498829031329636,0.0717948717948718,195,0.957036806036338,-11.9990705351426
BS00070751_51,chr5D,564411054,0.601082923100893,0.451282051282051,195,0.972631433259412,5.56325186284801
BS00021991_51,chr5D,564416759,0.745902150436219,0.348717948717949,195,0.982464268179436,4.05224505616127
BS00085191_51,chr5D,564417082,0.851209700814082,0.358974358974359,195,0.990409198579425,-2.20845184848145
BobWhite_c47158_89,chr5D,564444102,0.516525250636154,0.353846153846154,195,0.964799278936664,-7.94636170893193
wsnp_Ex_c6657_11523455,chr5D,564972428,0.356220444508789,0.323076923076923,195,0.930884147076342,9.66857546446602
RAC875_c3988_3479,chr5D,565042995,0.558786901537293,0.174358974358974,195,0.965186634667686,6.82757870045708
Excalibur_c33062_305,chr5D,565149017,0.0459733477900844,0.158974358974359,195,0.705394406326592,23.1483742529806
Excalibur_c19430_1066,chr6A,853287,0.169465077080079,0.366666666666667,195,0.835432524223078,17.9300438820536
RAC875_c13610_822,chr6A,856118,0.792798871693421,0.0641025641025641,195,0.982464268179436,-4.56583685150969
Kukri_c7146_870,chr6A,1179961,0.578418111081828,0.433333333333333,195,0.966016329972609,5.09520733793556
Kukri_c8500_728,chr6A,1371862,0.676245077437975,0.474358974358974,195,0.982464268179436,-3.65581350766774
Tdurum_contig44853_1083,chr6A,1381461,0.240685584919233,0.233333333333333,195,0.889138038341312,-12.2463975914008
RAC875_c6135_95,chr6A,3392250,0.104152582573585,0.0820512820512821,195,0.814551486391518,-25.6393961382196
BobWhite_rep_c52979_181,chr6A,5330053,0.537611306031564,0.420512820512821,195,0.965186634667686,5.21624541154711
Excalibur_c431_1130,chr6A,6284330,0.730060655171995,0.356410256410256,195,0.982464268179436,3.34425455315056
Tdurum_contig12045_868,chr6A,6284606,0.467443763305052,0.230769230769231,195,0.947216891926636,8.51612701745228
wsnp_Ex_c431_848217,chr6A,6284933,0.641945129454164,0.215384615384615,195,0.980767789061915,5.94263549440745
TA005787-0140,chr6A,6305743,0.0227464039929509,0.328205128205128,195,0.625169081536775,22.5104746276539
RFL_Contig5170_330,chr6A,7488477,0.794610280908667,0.441025641025641,195,0.982464268179436,3.18945157600888
Kukri_c3009_1374,chr6A,7492582,0.284786864160777,0.28974358974359,195,0.903189628053356,14.3027062026596
IAAV9150,chr6A,7492910,0.191802680596566,0.279487179487179,195,0.851379856396951,14.3130570570308
BobWhite_c13779_636,chr6A,10477021,0.952112624000746,0.353846153846154,195,0.998560233622473,-0.707125862856856
wsnp_Ex_c9779_16145653,chr6A,10757488,0.415992716786292,0.392307692307692,195,0.937895868127495,7.62683220403284
Kukri_c21443_482,chr6A,14518123,0.764057515417265,0.456410256410256,195,0.982464268179436,2.86011563533873
Excalibur_c8197_381,chr6A,19116006,0.701857366901886,0.0871794871794872,195,0.982464268179436,5.98298237500524
RAC875_c45444_883,chr6A,21672758,0.680313865440496,0.0897435897435897,195,0.982464268179436,-7.49518400273467
Tdurum_contig9544_2233,chr6A,31858297,0.753671875570743,0.279487179487179,195,0.982464268179436,-3.46661979125565
TA001668-0792,chr6A,32055395,0.931175421626049,0.246153846153846,195,0.998560233622473,0.832131364574366
BS00076530_51,chr6A,32106332,0.849839215127778,0.397435897435897,195,0.990409198579425,1.95707210038836
BS00063990_51,chr6A,47790264,0.702948397493385,0.366666666666667,195,0.982464268179436,-4.83435784869289
wsnp_Ex_c15378_23639387,chr6A,48436676,0.701936431262209,0.417948717948718,195,0.982464268179436,3.36208990469856
Tdurum_contig17126_1477,chr6A,59543545,0.697863153818451,0.394871794871795,195,0.982464268179436,-4.21966433411149
BobWhite_c18017_209,chr6A,60193545,0.407772759690959,0.405128205128205,195,0.933099223408277,-14.3502514158056
IAAV2681,chr6A,72679186,0.590922772751967,0.21025641025641,195,0.966677717195623,7.77829632308533
Ra_c28284_223,chr6A,76531998,0.106766843852826,0.325641025641026,195,0.814551486391518,18.2148528978088
Kukri_c14418_2376,chr6A,518727439,0.033089802879008,0.0205128205128205,195,0.670151575959832,68.686312652429
wsnp_Ku_c4296_7807837,chr6A,520757834,0.179764071578711,0.358974358974359,195,0.840413053890983,15.1941200699933
wsnp_JD_c10969_11530496,chr6A,520918877,0.688630671980793,0.494871794871795,195,0.982464268179436,4.45669695783795
wsnp_JD_c3839_4902725,chr6A,520965138,0.181658739537836,0.156410256410256,195,0.840413053890983,22.8374617368411
RAC875_c7560_398,chr6A,522646901,0.683283981363139,0.153846153846154,195,0.982464268179436,6.98059539861697
wsnp_Ex_c8741_14630167,chr6A,522657633,0.368681140211736,0.307692307692308,195,0.930884147076342,11.5086622693944
wsnp_JD_rep_c48797_33040150,chr6A,522657674,0.543467205433976,0.184615384615385,195,0.965186634667686,9.18787685851862
BS00063215_51,chr6A,524104335,0.994062713117781,0.312820512820513,195,0.998560233622473,-0.0688225714861233
IAAV5035|wsnp_CAP12_c1226_628910,chr6A,524873532,0.929881430142618,0.21025641025641,195,0.998560233622473,-1.24404017903498
BS00065633_51,chr6A,526232270,0.195107902597979,0.497435897435897,195,0.851379856396951,15.097761717597
BS00074754_51,chr6A,528369319,0.741026329389243,0.353846153846154,195,0.982464268179436,3.68063383559024
BS00037223_51,chr6A,528565875,0.966135430759262,0.351282051282051,195,0.998560233622473,0.493770258270501
Ku_c18430_1287,chr6A,529666950,0.649666335962927,0.307692307692308,195,0.980767789061915,-5.40318964620087
RAC875_c691_1486,chr6A,530666612,0.316137836339111,0.323076923076923,195,0.917881562067026,12.5549840878722
BS00010780_51,chr6A,530669193,0.190251383203712,0.356410256410256,195,0.851379856396951,15.3142106470701
Kukri_c19612_514,chr6A,530784353,0.377623382565674,0.343589743589744,195,0.930884147076342,9.9793901044394
BS00028263_51,chr6A,532025818,0.479618733222812,0.343589743589744,195,0.952890721714817,8.29184690619729
BS00087447_51,chr6A,532779860,0.762606439568743,0.353846153846154,195,0.982464268179436,3.05094942927803
wsnp_BE490147A_Ta_2_1,chr6A,539626421,0.0403760102621402,0.0641025641025641,195,0.681112921143382,36.185864471377
CAP8_rep_c9395_153,chr6A,540211451,0.000662246337841188,0.0615384615384615,195,0.172181078120515,60.485201646063
wsnp_Ex_rep_c86110_78630016,chr6A,546248727,0.0947785898204056,0.0974358974358974,195,0.814551486391518,23.4049949088907
BS00072216_51,chr6A,549119737,0.977084827895306,0.0307692307692308,195,0.998560233622473,0.740140888197402
Kukri_c19802_710,chr6A,552338674,0.991136865931062,0.241025641025641,195,0.998560233622473,-0.162770820916762
wsnp_RFL_Contig3136_3092151,chr6A,561390593,0.530341030881345,0.266666666666667,195,0.965186634667686,-8.42275320566216
wsnp_BE495143A_Ta_2_2,chr6A,578284241,0.00486612463440636,0.171794871794872,195,0.409449629952192,33.8774698303561
BS00062781_51,chr6A,578284926,0.2489288797483,0.176923076923077,195,0.899503743384961,13.1070257930264
Excalibur_c10372_1256,chr6A,583458047,0.00102419958100947,0.0538461538461538,195,0.174885077795773,61.4406898139864
Tdurum_contig29357_338,chr6A,592907982,0.0256233150502822,0.217948717948718,195,0.625169081536775,25.0492392838972
wsnp_Ex_c20457_29526403,chr6A,594560074,0.131228347332608,0.233333333333333,195,0.816421245623809,16.0655718846599
wsnp_Ex_c20457_29526260,chr6A,594560217,0.000780982862167931,0.169230769230769,195,0.172499589681342,36.9558676839837
RFL_Contig1715_631,chr6A,595459929,0.0337024241261336,0.251282051282051,195,0.670151575959832,23.1744886629638
RFL_Contig6053_3082,chr6A,596082476,0.0496765719140317,0.0871794871794872,195,0.723803625841858,35.4873412077708
Tdurum_contig46670_1680,chr6A,597608897,0.482629698585458,0.0282051282051282,195,0.953922457942398,23.4208778520792
RAC875_c1998_2067,chr6A,597610510,0.0600817837508801,0.0820512820512821,195,0.748520486604676,28.1155432439614
Tdurum_contig33799_172,chr6A,599763478,0.00148793293261537,0.320512820512821,195,0.187798392280812,29.744996255583
wsnp_Ra_c11651_18855691,chr6A,602037120,0.118795934338817,0.279487179487179,195,0.81533054731902,15.9377307118286
RAC875_c15525_271,chr6A,603916407,0.527917142373709,0.315384615384615,195,0.965186634667686,-6.64436603221657
Excalibur_c25390_2483,chr6A,604252528,0.0476668257621049,0.469230769230769,195,0.705394406326592,-15.9314083366289
RAC875_c38488_164,chr6A,604394245,0.466508242339861,0.184615384615385,195,0.946406503116573,-8.80298793589719
Tdurum_contig30953_142,chr6A,604395580,0.758633980828408,0.182051282051282,195,0.982464268179436,-3.7712157929397
Excalibur_c79991_552,chr6A,606064043,0.842109739267974,0.476923076923077,195,0.990409198579425,1.69303099608737
D_GDEEGVY02GMZ4L_337,chr6A,606943130,0.92446917488827,0.453846153846154,195,0.997884564464003,0.839978413065751
RFL_Contig5262_1500,chr6A,608640995,0.316047548597565,0.28974358974359,195,0.917881562067026,9.48945193569278
BS00034337_51,chr6A,609188436,0.272223843507508,0.307692307692308,195,0.901419431121769,9.96824758517943
BobWhite_c10832_1131,chr6A,609602209,0.618973687603269,0.371794871794872,195,0.977642459101279,5.18853385735702
Tdurum_contig83087_104,chr6A,610598464,0.895203056747541,0.197435897435897,195,0.995768077486298,-1.45854561586401
Kukri_rep_c70558_246,chr6A,614102014,0.708647764377044,0.425641025641026,195,0.982464268179436,-3.13667651332611
tplb0050d17_1401,chr6A,614416275,0.808110769469527,0.0769230769230769,195,0.982468078908755,3.712182225275
BobWhite_c27364_124,chr6A,614732976,0.657137998765865,0.215384615384615,195,0.982464268179436,5.65756894848124
Kukri_c494_1479,chr6A,616792479,0.661665027420637,0.297435897435897,195,0.982464268179436,3.9399509155358
Excalibur_c5082_158,chr6A,619345299,0.724681256255984,0.469230769230769,195,0.982464268179436,-2.89326696890657
IAAV1761,chr6B,4340062,0.283193025325855,0.143589743589744,195,0.901419431121769,-12.5394109225508
Tdurum_contig61178_618,chr6B,4557815,0.520167908180308,0.158974358974359,195,0.965186634667686,9.61412433986897
RFL_Contig2424_2617,chr6B,5579542,0.89031865939355,0.182051282051282,195,0.995768077486298,1.47348748904136
Kukri_c21405_2131,chr6B,5581925,0.510313902007551,0.287179487179487,195,0.962352897382436,6.00819166804655
Ex_c16090_1439,chr6B,7226097,0.575201269120442,0.0717948717948718,195,0.966016329972609,9.48646889287545
Tdurum_contig32779_217,chr6B,9654099,0.799868744923522,0.0948717948717949,195,0.982464268179436,-3.85543398169625
RFL_Contig3110_2172,chr6B,17158086,0.427606165501277,0.428205128205128,195,0.938335940749125,-8.24225668891359
Excalibur_c50559_622,chr6B,17275679,0.879288219227714,0.169230769230769,195,0.995768077486298,-2.63871125495143
wsnp_Ex_c702_1383612,chr6B,21203244,0.766044355036583,0.415384615384615,195,0.982464268179436,-3.1182685340334
Kukri_rep_c104879_103,chr6B,40166798,0.0170254993688413,0.0846153846153846,195,0.625169081536775,37.2757448513191
Tdurum_contig9612_971,chr6B,40407602,0.680979838001553,0.412820512820513,195,0.982464268179436,4.01965507504065
RAC875_c92963_773,chr6B,41395152,0.340026425165447,0.133333333333333,195,0.922387792489646,14.5503054069056
Excalibur_rep_c76289_85,chr6B,41657316,0.038661127084471,0.0461538461538462,195,0.676234543847534,42.5589450266892
RAC875_c26450_575,chr6B,41657660,0.327286740172188,0.120512820512821,195,0.922387792489646,12.5086635424783
BS00100307_51,chr6B,41872065,0.291061138992751,0.287179487179487,195,0.904171779958302,9.78277658295599
BS00090070_51,chr6B,41931523,0.35547618579982,0.0820512820512821,195,0.930557659715974,-14.8978134371419
Kukri_c35255_1234,chr6B,41947726,0.466477713359361,0.323076923076923,195,0.946406503116573,-6.20671118246668
Tdurum_contig43092_876,chr6B,41948125,0.0469289707438942,0.223076923076923,195,0.705394406326592,21.529827268896
Kukri_rep_c103613_253,chr6B,41949545,0.379472918513671,0.179487179487179,195,0.930884147076342,9.47860279321498
Kukri_c61725_362,chr6B,42487282,0.251272355804617,0.261538461538462,195,0.901187035587195,-10.795432862544
RAC875_c13920_836,chr6B,42779478,0.992537553785194,0.330769230769231,195,0.998560233622473,-0.0907641165941868
IACX6023,chr6B,43274391,0.809366779809392,0.169230769230769,195,0.982468078908755,-3.75827715277302
Tdurum_contig61150_752,chr6B,61999322,0.878446214098454,0.120512820512821,195,0.995768077486298,2.11707007597431
Tdurum_contig58200_210,chr6B,91788342,0.275406242608988,0.464102564102564,195,0.901419431121769,-10.9299795793443
Tdurum_contig13901_55,chr6B,91911452,0.525845592341004,0.292307692307692,195,0.965186634667686,5.90043163810714
wsnp_Ex_c7907_13427724,chr6B,121827975,0.289457071856264,0.156410256410256,195,0.904171779958302,-17.7005904290669
wsnp_Ex_c12577_20022294,chr6B,134856731,0.30926525980465,0.184615384615385,195,0.917881562067026,13.192833390777
Tdurum_contig41980_2722,chr6B,140447863,0.328181345930849,0.369230769230769,195,0.922387792489646,9.67804430093685
Tdurum_contig41980_1727,chr6B,140449098,0.644247059603324,0.38974358974359,195,0.980767789061915,4.30922585596534
Tdurum_contig41980_619,chr6B,140450206,0.134574691206743,0.323076923076923,195,0.816421245623809,14.7958251592248
BS00003214_51,chr6B,146559912,0.0520932948808352,0.238461538461538,195,0.730977010729452,20.2310810183112
Tdurum_contig6121_947,chr6B,159494753,0.28317700558682,0.0692307692307692,195,0.901419431121769,-18.3038521077024
CAP8_c1678_709,chr6B,163564152,0.0479045437233679,0.287179487179487,195,0.705394406326592,20.5731730774918
BobWhite_c47659_100,chr6B,168506828,0.011412186469569,0.1,195,0.625169081536775,39.5479305370236
RAC875_c81264_124,chr6B,175045985,0.201886621729558,0.407692307692308,195,0.855227969369721,12.3202019604356
BobWhite_c10140_297,chr6B,176030131,0.111289794209285,0.123076923076923,195,0.815047167593115,22.6998085416175
wsnp_Ra_c57648_59682822,chr6B,185173497,0.192656407446644,0.112820512820513,195,0.851379856396951,18.8160342687841
wsnp_CAP8_c1530_885118,chr6B,189339270,0.213035505276856,0.374358974358974,195,0.867977474172604,-12.040304673176
Kukri_rep_c69660_52,chr6B,189876876,0.354188517110414,0.279487179487179,195,0.928926009130797,-9.26630994757193
BS00058305_51,chr6B,206629051,0.776814379750073,0.0871794871794872,195,0.982464268179436,4.50747968666434
Ra_c17795_425,chr6B,206630635,0.978064965563061,0.312820512820513,195,0.998560233622473,0.275138688296238
BobWhite_c17750_568,chr6B,211707872,0.785241127189042,0.315384615384615,195,0.982464268179436,2.67881930311523
Kukri_c66543_712,chr6B,228095587,0.072375158893352,0.358974358974359,195,0.761889347338316,21.1774111821129
Excalibur_c28771_400,chr6B,232184408,0.69438806618898,0.107692307692308,195,0.982464268179436,-5.09641558435408
BobWhite_c10852_309,chr6B,235052954,0.0677454430190321,0.294871794871795,195,0.748520486604676,17.2188156647464
Kukri_c44940_117,chr6B,273623097,0.848111272208157,0.105128205128205,195,0.990409198579425,2.94550977446579
RAC875_c7110_2706,chr6B,277610928,0.823537224098149,0.123076923076923,195,0.987238992524715,3.22853374048219
D_GBB4FNX01BO9N8_336,chr6B,284509623,0.204884817298002,0.138461538461538,195,0.857255205474555,-17.3559521055719
BS00026203_51,chr6B,305885219,0.348004248728667,0.105128205128205,195,0.924697003764745,12.4429161154067
wsnp_Ex_c16446_24946990,chr6B,318373853,0.399595980739276,0.0923076923076923,195,0.933099223408277,13.8510384170172
Excalibur_c7823_397,chr6B,323148501,0.634080635053355,0.130769230769231,195,0.980767789061915,7.12694872033046
Ku_c47744_1073,chr6B,425174896,0.796431987792795,0.284615384615385,195,0.982464268179436,-2.98465485576082
BobWhite_c11301_226,chr6B,447219599,0.182557182619799,0.351282051282051,195,0.842241623209362,13.6385656417663
Ex_c1145_552,chr6B,456101999,0.58854673427426,0.294871794871795,195,0.966677717195623,6.1130825285228
RAC875_c64560_111,chr6B,456103535,0.403622893807226,0.238461538461538,195,0.933099223408277,-10.9239028736575
BS00067073_51,chr6B,459086682,0.486020822951296,0.141025641025641,195,0.954283489144457,-9.10325016125938
BS00073906_51,chr6B,472040473,0.422953987730688,0.120512820512821,195,0.938335940749125,-12.3560827684491
RAC875_c6431_1012,chr6B,487244663,0.994396426919292,0.123076923076923,195,0.998560233622473,0.107844972812472
wsnp_BE591931B_Ta_2_2,chr6B,529149473,0.974134166860203,0.169230769230769,195,0.998560233622473,-0.488746372655669
wsnp_JD_c34368_25929293,chr6B,553778886,0.915528963221609,0.192307692307692,195,0.995768077486298,-1.18852604546782
Tdurum_contig44173_792,chr6B,560781552,0.942690072102697,0.0846153846153846,195,0.998560233622473,1.24181483663966
RFL_Contig4251_851,chr6B,602793525,0.175821783741509,0.0769230769230769,195,0.840413053890983,-22.0039951647332
RAC875_c13216_111,chr6B,630446803,0.317391327782154,0.376923076923077,195,0.917881562067026,-12.2647877726038
Tdurum_contig76997_244,chr6B,630755690,0.709850236395871,0.302564102564103,195,0.982464268179436,3.92259127015666
Tdurum_contig76997_462,chr6B,630755908,0.848088582926046,0.356410256410256,195,0.990409198579425,1.92214851793426
BS00023050_51|Tdurum_contig76997_664,chr6B,630756109,0.14050702444511,0.323076923076923,195,0.816421245623809,16.5023090486612
BS00022599_51,chr6B,632282933,0.0156998004317064,0.376923076923077,195,0.625169081536775,-21.8026886018293
Kukri_rep_c68504_1403,chr6B,635965377,0.352535918264616,0.220512820512821,195,0.928672722754226,-10.0238088775904
BobWhite_rep_c53133_385,chr6B,647372358,0.488583575585735,0.202564102564103,195,0.954283489144457,7.68876926943648
CAP7_rep_c12929_169,chr6B,650812725,0.190464990881164,0.438461538461538,195,0.851379856396951,13.2706989102812
Tdurum_contig53779_1074,chr6B,652161389,0.369757348273779,0.469230769230769,195,0.930884147076342,8.82118487640264
wsnp_BE637911B_Ta_2_2,chr6B,652162564,0.443858731791998,0.379487179487179,195,0.946406503116573,-6.89239617581939
wsnp_BE637911B_Ta_2_1,chr6B,652162812,0.448327103022514,0.484615384615385,195,0.946406503116573,7.05292391625096
BS00063217_51,chr6B,652871833,0.739471799296131,0.317948717948718,195,0.982464268179436,3.42969413399283
BS00068506_51,chr6B,652977737,0.185247379942971,0.453846153846154,195,0.848010674505778,13.4525743645573
GENE-4093_178,chr6B,653046902,0.283426388528994,0.182051282051282,195,0.901419431121769,-13.2507389142168
Tdurum_contig17421_310,chr6B,667436427,0.138964121216772,0.279487179487179,195,0.816421245623809,-15.0393646435082
Excalibur_rep_c110824_66,chr6B,667437484,0.643579589605029,0.415384615384615,195,0.980767789061915,4.94933823438498
BS00023080_51,chr6B,667547478,0.935707592775031,0.287179487179487,195,0.998560233622473,-0.810984476279032
BS00109717_51,chr6B,667550423,0.424879433408599,0.428205128205128,195,0.938335940749125,7.99234061229595
Kukri_c16404_100,chr6B,668281604,0.958259623179501,0.446153846153846,195,0.998560233622473,0.456854748503133
BS00041633_51,chr6B,669292378,0.573732026872704,0.474358974358974,195,0.966016329972609,5.59027180370435
Kukri_c85856_60,chr6B,680423612,0.848080532355656,0.220512820512821,195,0.990409198579425,-2.72704242227894
Kukri_c20590_210,chr6B,685151594,0.143160202603748,0.133333333333333,195,0.816421245623809,20.1935482892228
BobWhite_c27559_270,chr6B,685244445,0.12180413977905,0.158974358974359,195,0.816421245623809,18.2271777676696
BS00046264_51,chr6B,687410691,0.91835433707966,0.205128205128205,195,0.995768077486298,1.12672291044515
BS00046263_51,chr6B,687410926,0.800632328728857,0.364102564102564,195,0.982464268179436,2.33487150319968
BS00085688_51,chr6B,687621646,0.991304252400613,0.248717948717949,195,0.998560233622473,0.110683938402815
IAAV3657,chr6B,688071134,0.453065124490973,0.164102564102564,195,0.946406503116573,-8.61673084353828
Kukri_rep_c101126_469,chr6B,688275278,0.0212452661353639,0.356410256410256,195,0.625169081536775,21.2849770081958
tplb0046e21_618,chr6B,690415049,0.831029239910164,0.0948717948717949,195,0.990174421389926,3.60608839546649
Tdurum_contig7986_704,chr6B,690415134,0.397493741824159,0.276923076923077,195,0.933099223408277,8.84147726085155
RAC875_c5413_1266,chr6B,692702675,0.89788209126932,0.18974358974359,195,0.995768077486298,1.49846453539124
wsnp_Ex_c54772_57527555,chr6B,692783381,0.378737283827662,0.392307692307692,195,0.930884147076342,-7.93072235295199
wsnp_Ex_c54772_57528275,chr6B,692784320,0.765974285320281,0.341025641025641,195,0.982464268179436,2.84133069048028
wsnp_Ex_c293_568575,chr6B,693010696,0.863892021558488,0.0461538461538462,195,0.990520162863411,-4.37677055731615
wsnp_Ex_c293_568283,chr6B,693010988,0.951360332559335,0.246153846153846,195,0.998560233622473,0.566716141020152
RAC875_c56205_127,chr6B,694908864,0.162023344068912,0.374358974358974,195,0.825058354379734,14.359437743228
IAAV1771,chr6B,694909003,0.360887424603602,0.305128205128205,195,0.930884147076342,8.04419954202433
RAC875_c45987_106,chr6B,694916868,0.726573928998779,0.402564102564103,195,0.982464268179436,-3.35739139172233
RAC875_c1927_197,chr6B,703811130,0.172223306661288,0.135897435897436,195,0.835432524223078,17.1598598610276
Excalibur_c10358_1800,chr6D,1151876,0.91584756325838,0.146153846153846,195,0.995768077486298,-1.3097132382448
Excalibur_c52276_176,chr6D,1503859,0.344076668815815,0.453846153846154,195,0.923818117890575,-10.7216270561285
Kukri_c55362_75,chr6D,1820453,0.404283946682994,0.423076923076923,195,0.933099223408277,10.489807311087
BS00022523_51,chr6D,5712193,0.905067581347846,0.192307692307692,195,0.995768077486298,-1.44189234444161
IACX9471,chr6D,5778807,0.526301829951677,0.171794871794872,195,0.965186634667686,-8.10355191736789
Ra_c42576_780,chr6D,5778906,0.545745157860529,0.215384615384615,195,0.965186634667686,6.7552429844016
wsnp_BE445201D_Ta_1_1,chr6D,114460376,0.266192242207892,0.379487179487179,195,0.901419431121769,-9.64810473569901
IACX179,chr6D,152594622,0.257531056197785,0.184615384615385,195,0.901419431121769,12.7061220669526
wsnp_Ex_c1035_1980908,chr6D,160807187,0.867233831072437,0.184615384615385,195,0.99184607087702,-2.10940560293034
Ex_c39405_712,chr6D,169801520,0.940674396952529,0.220512820512821,195,0.998560233622473,0.847355692378812
Jagger_c211_207,chr6D,220780001,0.942445963559163,0.202564102564103,195,0.998560233622473,0.889288874436829
BS00021881_51,chr6D,433062115,0.97886773108337,0.1,195,0.998560233622473,-0.382705298906785
BS00036102_51,chr6D,467428502,0.469731195872732,0.217948717948718,195,0.949173783896606,7.99756035186647
RAC875_c17946_277,chr6D,467639548,0.627782261358327,0.18974358974359,195,0.979975034524477,4.98763412204875
wsnp_Ex_c25390_34655262,chr6D,469342249,0.901991948221742,0.464102564102564,195,0.995768077486298,1.00123305634355
Kukri_rep_c70361_193,chr6D,469342501,0.306870380675522,0.18974358974359,195,0.912861889989305,12.0450405816099
wsnp_Ex_c25390_34654575,chr6D,469342936,0.574147186750205,0.302564102564103,195,0.966016329972609,-6.73149777331207
CAP7_rep_c12716_77,chr6D,469721666,0.958425441938769,0.220512820512821,195,0.998560233622473,-0.61437716259428
GENE-3976_443,chr6D,469722499,0.559420078470576,0.392307692307692,195,0.965186634667686,-5.36965961535071
wsnp_Ra_c7200_12462543,chr6D,469731296,0.834556365881179,0.241025641025641,195,0.990409198579425,-2.18751274183325
IAAV1012,chr6D,470208435,0.70819919197528,0.358974358974359,195,0.982464268179436,3.46027770861986
Excalibur_c30035_368,chr6D,470208464,0.522261690630287,0.443589743589744,195,0.965186634667686,5.41291509897508
tplb0025h02_894,chr6D,470667422,0.264972222022574,0.197435897435897,195,0.901419431121769,13.4388943290506
RAC875_c64099_90,chr6D,471528107,0.187613075790383,0.164102564102564,195,0.851379856396951,15.8066641261341
RAC875_c48570_361,chr6D,471530500,0.482215340562466,0.215384615384615,195,0.953922457942398,-7.94851168301494
BobWhite_c34996_280,chr6D,471655495,0.574924201311563,0.258974358974359,195,0.966016329972609,6.82433103662726
Excalibur_c22599_921,chr6D,471657156,0.744050600101717,0.176923076923077,195,0.982464268179436,-4.10042849893097
tplb0046a04_902,chr6D,471960938,0.228882920216289,0.256410256410256,195,0.889138038341312,-12.836876265421
Excalibur_c83056_83,chr6D,472263729,0.768201078484196,0.156410256410256,195,0.982464268179436,-4.10488695523708
wsnp_Ex_c14691_22763609,chr6D,472304683,0.217294956217038,0.225641025641026,195,0.882667098012657,-11.8521666420484
GENE-3864_207,chr6D,472310433,0.770814834837992,0.0871794871794872,195,0.982464268179436,4.60746066215609
IAAV3944,chr6D,472341415,0.851309089648975,0.112820512820513,195,0.990409198579425,2.62536819714137
Excalibur_c43740_95,chr6D,472344152,0.848342524040154,0.117948717948718,195,0.990409198579425,2.68645399467437
Excalibur_c4261_1098,chr6D,472401057,0.782996441494683,0.353846153846154,195,0.982464268179436,2.57640278481176
wsnp_JD_rep_c50999_34772439,chr6D,472660811,0.923018613650727,0.241025641025641,195,0.996927805819582,0.924565225298011
Ku_c107983_831,chr6D,472871571,0.832772955624837,0.0974358974358974,195,0.990409198579425,3.37259442754441
RAC875_rep_c115101_171,chr6D,472871976,0.227062208193237,0.248717948717949,195,0.889138038341312,11.873243341824
BobWhite_c34798_184,chr6D,473158971,0.983516346348705,0.258974358974359,195,0.998560233622473,0.203680491746411
RAC875_c24285_1049,chr6D,473425756,0.727174422202396,0.174358974358974,195,0.982464268179436,-3.97120216403329
Excalibur_c8134_1319,chr6D,473563887,0.30469257831909,0.458974358974359,195,0.909965811773152,-10.2798917702804
Excalibur_c29102_933,chr6D,473565054,0.548703488704857,0.41025641025641,195,0.965186634667686,6.86646181955825
Ex_c31468_763,chr6D,473572658,0.857846225570181,0.112820512820513,195,0.990520162863411,2.60605168180291
Ex_c31468_598,chr6D,473572823,0.494711876315487,0.484615384615385,195,0.954283489144457,9.18348975564618
CAP7_c2559_543,chr6D,474710482,0.123430780221667,0.0307692307692308,195,0.816421245623809,48.7469672836426
wsnp_Ex_c6942_11966469,chr6D,474714743,0.828954082770922,0.130769230769231,195,0.989249396932127,-3.00951852391989
BobWhite_c13435_700,chr6D,474719776,0.183154554482685,0.0564102564102564,195,0.84279712961173,24.7967094935804
tplb0038e08_609,chr6D,475043287,0.00612670870865569,0.412820512820513,195,0.492086104008846,38.2080451862059
Excalibur_c2991_320,chr6D,475822943,0.196338984892746,0.0769230769230769,195,0.851379856396951,21.2286574623833
Excalibur_c63506_512,chr6D,475826293,0.23016932658178,0.0948717948717949,195,0.889138038341312,19.3036791180477
wsnp_CAP7_c1735_859744,chr6D,476519223,0.949501132263072,0.0717948717948718,195,0.998560233622473,1.08843930478704
wsnp_CAP7_c1735_859875,chr6D,476519355,0.212620927352663,0.31025641025641,195,0.867977474172604,14.6947892878525
Kukri_rep_c107605_164,chr6D,476520297,0.679426832556635,0.0743589743589744,195,0.982464268179436,-6.66425377320627
Excalibur_c16566_485,chr6D,476889546,0.38411118526036,0.0974358974358974,195,0.930884147076342,-14.0178359747967
BS00022206_51,chr6D,476890714,0.505129635158762,0.105128205128205,195,0.960762595069694,-10.80478022072
BS00105877_51,chr6D,479165444,0.922544477370191,0.0923076923076923,195,0.996927805819582,1.70076037889271
RAC875_c14354_934,chr6D,482228853,0.888965283904912,0.246153846153846,195,0.995768077486298,-1.33534411274525
Excalibur_c15309_646,chr6D,482230102,0.608449561846681,0.225641025641026,195,0.973427968767559,-5.22014544906608
Ex_c12134_939,chr6D,482716332,0.548021458224843,0.102564102564103,195,0.965186634667686,-8.6434559182635
BS00070856_51,chr6D,483739858,0.303605344335922,0.0743589743589744,195,0.909965811773152,17.2217032032841
RFL_Contig2615_982,chr6D,483805184,0.0154875672293134,0.0487179487179487,195,0.625169081536775,46.436195676468
BS00061126_51,chr6D,483982851,0.194813716563469,0.0461538461538462,195,0.851379856396951,26.0537072650177
BS00095826_51,chr7A,1706781,0.77599389669164,0.261538461538462,195,0.982464268179436,3.22610798788799
Kukri_c38338_485,chr7A,13723399,0.0190847239624331,0.241025641025641,195,0.625169081536775,-23.7366867728028
Kukri_c36885_58,chr7A,13787485,0.964396901208747,0.230769230769231,195,0.998560233622473,0.473295266237983
RAC875_rep_c114991_493,chr7A,17135188,0.801051100904552,0.307692307692308,195,0.982464268179436,-3.02825767645072
wsnp_Ra_c63822_63288359,chr7A,25057395,0.172983920000213,0.269230769230769,195,0.835432524223078,16.7987620488226
RAC875_c63822_185,chr7A,25058429,0.976125273264329,0.328205128205128,195,0.998560233622473,-0.323120443180642
IAAV6131,chr7A,25983207,0.44767422347699,0.364102564102564,195,0.946406503116573,7.94477947661358
Tdurum_contig85217_286,chr7A,30068113,0.0850267798800984,0.0641025641025641,195,0.790749052884915,-32.0615138407039
Tdurum_contig67992_238,chr7A,63155684,0.0513503841963845,0.284615384615385,195,0.730977010729452,19.4858894424179
Tdurum_contig28195_198,chr7A,63715214,0.251434752996314,0.302564102564103,195,0.901187035587195,12.0565194548864
BS00111112_51,chr7A,67932872,0.107031232193281,0.146153846153846,195,0.814551486391518,-22.3925877461049
Ex_c4463_146,chr7A,82484003,0.894763563545304,0.0717948717948718,195,0.995768077486298,2.21075024943974
BS00074230_51,chr7A,83230747,0.847340384177083,0.0846153846153846,195,0.990409198579425,3.08927690174065
Tdurum_contig63598_188,chr7A,116164416,0.816457501645746,0.41025641025641,195,0.983703434679358,-2.19205337179301
wsnp_Ex_c40247_47349166,chr7A,116518294,0.0140694107585248,0.0948717948717949,195,0.625169081536775,-43.4431039430611
RAC875_rep_c111778_387,chr7A,116520582,0.671137602259614,0.366666666666667,195,0.982464268179436,-3.71963097519779
RAC875_rep_c76772_850,chr7A,117353100,0.774734719262519,0.351282051282051,195,0.982464268179436,-2.79363875920535
Tdurum_contig61653_948,chr7A,117827314,0.0287280668782702,0.041025641025641,195,0.651958286775169,47.2947890018768
BS00021769_51,chr7A,118856384,0.20264662038616,0.0871794871794872,195,0.855227969369721,-20.2514346501788
Tdurum_contig13080_153,chr7A,149047446,0.259658347458547,0.47948717948718,195,0.901419431121769,-11.4941865775298
Tdurum_contig4676_3592,chr7A,158008204,0.773467842406474,0.461538461538462,195,0.982464268179436,-3.09928857753664
BS00092805_51,chr7A,160452438,0.42660659898214,0.479487179487179,195,0.938335940749125,7.51214995449084
Kukri_s118416_65,chr7A,167980070,0.234925480061333,0.302564102564103,195,0.889138038341312,-13.5082440439896
BS00051338_51,chr7A,169518996,0.774986859269223,0.192307692307692,195,0.982464268179436,-3.03254355290602
BobWhite_c3670_517,chr7A,172407805,0.403986974322558,0.346153846153846,195,0.933099223408277,-9.14279756502549
Kukri_c24337_416,chr7A,202681037,0.547350145497438,0.0974358974358974,195,0.965186634667686,10.8586136270567
Excalibur_rep_c81365_214|wsnp_JD_c6050_7214383,chr7A,246132388,0.450347874663673,0.0384615384615385,195,0.946406503116573,-19.330216991018
BS00067759_51,chr7A,247501601,0.606354609430106,0.0794871794871795,195,0.973427968767559,-9.28992456335601
Tdurum_contig11862_341,chr7A,259647856,0.542323098750981,0.0846153846153846,195,0.965186634667686,-10.1721414813296
Ra_c8425_1331,chr7A,261044837,0.96378320364771,0.0564102564102564,195,0.998560233622473,0.895367281274503
Excalibur_c48973_1688,chr7A,280935326,0.973448273746522,0.148717948717949,195,0.998560233622473,-0.394088043958675
Tdurum_contig76441_240,chr7A,285225672,0.167215664952315,0.0820512820512821,195,0.835432524223078,-22.9378352592057
RAC875_c37071_73,chr7A,296344858,0.962347072249039,0.0769230769230769,195,0.998560233622473,-0.829718335153188
Tdurum_contig28843_80,chr7A,296345296,0.578953759728915,0.0692307692307692,195,0.966016329972609,-10.9236433803708
Excalibur_c26782_423,chr7A,432819293,0.15436179451806,0.366666666666667,195,0.816421245623809,-20.9108848699414
Excalibur_rep_c68850_592,chr7A,505791672,0.696417831368639,0.0666666666666667,195,0.982464268179436,7.4886098657434
wsnp_Ex_c558_1105911,chr7A,515632441,0.19689073532365,0.058974358974359,195,0.851379856396951,-26.1240035330008
BS00015354_51|Kukri_c64283_212,chr7A,541306840,0.893709365670441,0.0615384615384615,195,0.995768077486298,-2.62497718775603
BS00065462_51,chr7A,542734798,0.911609351316008,0.0743589743589744,195,0.995768077486298,-2.16048108818728
BobWhite_c66165_77,chr7A,543557005,0.654099028081221,0.0358974358974359,195,0.982464268179436,12.9156379027496
Excalibur_c12916_123,chr7A,574041546,0.224356356597346,0.248717948717949,195,0.889138038341312,-11.7511915029681
IAAV8081,chr7A,576110262,0.197065286511801,0.297435897435897,195,0.851379856396951,-12.6554424627338
RAC875_c4732_1672|wsnp_Ku_c4591_8286583,chr7A,576512294,0.146465783568153,0.420512820512821,195,0.816421245623809,11.891231803701
RAC875_c21280_2176,chr7A,585401984,0.279625560309716,0.164102564102564,195,0.901419431121769,-13.7090496896139
wsnp_Ra_c21280_30656003,chr7A,585402124,0.900339241906597,0.0948717948717949,195,0.995768077486298,2.67793598273261
Ra_c1227_2718,chr7A,585467638,0.687778408315069,0.128205128205128,195,0.982464268179436,6.6928018130294
Kukri_c47141_79,chr7A,587249974,0.761872012599574,0.225641025641026,195,0.982464268179436,-2.90511572540032
GENE-4270_242,chr7A,592585602,0.700504894465494,0.187179487179487,195,0.982464268179436,5.02277651231407
wsnp_Ra_c40910_48252997,chr7A,597726092,0.391201182593619,0.146153846153846,195,0.933099223408277,-13.249162702176
wsnp_RFL_Contig1510_707132,chr7A,598682800,0.208339372354209,0.374358974358974,195,0.862144428454067,10.567834624415
Ex_c7397_545,chr7A,598683110,0.168695718916727,0.430769230769231,195,0.835432524223078,-16.7813059306517
Ex_c7397_535,chr7A,598683120,0.136425396727788,0.417948717948718,195,0.816421245623809,-18.2283292320858
Excalibur_rep_c79404_164,chr7A,598683580,0.904644756935365,0.120512820512821,195,0.995768077486298,-2.20795425428321
wsnp_Ex_c1482_2834254,chr7A,599333457,0.104286970470128,0.428205128205128,195,0.814551486391518,22.4700616033358
wsnp_Ex_c1482_2835474,chr7A,599336465,0.397098700988127,0.266666666666667,195,0.933099223408277,-8.94500459407084
wsnp_Ex_c6059_10615895,chr7A,599364299,0.978250282411464,0.128205128205128,195,0.998560233622473,-0.496450143595894
wsnp_Ra_c16813_25556454,chr7A,600982250,0.904053254992576,0.133333333333333,195,0.995768077486298,-2.07488919997536
TA005578-0927,chr7A,604620635,0.656698861436254,0.151282051282051,195,0.982464268179436,-6.49600513837015
BS00035807_51,chr7A,604756468,0.184822862012114,0.130769230769231,195,0.848010674505778,-23.7578038017207
BS00059928_51,chr7A,605590060,0.737161729059217,0.133333333333333,195,0.982464268179436,-5.24706181875308
BS00075525_51,chr7A,606081784,0.0923511973219421,0.133333333333333,195,0.814551486391518,-26.0445587342804
wsnp_Ex_c8614_14453388,chr7A,608297993,0.35039306145241,0.184615384615385,195,0.927316583307928,11.4606853736125
wsnp_Ex_rep_c68405_67220388,chr7A,610070466,0.276410446542005,0.435897435897436,195,0.901419431121769,-9.03268074088692
Ra_c72413_1987,chr7A,610070856,0.977444775484096,0.287179487179487,195,0.998560233622473,-0.253153635130388
wsnp_Ex_c38981_46383475,chr7A,610715364,0.942278129121588,0.128205128205128,195,0.998560233622473,1.14259765671522
wsnp_Ex_c19582_28564743,chr7A,611247295,0.956209541524538,0.0717948717948718,195,0.998560233622473,-1.0128024247534
wsnp_Ex_c19005_27918129,chr7A,611514975,0.502226906596807,0.148717948717949,195,0.960143596556281,8.56492784431703
BS00044260_51,chr7A,611515954,0.649364744711446,0.0794871794871795,195,0.980767789061915,7.20550893184202
Ku_c5901_1487,chr7A,611909139,0.730320909076006,0.235897435897436,195,0.982464268179436,3.28304311668768
RAC875_c13696_226,chr7A,613241025,0.447399187944507,0.0384615384615385,195,0.946406503116573,-18.053227125768
BS00092631_51,chr7A,613484154,0.754107369836577,0.107692307692308,195,0.982464268179436,4.3242590146732
Kukri_c6676_172,chr7A,613488811,0.62942146022538,0.0871794871794872,195,0.980767789061915,-7.60642362648244
Kukri_c16922_106,chr7A,615341146,0.764231168019032,0.182051282051282,195,0.982464268179436,4.35402073430674
CAP7_c1522_255,chr7A,619318726,0.506208249015215,0.161538461538462,195,0.960762595069694,-8.86601357301276
wsnp_CAP11_c827_513472,chr7A,619598078,0.11043725070467,0.241025641025641,195,0.815047167593115,18.2245800612129
Ku_c2990_1997,chr7A,623951492,0.231284464005286,0.0769230769230769,195,0.889138038341312,21.1458424879411
CAP8_c3496_118,chr7A,628258831,0.645360265597476,0.0538461538461538,195,0.980767789061915,8.70812486228294
wsnp_Ex_c15341_23592177,chr7A,637162608,0.0213700213304111,0.264102564102564,195,0.625169081536775,24.7561742633342
wsnp_Ex_c15341_23592075,chr7A,637162710,0.940055412229285,0.171794871794872,195,0.998560233622473,0.924804797638728
wsnp_JD_c5102_6225151,chr7A,645455423,0.49111502578939,0.443589743589744,195,0.954283489144457,6.25527634970786
RAC875_c35723_106,chr7A,659821504,0.580640430820912,0.235897435897436,195,0.966677717195623,6.60744085923909
RAC875_c43295_135,chr7A,663534731,0.164491114252974,0.187179487179487,195,0.832824638638983,15.8809446791826
Excalibur_c14451_389,chr7A,673729628,0.00926537420429181,0.166666666666667,195,0.625169081536775,35.1033377927567
tplb0045p11_893,chr7A,673763752,0.0902532616540298,0.148717948717949,195,0.814551486391518,24.4761871816958
RAC875_c24411_889,chr7A,677625516,0.367187312833301,0.251282051282051,195,0.930884147076342,-8.38263696152734
wsnp_Ex_c9428_15641609,chr7A,677736623,0.154983413383461,0.2,195,0.816421245623809,16.6921833516462
IAAV5268,chr7A,682233957,0.684664639101967,0.220512820512821,195,0.982464268179436,6.02024996875411
RAC875_rep_c119304_226,chr7A,692358395,0.0828166601954502,0.0102564102564103,195,0.774270045319367,68.3509289838216
wsnp_Ku_c44760_51961180,chr7A,692637444,0.120869498544664,0.217948717948718,195,0.816421245623809,-17.6069906124104
BS00065529_51,chr7A,692955614,0.885307428387983,0.21025641025641,195,0.995768077486298,1.4520425089076
BobWhite_c19346_434,chr7A,696459217,0.128429806297821,0.41025641025641,195,0.816421245623809,-14.9035965969938
Tdurum_contig43216_852,chr7A,705563849,0.888375183771095,0.341025641025641,195,0.995768077486298,1.62773547768302
Tdurum_contig61864_1352,chr7A,705594059,0.280868544982736,0.179487179487179,195,0.901419431121769,-16.8087304888033
JD_c1314_1184,chr7A,711613052,0.978289356885455,0.335897435897436,195,0.998560233622473,0.279345749756885
BS00081057_51,chr7A,712784880,0.211715461847042,0.31025641025641,195,0.867977474172604,-13.3838502571879
Kukri_c28968_130,chr7A,720270650,0.148726863885864,0.0538461538461538,195,0.816421245623809,-30.6970160225397
wsnp_Ra_c7112_12318340,chr7A,720981510,0.759831054700376,0.492307692307692,195,0.982464268179436,-3.13858390925509
Tdurum_contig12454_585,chr7A,723972206,0.193735360940947,0.0256410256410256,195,0.851379856396951,-47.1028448986056
Tdurum_contig59633_56,chr7A,723980490,0.0722571745964004,0.176923076923077,195,0.761889347338316,-19.9174870685197
BS00010677_51,chr7A,723986356,0.364314549895016,0.174358974358974,195,0.930884147076342,11.9278000034031
RAC875_c90330_82,chr7A,725491311,0.936200957371801,0.433333333333333,195,0.998560233622473,-1.16960012862523
RFL_Contig2814_385,chr7A,737730734,0.781955607322575,0.112820512820513,195,0.982464268179436,3.82681499733479
Tdurum_contig45618_1089,chr7A,737884396,0.370378413600588,0.117948717948718,195,0.930884147076342,11.90305890565
RAC875_c18550_228,chr7A,737885505,0.968130467381039,0.4,195,0.998560233622473,0.44363725756989
Tdurum_contig28435_107,chr7A,738022186,0.754961662992329,0.187179487179487,195,0.982464268179436,-4.63241386681307
Excalibur_c8486_419,chr7B,16481,0.219274638458413,0.266666666666667,195,0.884607959260308,12.3869169040869
GENE-2935_114,chr7B,2281105,0.965248963201723,0.0358974358974359,195,0.998560233622473,0.943380926876813
RFL_Contig6075_1128,chr7B,2885702,0.547522742751756,0.297435897435897,195,0.965186634667686,7.64577080942206
RAC875_rep_c78258_214,chr7B,3383560,0.153324432416662,0.243589743589744,195,0.816421245623809,18.5035714722892
Tdurum_contig25857_274,chr7B,3822839,0.745408023714216,0.351282051282051,195,0.982464268179436,3.47136868874804
Kukri_c41117_824,chr7B,3832150,0.411997084732905,0.146153846153846,195,0.935261426547348,-11.4774398686583
Tdurum_contig98005_272,chr7B,4662572,0.293170171002066,0.330769230769231,195,0.904171779958302,10.377537258843
Tdurum_contig85266_280,chr7B,5558560,0.123627197459176,0.330769230769231,195,0.816421245623809,16.9445570827007
Ra_c39042_935,chr7B,12171340,0.717595852706768,0.4,195,0.982464268179436,3.52625457654568
BS00021952_51,chr7B,43286870,0.0950805510716466,0.269230769230769,195,0.814551486391518,16.6660515394106
GENE-4376_439,chr7B,43290208,0.158179662157083,0.264102564102564,195,0.817261587811595,14.4405491220751
RAC875_c30123_913,chr7B,79041916,0.00307132020519482,0.364102564102564,195,0.3073410998297,27.5182671955916
Excalibur_c32859_652,chr7B,87150682,0.0109447942426445,0.405128205128205,195,0.625169081536775,23.0015730731591
GENE-4507_56,chr7B,130466305,0.279551154764023,0.271794871794872,195,0.901419431121769,-14.4674117341566
GENE-4507_113,chr7B,130466358,0.634055229543209,0.0948717948717949,195,0.980767789061915,-7.23103764427123
wsnp_Ex_rep_c66351_64532511,chr7B,130480340,0.328785622713008,0.361538461538462,195,0.922387792489646,-12.342761471604
wsnp_Ra_c31052_40235870,chr7B,130634075,0.0461453207255626,0.212820512820513,195,0.705394406326592,-28.619930246412
wsnp_Ex_rep_c69954_68913284,chr7B,130634178,0.387722121899018,0.215384615384615,195,0.933099223408277,-11.6708038023546
wsnp_Ex_c27666_36847022,chr7B,130636566,0.630797759953819,0.197435897435897,195,0.980767789061915,-5.67326979906414
Tdurum_contig50984_599,chr7B,429421995,0.900665111684475,0.41025641025641,195,0.995768077486298,1.3820149396073
Tdurum_contig54532_206,chr7B,440575969,0.180035015039688,0.179487179487179,195,0.840413053890983,-21.2558748524217
wsnp_Ex_c65605_63952614,chr7B,454540269,0.104661706918485,0.166666666666667,195,0.814551486391518,20.8827368922642
Tdurum_contig48695_527,chr7B,460005311,0.48612168571654,0.21025641025641,195,0.954283489144457,7.11910016742326
wsnp_Ku_c19037_28455905,chr7B,460023036,0.155181271429293,0.361538461538462,195,0.816421245623809,16.2605077007438
Tdurum_contig81318_116,chr7B,470087643,0.830447027768325,0.215384615384615,195,0.990148379262234,2.54529275286222
Excalibur_c17078_400,chr7B,470612372,0.0082997696592008,0.207692307692308,195,0.586627719512313,32.0058738476378
RFL_Contig3306_194,chr7B,486378939,0.693478786222617,0.135897435897436,195,0.982464268179436,-5.39404827282749
Excalibur_c16687_476,chr7B,491053428,0.0213766111317622,0.238461538461538,195,0.625169081536775,25.0287746144244
Kukri_c48870_115,chr7B,491053591,0.0746468888556245,0.228205128205128,195,0.761889347338316,21.4459687082538
BobWhite_rep_c49587_1290,chr7B,491345170,0.0316618837070084,0.18974358974359,195,0.665836240855782,27.9696639045889
RAC875_rep_c106651_635,chr7B,532301752,0.65588042036522,0.128205128205128,195,0.982464268179436,5.36223594655382
Kukri_c34355_722,chr7B,543184224,0.860833460770493,0.0512820512820513,195,0.990520162863411,3.21353109232447
wsnp_Ex_c10550_17231658,chr7B,632289892,0.813441312644883,0.130769230769231,195,0.982468078908755,-2.9378376046065
GENE-4624_79,chr7B,633507557,0.509210942941294,0.0512820512820513,195,0.962352897382436,14.2191648555409
wsnp_Ex_rep_c70700_69597262,chr7B,634181119,0.271408777876827,0.18974358974359,195,0.901419431121769,15.3116982581664
RAC875_c24101_284,chr7B,636880918,0.174200724347739,0.0743589743589744,195,0.838726648290069,-21.5069456530129
Tdurum_contig97814_355,chr7B,648091240,0.625024480661263,0.315384615384615,195,0.979871080504821,6.05463307073876
BS00022053_51,chr7B,648696805,0.569572826594516,0.441025641025641,195,0.965909551263806,5.32638824971559
Kukri_c25451_119,chr7B,651534868,0.385102609797853,0.246153846153846,195,0.930884147076342,9.54244019441984
Kukri_c29415_392,chr7B,651535852,0.116358688873967,0.32051282051282,195,0.815047167593115,-14.005027299318
RAC875_c45062_305,chr7B,658493608,0.304452831792641,0.466666666666667,195,0.909965811773152,-9.32709586265798
BobWhite_c9774_101,chr7B,666983983,0.335684583621228,0.351282051282051,195,0.922387792489646,10.506932577581
Tdurum_contig44993_359,chr7B,670628424,0.941317809068314,0.0897435897435897,195,0.998560233622473,1.23969487947107
Excalibur_c16856_432,chr7B,685802816,0.536192490459234,0.292307692307692,195,0.965186634667686,-7.39403982714475
Tdurum_contig4658_346,chr7B,687058202,0.507679986519962,0.333333333333333,195,0.962037282580056,-7.23040135515873
BobWhite_c1802_456,chr7B,687058274,0.864130563019067,0.176923076923077,195,0.990520162863411,2.175599241616
Ra_c21094_506,chr7B,687836118,0.474091408091189,0.0743589743589744,195,0.949882669423383,12.5750067126888
Kukri_c10430_1138,chr7B,700204215,0.139206186455425,0.194871794871795,195,0.816421245623809,-15.5693748641118
wsnp_Ex_rep_c68762_67626384,chr7B,707835747,0.0470273599034668,0.0974358974358974,195,0.705394406326592,33.7142963263803
Tdurum_contig17062_665,chr7B,708306460,0.728550451140276,0.312820512820513,195,0.982464268179436,-3.32438944014848
Excalibur_c7338_563,chr7B,708309524,0.859126265908243,0.205128205128205,195,0.990520162863411,2.31237638023771
wsnp_Ex_c1721_3261986,chr7B,708641818,0.539685728853697,0.482051282051282,195,0.965186634667686,-6.71195553298378
BobWhite_c12048_145,chr7B,708642117,0.212964848612698,0.471794871794872,195,0.867977474172604,-10.5504743329934
TA005284-0990,chr7B,712320916,0.476665640655051,0.058974358974359,195,0.950641294624689,15.2096599295211
CAP7_c2649_283,chr7B,714646871,0.0384684153262652,0.058974358974359,195,0.676234543847534,41.9814325303259
RAC875_rep_c117259_207,chr7B,716558650,0.322444441224447,0.123076923076923,195,0.920451256290141,12.8800193153891
tplb0035h03_1251,chr7B,717851388,0.335648393706531,0.123076923076923,195,0.922387792489646,-11.7792368097633
BS00040283_51,chr7B,717910972,0.839671583086449,0.0948717948717949,195,0.990409198579425,-3.02275685177233
Excalibur_c4948_454,chr7B,718170078,0.806696897319365,0.151282051282051,195,0.982468078908755,2.93047018793203
BobWhite_c4729_243,chr7B,718253809,0.803986039494886,0.0641025641025641,195,0.982464268179436,-4.63795204503731
BS00022810_51,chr7B,719591810,0.142110420804741,0.169230769230769,195,0.816421245623809,-20.9837857439364
Tdurum_contig8402_460,chr7B,719763877,0.113685137269375,0.0923076923076923,195,0.815047167593115,-22.9181809525685
Tdurum_contig8402_638,chr7B,719764055,0.257122045042463,0.0564102564102564,195,0.901419431121769,-21.4228362740158
Excalibur_c4042_223,chr7B,724890148,0.570391727800589,0.102564102564103,195,0.966016329972609,8.59858414290113
BobWhite_c12316_383,chr7D,7357620,0.311167525982791,0.0666666666666667,195,0.917881562067026,-23.2030973868743
Kukri_c20938_270,chr7D,7986459,0.43613526916413,0.166666666666667,195,0.940880288541268,13.805566105608
D_F5XZDLF02H192C_184,chr7D,9278177,0.835011633356887,0.0743589743589744,195,0.990409198579425,-4.6016606477092
Excalibur_c27950_459,chr7D,54998126,0.495320956560782,0.417948717948718,195,0.954283489144457,-5.71654561097768
BobWhite_c40479_283,chr7D,59309787,0.562590413024841,0.0846153846153846,195,0.965186634667686,-9.11346306787397
BobWhite_rep_c65034_450,chr7D,90543595,0.229896236373404,0.220512820512821,195,0.889138038341312,-13.2553356432768
RAC875_c13942_2973,chr7D,94763397,0.672478491328724,0.233333333333333,195,0.982464268179436,-4.06781726307878
Kukri_c20975_765,chr7D,102982144,0.967343270023057,0.3,195,0.998560233622473,-0.525449893621499
wsnp_Ex_c4637_8299644,chr7D,103122012,0.637308994697357,0.494871794871795,195,0.980767789061915,-4.11201327021365
CAP12_c2046_153,chr7D,104536964,0.64758489901272,0.379487179487179,195,0.980767789061915,-4.40580018536014
D_contig35184_357,chr7D,105305853,0.688645578050511,0.371794871794872,195,0.982464268179436,-3.58877275176729
RAC875_c4453_2678,chr7D,105647896,0.935786066647324,0.369230769230769,195,0.998560233622473,-0.734948101077293
Ku_c30772_1151,chr7D,105649400,0.871971769405315,0.161538461538462,195,0.994047817122059,1.89446205817609
D_GDEEGVY02FN6KZ_98,chr7D,105673995,0.494009031686413,0.302564102564103,195,0.954283489144457,-6.3217156571817
wsnp_Ex_c20320_29383733,chr7D,105679359,0.904493341447163,0.274358974358974,195,0.995768077486298,1.13657375161159
RAC875_c1863_3196,chr7D,105679820,0.299841121858271,0.497435897435897,195,0.907563541888076,9.71721392516713
Kukri_c11890_709,chr7D,106099353,0.713336501674939,0.282051282051282,195,0.982464268179436,5.03529648780443
RAC875_c53629_483,chr7D,144584842,0.205509203673049,0.282051282051282,195,0.857255205474555,11.9613034410357
wsnp_Ex_c2123_3988735,chr7D,172976023,0.44957509467242,0.235897435897436,195,0.946406503116573,7.63140898520129
wsnp_CAP11_c2839_1425826,chr7D,213831428,0.148143239500857,0.133333333333333,195,0.816421245623809,20.5019697889861
IAAV7925,chr7D,255040936,0.229627763750208,0.107692307692308,195,0.889138038341312,20.7743165651624
wsnp_Ex_c23001_32223579,chr7D,268178205,0.0801204280597027,0.0435897435897436,195,0.772133261723999,54.2953710291736
wsnp_bm138650D_Ta_2_2,chr7D,268870177,0.800930327327428,0.153846153846154,195,0.982464268179436,-3.28647076143329
IACX7714,chr7D,389487508,0.376798098725084,0.143589743589744,195,0.930884147076342,12.460327201791
wsnp_cd454041D_Ta_2_1,chr7D,392298332,0.319758144221527,0.169230769230769,195,0.917881562067026,11.0929544443554
IAAV4133,chr7D,394409246,0.25810404778479,0.161538461538462,195,0.901419431121769,15.0641809433672
wsnp_Ex_c6664_11531767,chr7D,395093667,0.782996008986772,0.0487179487179487,195,0.982464268179436,8.02324789402542
Kukri_rep_c109239_223,chr7D,396358142,0.0556286717817619,0.130769230769231,195,0.738130286905907,28.6785714301776
wsnp_Ex_rep_c66483_64738995,chr7D,396358712,0.812129426853169,0.0948717948717949,195,0.982468078908755,4.27229585904206
Kukri_c58234_519,chr7D,416191413,0.0686249682116341,0.0871794871794872,195,0.748520486604676,28.8599824400883
Ex_c8238_637,chr7D,464338258,0.783297497750157,0.0948717948717949,195,0.982464268179436,-3.99163671618032
wsnp_Ex_c17914_26681837,chr7D,504182022,0.100943411604675,0.315384615384615,195,0.814551486391518,21.8072424180242
TA001185-0966,chr7D,519574795,0.671297737059752,0.307692307692308,195,0.982464268179436,-4.337216907249
RFL_Contig471_835,chr7D,526524314,0.406701981489946,0.294871794871795,195,0.933099223408277,7.5442583529744
BS00051607_51,chr7D,529494695,0.911805775901088,0.374358974358974,195,0.995768077486298,-1.11623765118804
BS00066128_51,chr7D,531229184,0.565582553427983,0.230769230769231,195,0.965588765127773,5.45412789634423
wsnp_Ex_c145_285194,chr7D,533549451,0.470161387730238,0.4,195,0.949173783896606,-6.93972489957639
Ku_c32426_324,chr7D,552228822,0.792830233671527,0.135897435897436,195,0.982464268179436,-3.2465747894563
BS00022610_51,chr7D,553528968,0.58596618972291,0.228205128205128,195,0.966677717195623,-8.07593758478254
RAC875_c16367_81,chr7D,572091412,0.444911826398974,0.123076923076923,195,0.946406503116573,11.6302504120266
tplb0049k01_89,chr7D,573162684,0.440955942723729,0.238461538461538,195,0.945593629602947,7.54995912705147
Kukri_c22576_148,chr7D,573744387,0.62670791275947,0.166666666666667,195,0.979975034524477,-6.61508813302561
Excalibur_c7895_385,chr7D,573803660,0.93727631191064,0.143589743589744,195,0.998560233622473,-1.03275787061119
BobWhite_c11549_468,chr7D,574260504,0.654820192257256,0.102564102564103,195,0.982464268179436,-8.22739095421832
Kukri_c61816_202,chr7D,574331477,0.857104385962459,0.320512820512821,195,0.990520162863411,-2.14694971011033
D_contig57690_497,chr7D,585248188,0.0647751284977694,0.0564102564102564,195,0.748520486604676,-36.5923964625018
tplb0057p21_1365,chr7D,585668368,0.607278454457206,0.187179487179487,195,0.973427968767559,6.1898956696607
Excalibur_c30730_1503,chr7D,601674848,0.892685181736529,0.207692307692308,195,0.995768077486298,1.36726324932499
BS00000744_51,chrUn,2128412,0.264937034958921,0.394871794871795,195,0.901419431121769,-12.0739311272152
BS00086387_51,chrUn,5306850,0.0537787274447248,0.0256410256410256,195,0.730977010729452,48.9864415239214
Ex_c45438_377,chrUn,35000738,0.00139135895143542,0.469230769230769,195,0.187798392280812,39.9296373248244
IAAV4595,chrUn,42458587,0.372333476702597,0.315384615384615,195,0.930884147076342,-10.1574555087554
BobWhite_c15849_189,chrUn,94654791,0.611288611816258,0.0794871794871795,195,0.975742526720259,9.26086031482566
RAC875_c58425_286,chrUn,208301821,0.772953680304378,0.451282051282051,195,0.982464268179436,-2.7276180387089
