SNP,Chr,Pos,P.value,MAF,nobs,H&B.P.Value,Effect
BS00093327_51,chr1A,1354675,0.0605963754270741,0.479032258064516,310,0.703739611647022,0.30300846096479
Excalibur_c9509_1180,chr1A,1354748,0.170474702603904,0.453225806451613,310,0.793606925316825,0.18017758737669
Tdurum_contig44888_837,chr1A,1355110,0.0664502294639551,0.445161290322581,310,0.712688614716031,0.325599299021007
RAC875_rep_c110533_92,chr1A,1357290,0.183142346691396,0.329032258064516,310,0.797063666079024,-0.211991725404886
Kukri_c2408_857,chr1A,1360891,6.8710437352906e-12,0.441935483870968,310,1.21411342802585e-08,0.949909929346897
BS00033749_51,chr1A,1816397,0.037730289612308,0.485483870967742,310,0.647275939271342,0.389110078158382
tplb0025b13_1721,chr1A,4167188,0.422189651623648,0.2,310,0.872618358536817,0.137987399363332
CAP12_c8501_370,chr1A,4718945,0.417994330854209,0.261290322580645,310,0.871658772942706,-0.160075312613358
BS00056550_51,chr1A,6999797,0.208353575748049,0.0129032258064516,310,0.812671425125922,-0.713197981913666
RAC875_c57939_78,chr1A,12439180,0.647232325513452,0.479032258064516,310,0.93919268000923,0.084986374949608
RAC875_c34888_65,chr1A,12909949,0.312783571496145,0.224193548387097,310,0.851553475427224,-0.199395980498323
BobWhite_c6558_234,chr1A,12915431,0.973753184127018,0.425806451612903,310,0.996258731030831,-0.00587101330032169
wsnp_Ex_c4876_8692783,chr1A,13228692,0.510158526137619,0.0112903225806452,310,0.905926374150075,0.427038145477951
BS00074370_51,chr1A,13552412,0.223818199197597,0.237096774193548,310,0.823119363372803,-0.282937217865083
BobWhite_c27474_124,chr1A,13674933,0.150300033674611,0.287096774193548,310,0.793606925316825,0.290463348116859
Jagger_rep_c10343_173,chr1A,14484241,0.174869905399013,0.309677419354839,310,0.797063666079024,0.256087051831173
D_contig08749_250,chr1A,20208049,0.595411344281451,0.259677419354839,310,0.92350985534583,-0.120869377497712
CAP7_c4833_55,chr1A,25868810,0.0947906862355776,0.233870967741935,310,0.735945774332881,-0.30836934990991
RAC875_c16820_419,chr1A,27603266,0.387230320653505,0.248387096774194,310,0.865982761147894,-0.155290352212816
BobWhite_c4328_1345,chr1A,28461062,0.347465533079963,0.212903225806452,310,0.865982761147894,-0.179492553914358
Excalibur_c7026_2635,chr1A,28467461,0.827542373535502,0.369354838709677,310,0.978105266914537,-0.038105116710355
Tdurum_contig13946_329,chr1A,33724809,0.811907672045818,0.398387096774194,310,0.971274804995181,0.0312356723295437
wsnp_CAP11_c23_61357,chr1A,65077856,0.314573124814334,0.441935483870968,310,0.853841338781763,-0.161281876767347
IAAV4243,chr1A,71367943,0.943159817170918,0.37741935483871,310,0.994532217349929,0.0103623650188212
BS00087437_51,chr1A,113855345,0.618202856869376,0.343548387096774,310,0.928033191234313,0.0722826849137164
BS00062869_51,chr1A,248549559,0.340193973836815,0.174193548387097,310,0.863682114611568,-0.147991597694634
wsnp_Ex_c44049_50205904,chr1A,336951094,0.40572830247302,0.190322580645161,310,0.867410522191443,-0.140867569660863
TA004725-0348,chr1A,397284657,0.604701383748975,0.358064516129032,310,0.92350985534583,-0.0710228062620359
IACX3496,chr1A,470800686,0.596202025927821,0.329032258064516,310,0.92350985534583,-0.0846088637289881
BS00033469_51,chr1A,472323049,0.442465925639907,0.153225806451613,310,0.8789271838063,-0.224221227545669
Kukri_c3582_87,chr1A,473918642,0.402360977307539,0.258064516129032,310,0.865982761147894,-0.150946027324224
GENE-0112_64,chr1A,473977326,0.795305961176205,0.185483870967742,310,0.964599194611458,0.055991983834204
RAC875_c2734_135,chr1A,479860652,0.826913329989704,0.483870967741935,310,0.978015966594248,0.0342600926722838
BS00067421_51,chr1A,479992930,0.433643941248895,0.383870967741935,310,0.8789271838063,-0.115466942909933
BS00012283_51,chr1A,480067827,0.636557859583735,0.333870967741935,310,0.934993963328728,-0.0675759508763178
BS00023101_51,chr1A,480068381,0.121930016453245,0.390322580645161,310,0.765245031429273,-0.225204431550168
wsnp_JD_c13903_13781269,chr1A,480068628,0.158145158631138,0.140322580645161,310,0.793606925316825,0.252412917522847
BS00021889_51,chr1A,480889849,0.950687064136826,0.104838709677419,310,0.994532217349929,-0.0126888982247877
wsnp_BE495786A_Ta_2_1,chr1A,480890263,0.16563133027499,0.104838709677419,310,0.793606925316825,0.284893834326077
IACX4378,chr1A,481526778,0.0760555588810337,0.282258064516129,310,0.712688614716031,-0.296725851740902
wsnp_Ex_c4539_8148835,chr1A,481528464,0.797038068167038,0.0645161290322581,310,0.964599194611458,0.0663705844318301
Excalibur_c30591_637,chr1A,481964686,0.22692314548648,0.274193548387097,310,0.823905142997663,-0.199985550826355
RAC875_c31276_1128,chr1A,483405666,0.800914031424606,0.385483870967742,310,0.964599194611458,-0.0366624213798588
wsnp_Ex_c5192_9203100,chr1A,484060367,0.399234969852547,0.125806451612903,310,0.865982761147894,-0.236685194088281
wsnp_Ex_c12336_19686808,chr1A,484062365,0.176110092560669,0.0903225806451613,310,0.797063666079024,-0.296163158262914
BS00021714_51,chr1A,489169148,0.325129252618349,0.353225806451613,310,0.859797242191137,-0.145058950403239
Ra_c4159_2716,chr1A,489617658,0.0658306950376741,0.232258064516129,310,0.712688614716031,-0.35085248747194
BobWhite_c12568_900,chr1A,490253962,0.106791107444629,0.154838709677419,310,0.744814967788403,-0.387323542972567
Kukri_c25215_124,chr1A,491269251,0.600764656432634,0.209677419354839,310,0.92350985534583,-0.0801587487633313
BobWhite_c37384_208,chr1A,498821176,0.675051756064639,0.388709677419355,310,0.941029833536278,0.0608790674517081
BobWhite_c7337_717,chr1A,511557116,0.534547295333787,0.187096774193548,310,0.916324756756739,0.15060233308219
wsnp_Ex_c1997_3757721,chr1A,513064456,0.861327496161183,0.387096774193548,310,0.985369286006082,-0.024148584238489
wsnp_JD_c6544_7697578,chr1A,513066693,0.804504974202935,0.37741935483871,310,0.964669295305442,-0.0343901321610502
Jagger_c5280_407,chr1A,513066859,0.884572251430186,0.398387096774194,310,0.990150938867781,0.0263871252284531
wsnp_Ku_c23012_32893918,chr1A,514746340,0.0301636010905589,0.353225806451613,310,0.613170055432755,0.308583545290603
Excalibur_c49946_169,chr1A,520448683,0.701533818727631,0.338709677419355,310,0.943354107384678,0.0578659066535465
BS00039377_51,chr1A,521739732,0.223381233874335,0.0967741935483871,310,0.823119363372803,0.272131671625417
BobWhite_c27438_81,chr1A,527160340,0.0859098330133077,0.0919354838709677,310,0.712688614716031,0.371142898007598
wsnp_Ku_c5210_9289260,chr1A,527160478,0.0312322154887886,0.1,310,0.620082300771792,0.464314076835812
wsnp_Ku_c5210_9290700,chr1A,527163793,0.0499636125738811,0.0887096774193548,310,0.684414962533003,0.448941025568949
wsnp_Ra_c11594_18777085,chr1A,529465274,0.0244996021486008,0.1,310,0.613170055432755,0.523608414523089
Excalibur_c7370_179,chr1A,530229961,0.000932212348701873,0.433870967741936,310,0.198663980522783,0.446020873360411
IAAV8743,chr1A,532099147,0.0812000460738716,0.395161290322581,310,0.712688614716031,-0.215338410262163
BS00110627_51,chr1A,535721747,0.556795268432116,0.314516129032258,310,0.92096426159172,0.0837786304825414
RAC875_c21411_162,chr1A,539294401,0.570469468062318,0.164516129032258,310,0.921204329472612,-0.0945704320306078
Jagger_c6890_167,chr1A,540738981,0.0631584336447281,0.429032258064516,310,0.703739611647022,-0.360275620916894
RAC875_c12348_720,chr1A,540937942,0.751846837899002,0.240322580645161,310,0.951676140173662,-0.0522926876765695
Ra_c29200_300,chr1A,545236493,0.287031639567502,0.296774193548387,310,0.843697817893676,0.186632340063937
Ra_c8027_1021,chr1A,549334497,0.344411165687492,0.17258064516129,310,0.865982761147894,0.199904810936658
BobWhite_rep_c49755_131,chr1A,549894332,0.372171741391881,0.262903225806452,310,0.865982761147894,0.15033083393952
BS00030043_51,chr1A,549999988,0.132981478533102,0.262903225806452,310,0.775017693341279,0.279975271811338
BS00066212_51,chr1A,550613782,0.083275323996046,0.295161290322581,310,0.712688614716031,0.302565928965663
Tdurum_contig78830_745,chr1A,558465541,0.646205817411984,0.166129032258065,310,0.93919268000923,0.093222546939387
wsnp_RFL_Contig3951_4390396,chr1A,560345683,0.505629897236964,0.274193548387097,310,0.90429962390457,0.155307201573777
Tdurum_contig51167_390,chr1A,565387073,0.326507017571226,0.412903225806452,310,0.859818032858953,0.141275727390067
Excalibur_c88792_93,chr1A,576699754,0.47371733644471,0.353225806451613,310,0.892111409557269,-0.100189762948801
wsnp_Ex_c3264_6017750,chr1A,579495807,0.27451354043133,0.383870967741935,310,0.840742604906267,-0.154680464328322
wsnp_Ku_c816_1684613,chr1A,579800618,0.490891098129867,0.120967741935484,310,0.897893156571895,-0.213001628692837
Tdurum_contig8224_378,chr1A,579800877,0.676507876723437,0.208064516129032,310,0.941029833536278,0.0677330842258428
Excalibur_c41553_213,chr1A,580101627,0.525064045215462,0.267741935483871,310,0.913726128814379,-0.100348363724208
wsnp_Ex_c41553_48351921,chr1A,580104194,0.982786686075394,0.180645161290323,310,0.996258731030831,0.00423909698655223
Kukri_c2338_533|wsnp_Ex_c7684_13109335,chr1A,580105699,0.892823518527276,0.188709677419355,310,0.990150938867781,0.0252012428961734
Excalibur_c16947_114,chr1A,580529487,0.973752421709855,0.0548387096774194,310,0.996258731030831,-0.00857233358401288
TA001430-0733,chr1A,580738176,0.267032204666736,0.103225806451613,310,0.840742604906267,-0.375060194846924
IAAV4238,chr1A,584049510,0.871840939546932,0.0129032258064516,310,0.986206430982999,0.108780540776571
BS00035273_51,chr1A,586167981,0.452565483257556,0.0612903225806452,310,0.879737993102466,0.217415116165213
BS00075271_51,chr1A,586624992,0.175526296473451,0.47741935483871,310,0.797063666079024,0.453823941799328
RFL_Contig3395_1311,chr1A,588535850,0.472178516289251,0.241935483870968,310,0.892111409557269,0.10513733014006
BS00021780_51,chr1A,590952711,0.612089599441528,0.0532258064516129,310,0.92350985534583,0.153860517456806
BobWhite_c44947_277,chr1A,593735900,0.0960416123476503,0.445161290322581,310,0.735945774332881,0.22001289909781
wsnp_Ex_rep_c67492_66096650,chr1A,595126027,0.27736968315082,0.146774193548387,310,0.840742604906267,0.247212634884974
BS00050522_51,chr1B,22335,0.737369103419583,0.353225806451613,310,0.951676140173662,-0.0504087763924872
Ku_c3169_1250,chr1B,5151885,0.0978049677867467,0.362903225806452,310,0.735945774332881,-0.250288152753441
RAC875_c3692_2287,chr1B,8142192,0.520720764199641,0.332258064516129,310,0.911906432448727,-0.143738771752254
CAP11_c852_603,chr1B,8667979,0.941844081119924,0.408064516129032,310,0.994532217349929,0.0111053793396678
RAC875_rep_c70613_78,chr1B,12778945,0.973515514224691,0.483870967741935,310,0.996258731030831,-0.00437393374087947
Tdurum_contig44861_1253,chr1B,24100217,0.763325633635123,0.437096774193548,310,0.957272104069029,-0.0380987894847635
BS00065737_51,chr1B,38915610,0.787438349760838,0.42258064516129,310,0.964599194611458,-0.0328928855993524
Ra_c29142_340,chr1B,50691940,0.607505645809689,0.12258064516129,310,0.92350985534583,-0.13372298661703
Excalibur_c4058_1121,chr1B,57086380,0.40594800020927,0.0919354838709677,310,0.867410522191443,0.260761761205629
Kukri_c65759_98,chr1B,283865024,0.914251069086808,0.312903225806452,310,0.992081934566427,0.0232593737590605
IAAV5269,chr1B,311474930,0.0297120426708919,0.17741935483871,310,0.613170055432755,-0.442228392664248
IAAV8661,chr1B,311756323,0.33830702225905,0.112903225806452,310,0.863682114611568,-0.206130491326476
Kukri_c2535_98,chr1B,323187964,0.4949416713711,0.138709677419355,310,0.898830352839398,-0.147503038406683
Kukri_c62848_106,chr1B,323371934,0.837963403826211,0.188709677419355,310,0.983503371812235,-0.0498113892466989
BS00062942_51,chr1B,325756734,0.406460618208554,0.145161290322581,310,0.867410522191443,-0.170989273620783
CAP7_c1241_128,chr1B,334516236,0.500249619594472,0.251612903225806,310,0.902902020248654,0.130807777109595
Kukri_c49091_415,chr1B,341648517,0.633012994621236,0.466129032258065,310,0.932111634579771,0.130780669645787
BS00022670_51,chr1B,341955467,0.601231691612868,0.162903225806452,310,0.92350985534583,-0.100040980465494
RAC875_c44575_561,chr1B,343628061,0.310453648576471,0.493548387096774,310,0.85049860005368,0.21602340624824
RAC875_c44575_396,chr1B,343628226,0.430184929922527,0.0854838709677419,310,0.876578387146907,-0.330385307353879
IAAV2546|wsnp_Ku_c30982_40765341,chr1B,343800079,0.229731786360646,0.166129032258065,310,0.823905142997663,-0.271178151295047
wsnp_Ku_c66585_65967792,chr1B,376231351,0.111815587605075,0.15,310,0.754247672962999,-0.367621570271723
Tdurum_contig65023_587,chr1B,376367714,0.199325408260192,0.190322580645161,310,0.812671425125922,-0.301316966728677
JD_c10376_670,chr1B,380749208,0.799634974975363,0.180645161290323,310,0.964599194611458,0.0511821560747876
Kukri_rep_c95031_104,chr1B,381979642,0.176968675712891,0.124193548387097,310,0.797063666079024,-0.324791448797171
Kukri_c8308_245,chr1B,388396521,0.321122034820066,0.133870967741935,310,0.859797242191137,-0.272374158168603
Tdurum_contig84184_124|wsnp_Ex_c15934_24341135,chr1B,388904013,0.147887016022216,0.180645161290323,310,0.793606925316825,-0.329464669196241
Kukri_rep_c70738_896,chr1B,389675488,0.383263954110618,0.167741935483871,310,0.865982761147894,-0.203836898639267
BS00041010_51,chr1B,389681588,0.373374921054527,0.130645161290323,310,0.865982761147894,-0.287661190078765
Tdurum_contig10326_151,chr1B,396633638,0.276781418334092,0.161290322580645,310,0.840742604906267,-0.206444873052533
Kukri_rep_c108436_534,chr1B,398246044,0.269241783720014,0.159677419354839,310,0.840742604906267,-0.211313975676788
BS00062740_51,chr1B,398251099,0.96395412889106,0.0870967741935484,310,0.995634372541971,-0.0136893581670279
Tdurum_contig42217_127,chr1B,415831210,0.221499347943755,0.37258064516129,310,0.823119363372803,-0.214598475210281
Tdurum_contig43910_687,chr1B,415841752,0.400747584834842,0.395161290322581,310,0.865982761147894,-0.15097890420536
wsnp_BE442716B_Ta_2_2,chr1B,416367185,0.52513765947667,0.138709677419355,310,0.913726128814379,0.114048713118024
BS00022581_51,chr1B,420891509,0.0291795813248241,0.187096774193548,310,0.613170055432755,-0.481866289706758
BobWhite_c11460_291,chr1B,421760674,0.50847895122034,0.0806451612903226,310,0.905498024777606,-0.202977097389351
Tdurum_contig57127_56,chr1B,422242469,0.00724933423265453,0.138709677419355,310,0.453663207863912,-0.64254331380738
Tdurum_contig8081_2331,chr1B,422259364,0.277175350013218,0.162903225806452,310,0.840742604906267,-0.262065030695936
BS00071083_51,chr1B,428575338,0.36017533501716,0.193548387096774,310,0.865982761147894,0.162547894550329
BS00076696_51,chr1B,428575404,0.755572913506115,0.219354838709677,310,0.953178048852883,0.0513175891273079
Kukri_c12151_467,chr1B,428578789,0.32587546472876,0.0903225806451613,310,0.859797242191137,0.233107841872055
Tdurum_contig28305_106,chr1B,434454031,0.258853275914051,0.219354838709677,310,0.840742604906267,0.195338179397893
BS00110480_51,chr1B,435014214,0.81634812304409,0.170967741935484,310,0.972508997739223,0.0442240115545474
IACX5764,chr1B,437206836,0.260226532029066,0.259677419354839,310,0.840742604906267,-0.250182834300176
Tdurum_contig48171_189,chr1B,445021239,0.997880029090838,0.237096774193548,310,0.997880029090838,0.000397494831013034
BS00073132_51,chr1B,454685170,0.0625928749587644,0.193548387096774,310,0.703739611647022,-0.366610823514023
wsnp_Ra_c2027_3945713,chr1B,464716376,0.502536841888936,0.111290322580645,310,0.90354734811181,-0.189045095234249
Ra_c3083_982,chr1B,465069906,0.126273292917356,0.104838709677419,310,0.7673338661121,-0.491163513387505
IAAV5704,chr1B,465205324,0.0729225807916025,0.0887096774193548,310,0.712688614716031,-0.672625457962553
wsnp_Ex_c34966_43196962,chr1B,465207721,0.0138647203736584,0.151612903225806,310,0.596738290288927,-0.528352274803325
RAC875_c46646_549,chr1B,479560518,0.401393781907828,0.164516129032258,310,0.865982761147894,-0.209519040347772
Excalibur_s102212_259,chr1B,482244929,0.598384607251666,0.395161290322581,310,0.92350985534583,-0.0808343487711625
CAP8_c9553_109,chr1B,482246415,0.306754964598036,0.366129032258065,310,0.849713811241242,-0.153516867360338
Kukri_c667_1073,chr1B,482247845,0.983351827956604,0.156451612903226,310,0.996258731030831,-0.00361770667876016
CAP7_c3456_113,chr1B,483824929,0.955209600612437,0.367741935483871,310,0.994532217349929,0.008313152598177
Excalibur_rep_c105376_485,chr1B,484685232,0.511566685863538,0.198387096774194,310,0.906658308847413,0.144850010943415
BS00023142_51,chr1B,484687372,0.486628769133904,0.391935483870968,310,0.896183226729063,-0.106179566318218
BS00034925_51|Tdurum_contig28316_442,chr1B,485203357,0.742928044049187,0.401612903225806,310,0.951676140173662,-0.0505243790184267
BS00067146_51,chr1B,488628573,0.100229365591207,0.0967741935483871,310,0.73793870416526,0.345638901965565
wsnp_Ku_c19618_29134473,chr1B,490545756,0.683978408265389,0.330645161290323,310,0.942298613525216,-0.0581222273611672
RAC875_c87890_234,chr1B,495275022,0.265282214405064,0.266129032258065,310,0.840742604906267,-0.169939126811812
Tdurum_contig59449_249,chr1B,495276116,0.315095627714261,0.398387096774194,310,0.853947813145857,-0.158020741325771
wsnp_Ex_c23992_33235984,chr1B,540458499,0.448163575918795,0.104838709677419,310,0.8789271838063,0.167984870550896
BS00065126_51,chr1B,548030097,0.0141839321970203,0.283870967741935,310,0.596738290288927,0.402085389356444
Tdurum_contig83770_218,chr1B,551693240,0.857498140741574,0.0838709677419355,310,0.985369286006082,0.0444561440228597
Tdurum_contig42749_3287,chr1B,557183418,0.323841640228603,0.324193548387097,310,0.859797242191137,-0.151688498929559
BS00023071_51,chr1B,609474528,0.796870405081567,0.170967741935484,310,0.964599194611458,-0.0470138839887753
RAC875_c52957_154,chr1B,611027568,0.396264028672794,0.380645161290323,310,0.865982761147894,-0.151834545071878
Excalibur_c44818_109,chr1B,611027714,0.114273180754967,0.22258064516129,310,0.757722310564143,-0.241442762416554
RFL_Contig2176_1111,chr1B,611028387,0.158446108221638,0.414516129032258,310,0.793606925316825,0.222097510488098
RFL_Contig2176_932,chr1B,611028566,0.856019296316086,0.396774193548387,310,0.985369286006082,-0.0232611622967482
BS00064162_51,chr1B,611145616,0.0694491883102795,0.229032258064516,310,0.712688614716031,-0.332335664125054
Tdurum_contig96049_200,chr1B,613632313,0.867489457859067,0.475806451612903,310,0.985369286006082,-0.0215922228259018
BS00022775_51,chr1B,614467582,0.839634487453862,0.140322580645161,310,0.983503371812235,0.0383492978540403
BobWhite_c48071_144,chr1B,624345061,0.610678541893561,0.424193548387097,310,0.92350985534583,0.0681203088251863
RAC875_c16136_1597,chr1B,632415952,0.804004284322499,0.433870967741936,310,0.964669295305442,0.0600411669368839
Tdurum_contig49651_546,chr1B,637979778,0.951959109674358,0.133870967741935,310,0.994532217349929,0.0120230242628026
BS00022411_51,chr1B,639185133,0.210096551616201,0.482258064516129,310,0.812671425125922,-0.166283402444492
Ra_c17685_927,chr1B,641746937,0.00721675825421439,0.0806451612903226,310,0.453663207863912,0.719443292462529
BobWhite_c36862_84,chr1B,642008969,0.118212189649675,0.156451612903226,310,0.765245031429273,0.401809873171118
CAP12_c6260_64|Kukri_c63336_621,chr1B,643756710,0.126437982929134,0.154838709677419,310,0.7673338661121,0.273575060109636
BobWhite_c2844_569|BS00039135_51,chr1B,646331263,0.470454169895916,0.0241935483870968,310,0.891944762023694,0.331119034920491
BS00094237_51,chr1B,647594072,0.590490418632944,0.0790322580645161,310,0.92350985534583,-0.120989603622441
CAP11_c6406_104,chr1B,647594448,0.752400434534582,0.112903225806452,310,0.951676140173662,0.0826889834839051
Tdurum_contig10036_1057,chr1B,650372614,0.317220256684206,0.356451612903226,310,0.854914383083979,-0.136909548357536
Tdurum_contig93532_89,chr1B,650732830,0.312454145231118,0.0903225806451613,310,0.851553475427224,-0.233156505638078
TA004946-0577,chr1B,650733704,0.979929740130023,0.0758064516129032,310,0.996258731030831,0.00646539054562112
wsnp_Ex_c27176_36393952,chr1B,651094835,0.687036158564446,0.201612903225806,310,0.943354107384678,-0.079004237727105
Kukri_c4453_1248,chr1B,651095088,0.771111283836485,0.243548387096774,310,0.961150093279106,-0.041920238459717
Tdurum_contig50988_500,chr1B,655761835,0.994976713287757,0.241935483870968,310,0.997172688033559,0.00104241199224475
BobWhite_c23617_167,chr1B,655818576,0.887487793230524,0.0774193548387097,310,0.990150938867781,-0.0365963520873223
Jagger_c3757_131,chr1B,655819171,0.653026653299468,0.0790322580645161,310,0.93919268000923,-0.115506959496642
RFL_Contig1823_1044,chr1B,655955235,0.865307767769587,0.159677419354839,310,0.985369286006082,-0.0312965913731773
BS00068077_51,chr1B,660645333,0.57195729765806,0.0709677419354839,310,0.921204329472612,-0.148496330444331
BS00071893_51,chr1B,667040658,0.155007330739885,0.116129032258065,310,0.793606925316825,-0.311434125763121
Tdurum_contig57153_1356,chr1B,669462262,0.295732156931118,0.0338709677419355,310,0.848699092855092,0.41132153697945
CAP12_c1085_283,chr1B,669989968,0.848696449269161,0.106451612903226,310,0.985369286006082,-0.0429578376738462
Tdurum_contig10475_87,chr1B,669990181,0.818232137753686,0.0790322580645161,310,0.972508997739223,0.0704733866420639
IACX8074,chr1B,670565745,0.282573439004708,0.306451612903226,310,0.843697817893676,-0.204248151769121
IACX2234,chr1B,671612273,0.891233732320979,0.0935483870967742,310,0.990150938867781,0.0352913671659536
wsnp_CAP12_c1337_682282,chr1B,672141700,0.936415179313628,0.0838709677419355,310,0.994532217349929,0.0204776812430367
BobWhite_c9963_51,chr1B,672661803,0.410689899389555,0.220967741935484,310,0.868324098776036,0.137489251138994
Kukri_c1565_111,chr1B,674269701,0.991167567496929,0.0854838709677419,310,0.996258731030831,-0.00321790226334429
Tdurum_contig4904_2923,chr1B,674537343,0.0646945064364406,0.251612903225806,310,0.712688614716031,0.305357974514152
Kukri_c44604_203,chr1B,682090700,0.590784113610684,0.0532258064516129,310,0.92350985534583,0.173413699686215
Ku_c11537_539,chr1B,694408430,0.795381170097189,0.203225806451613,310,0.964599194611458,0.0482187477418847
Kukri_c7822_144,chr1D,119937,0.151793663674266,0.287096774193548,310,0.793606925316825,-0.270788021984217
BobWhite_c47810_111,chr1D,146722,0.304256761996108,0.0258064516129032,310,0.849713811241242,0.434463206717083
D_GDS7LZN02IXNP1_255,chr1D,176881,0.0553960833931726,0.404838709677419,310,0.703739611647022,0.27168099959647
BS00093325_51,chr1D,201744,0.867509276416349,0.329032258064516,310,0.985369286006082,-0.0258849974418212
RAC875_c48669_292,chr1D,201983,0.781664729509631,0.232258064516129,310,0.963745869752483,0.0436495922400866
RAC875_c10925_1887,chr1D,206331,0.0406578374458738,0.438709677419355,310,0.648217088385006,0.280070426140426
wsnp_Ex_c278_538285,chr1D,4107550,0.056614434275797,0.425806451612903,310,0.703739611647022,0.256955837479296
RAC875_c2070_566,chr1D,4108163,0.0341952504004875,0.42258064516129,310,0.629406327683974,0.29150596382749
Kukri_c83523_57,chr1D,4819665,0.0303369583130174,0.206451612903226,310,0.613170055432755,-0.520534138842848
wsnp_Ex_c1969_3705930,chr1D,9178798,0.862950506093913,0.112903225806452,310,0.985369286006082,0.0354181328567549
BobWhite_rep_c49356_206,chr1D,9181696,0.464773967287537,0.174193548387097,310,0.886885097405052,-0.124200249596676
IAAV8085,chr1D,9252704,0.56545116698401,0.0903225806451613,310,0.92096426159172,0.14489856521552
wsnp_Ex_c1085_2078686,chr1D,9490728,0.727554127315817,0.390322580645161,310,0.95017601106212,0.0633438662330974
wsnp_Ex_c1358_2600929,chr1D,9889218,0.903680067810838,0.0741935483870968,310,0.990150938867781,-0.032769679068366
wsnp_Ex_c1358_2602235,chr1D,9890524,0.692256051523989,0.067741935483871,310,0.943354107384678,-0.112449955756709
wsnp_Ra_c2633_5017265,chr1D,9894028,0.170872979910661,0.0661290322580645,310,0.793606925316825,-0.390429066631434
wsnp_Ku_c13622_21660346,chr1D,11487828,0.856872075744784,0.175806451612903,310,0.985369286006082,-0.028960260783208
Ku_c13622_482,chr1D,11488050,0.159259906379739,0.445161290322581,310,0.793606925316825,-0.284933706693408
wsnp_Ex_rep_c67198_65703538,chr1D,11549768,0.909148731677604,0.440322580645161,310,0.991033811767011,0.0168647664496433
Kukri_c17177_1575,chr1D,11552558,0.185210474779848,0.151612903225806,310,0.797063666079024,-0.221007238361878
BobWhite_c33756_74,chr1D,11670552,0.613732234741769,0.42741935483871,310,0.924522471260619,0.0731697520543406
RAC875_c23587_548,chr1D,13032856,0.00774287532150443,0.446774193548387,310,0.456055356436611,-0.558472588905573
Ku_c12842_664,chr1D,13713082,0.536036738220331,0.308064516129032,310,0.916918602551138,0.0963900340946537
Ex_c6145_1877,chr1D,13910970,0.123174903809347,0.174193548387097,310,0.765245031429273,0.284251683705385
RAC875_c7752_549,chr1D,13912290,0.154999583655606,0.243548387096774,310,0.793606925316825,0.251465532019282
D_F5XZDLF02I14SZ_56,chr1D,14840658,0.122952603154171,0.170967741935484,310,0.765245031429273,0.288648012076209
D_GBF1XID01CJH0V_94,chr1D,15541438,0.106948569955223,0.167741935483871,310,0.744814967788403,0.301342420200065
BS00022178_51,chr1D,17161138,0.979878054719416,0.0403225806451613,310,0.996258731030831,0.00874082814126353
BS00023049_51,chr1D,18034111,0.916543452834032,0.111290322580645,310,0.992968903223627,0.0230128919048909
Kukri_c19257_78,chr1D,18034210,0.0496200219982778,0.0758064516129032,310,0.684414962533003,-0.535913765211411
Kukri_c46169_294,chr1D,19078051,0.372341548571424,0.454838709677419,310,0.865982761147894,-0.136301210513238
Excalibur_c48750_124,chr1D,19528319,0.353532229162212,0.270967741935484,310,0.865982761147894,0.137842405867765
IAAV5327,chr1D,19530369,0.368653335533895,0.351612903225806,310,0.865982761147894,0.133406019126838
wsnp_Ex_rep_c101500_86856679,chr1D,32547194,0.78126455235549,0.203225806451613,310,0.963745869752483,0.0517047006076723
RAC875_c62_1546|RFL_Contig5594_1283,chr1D,33651304,0.236210557548034,0.383870967741935,310,0.824869674283352,-0.206865780760879
RAC875_c62_1514,chr1D,33651336,0.996044026247443,0.469354838709677,310,0.997172688033559,0.000779689476800627
BS00000721_51,chr1D,33651744,0.863481865514153,0.208064516129032,310,0.985369286006082,0.0331644642283209
wsnp_BE405518D_Ta_2_3,chr1D,33651984,0.750646261505459,0.206451612903226,310,0.951676140173662,-0.0612857681042414
RAC875_c62_321,chr1D,33652851,0.279510842275801,0.283870967741935,310,0.840742604906267,0.204272859508421
IACX11290,chr1D,34571815,0.336929645687215,0.125806451612903,310,0.863682114611568,0.186482267181589
BS00002178_51,chr1D,34811486,0.325874971014047,0.303225806451613,310,0.859797242191137,0.156076103901626
BS00012936_51,chr1D,35723926,0.31634465838824,0.288709677419355,310,0.854711026562723,0.165228689227021
D_GDS7LZN02JVIW1_263,chr1D,35740701,0.583728542876708,0.241935483870968,310,0.92350985534583,0.0895773734840191
CAP11_c3218_126,chr1D,36043189,0.69776833147925,0.214516129032258,310,0.943354107384678,0.0724923130666042
BS00105568_51,chr1D,36045951,0.455152553265239,0.314516129032258,310,0.879737993102466,0.10514301112228
wsnp_CAP12_c633_339740,chr1D,37765713,0.563025509947711,0.232258064516129,310,0.92096426159172,0.100055460436273
CAP7_c1609_203,chr1D,39898481,0.455496264751883,0.369354838709677,310,0.879737993102466,-0.0963943590415894
BS00065478_51,chr1D,39912847,0.571139222084752,0.369354838709677,310,0.921204329472612,0.0807389136175516
BS00086679_51,chr1D,40083959,0.333293354777154,0.32741935483871,310,0.863682114611568,0.14985911391507
BS00034563_51,chr1D,40089836,0.349882341317983,0.379032258064516,310,0.865982761147894,0.136172960408445
BobWhite_c555_1485,chr1D,40090195,0.817712796738805,0.306451612903226,310,0.972508997739223,0.0355126998807265
BS00011451_51,chr1D,40092595,0.327443769659439,0.369354838709677,310,0.860834162032087,0.13750532177437
BS00074824_51,chr1D,40195159,0.232157289640903,0.354838709677419,310,0.823905142997663,0.177328634593479
IAAV4760,chr1D,42691775,0.96689789659424,0.0693548387096774,310,0.995634372541971,-0.0117656582260679
IAAV4794,chr1D,44855708,0.373867971588816,0.0661290322580645,310,0.865982761147894,-0.268101522831067
BS00100990_51,chr1D,45136819,0.44287967484259,0.0290322580645161,310,0.8789271838063,0.289467288721696
Kukri_rep_c72587_123,chr1D,45779727,0.400836988028981,0.116129032258065,310,0.865982761147894,0.208336878273158
Kukri_c53398_200,chr1D,48947800,0.692503378570855,0.0725806451612903,310,0.943354107384678,0.11118450800813
BS00077237_51,chr1D,49084981,0.924517485134006,0.0806451612903226,310,0.994532217349929,0.0249321143136498
Kukri_c5113_1082,chr1D,49113902,0.962329769388283,0.303225806451613,310,0.99557183987652,-0.00947682285119811
RAC875_rep_c81479_191,chr1D,49114668,0.361120845100295,0.130645161290323,310,0.865982761147894,0.179917957815533
BS00033405_51,chr1D,50810410,0.659617538199078,0.0806451612903226,310,0.941029833536278,0.119859544812286
Excalibur_c4030_1770,chr1D,51161845,0.418317283223211,0.0903225806451613,310,0.871658772942706,-0.182625795935692
RAC875_c35094_476,chr1D,51565938,0.961069868416973,0.0483870967741935,310,0.99543403135568,-0.0177743907021863
BS00072193_51,chr1D,52050649,0.722921839803353,0.0580645161290323,310,0.948221829235937,-0.106903777194901
Kukri_c20844_116,chr1D,52392217,0.628112229333007,0.0725806451612903,310,0.932111634579771,-0.133420315900153
BS00074817_51,chr1D,53588898,0.365237757154379,0.0741935483870968,310,0.865982761147894,-0.22995080924337
D_contig16934_681,chr1D,53591999,0.985998400364438,0.0661290322580645,310,0.996258731030831,-0.00518745395774545
IACX6432,chr1D,57088704,0.152944472289052,0.0629032258064516,310,0.793606925316825,-0.458721404788363
wsnp_BE445121D_Ta_2_2,chr1D,57314473,0.655586003318297,0.0693548387096774,310,0.939513761446416,-0.121979734274383
Excalibur_c5958_1270,chr1D,58111306,0.462152544870322,0.0725806451612903,310,0.884983015651666,-0.189523345697424
Excalibur_c5958_1398,chr1D,58111434,0.909084736139463,0.082258064516129,310,0.991033811767011,-0.031089589551442
BS00094471_51,chr1D,58809326,0.558513666200907,0.0725806451612903,310,0.92096426159172,-0.167161534802595
BS00024812_51,chr1D,112441745,0.0572488439561853,0.309677419354839,310,0.703739611647022,0.46989264259517
Kukri_c18350_151,chr1D,172527877,0.61069502570866,0.170967741935484,310,0.92350985534583,0.0866791765826065
RAC875_c19509_174,chr1D,193934385,0.658573864693222,0.103225806451613,310,0.941029833536278,0.112853512621435
wsnp_Ex_rep_c70574_69491038,chr1D,216049707,0.936748917000822,0.117741935483871,310,0.994532217349929,0.0173740089107923
Excalibur_c54055_694,chr1D,312106829,0.172807581231856,0.262903225806452,310,0.793606925316825,0.249509440122068
RAC875_rep_c105196_532,chr1D,329638192,0.651645264932935,0.135483870967742,310,0.93919268000923,0.102323399913445
Excalibur_c33661_412,chr1D,341579717,0.305781669850497,0.237096774193548,310,0.849713811241242,0.168429379695198
wsnp_Ku_c53270_57959459,chr1D,355119524,0.232812623547971,0.251612903225806,310,0.823905142997663,0.242504183573004
BS00071465_51,chr1D,358398125,0.592987954698464,0.116129032258065,310,0.92350985534583,-0.127871323017779
BS00038418_51,chr1D,359836800,0.807494402304584,0.312903225806452,310,0.96669553446626,0.0370111545213092
IAAV4656,chr1D,361141537,0.932858512038623,0.0838709677419355,310,0.994532217349929,-0.0235697090317828
D_contig14507_369,chr1D,369511242,0.666338690610492,0.166129032258065,310,0.941029833536278,-0.094846754243207
wsnp_Ex_c26626_35864468,chr1D,411773833,0.138592613016962,0.195161290322581,310,0.785290773027361,0.306901468276322
BobWhite_c3283_54,chr1D,411994616,0.0586886396917369,0.0741935483870968,310,0.703739611647022,0.550897695723293
Kukri_c12758_1488,chr1D,414251873,0.166184032572256,0.175806451612903,310,0.793606925316825,0.306842436165368
BS00040568_51,chr1D,439237091,0.637670445445249,0.017741935483871,310,0.935094267111476,0.231927811155522
CAP11_c1701_324,chr1D,439396010,0.799394270139329,0.00806451612903226,310,0.964599194611458,0.206664771200977
BS00022188_51,chr1D,465703299,0.25054930113596,0.0854838709677419,310,0.83894592148146,0.280219484493436
Kukri_c3365_1192,chr1D,471972623,0.305133723020929,0.156451612903226,310,0.849713811241242,0.213366189272051
Excalibur_c20462_128,chr1D,477183304,0.879879939990215,0.196774193548387,310,0.989654903859141,-0.0248603406792824
RAC875_c68124_105,chr1D,477331667,0.861533389558735,0.0967741935483871,310,0.985369286006082,-0.0430679690893641
D_contig10329_117|Excalibur_c17937_1157,chr1D,478815749,0.0596220410063103,0.367741935483871,310,0.703739611647022,-0.272154859748667
RAC875_c51493_471,chr1D,479894522,0.305941265414258,0.135483870967742,310,0.849713811241242,-0.204022428534174
CAP7_c6937_354,chr1D,480215313,0.176981564126084,0.230645161290323,310,0.797063666079024,0.259126907707639
wsnp_Ku_c23598_33524490,chr2A,4150148,0.977012250911248,0.261290322580645,310,0.996258731030831,-0.00458557462205533
Excalibur_c386_894,chr2A,4275967,0.202891565813551,0.346774193548387,310,0.812671425125922,0.17467813536166
wsnp_Ex_c997_1906900,chr2A,5528827,0.0676979877311117,0.12741935483871,310,0.712688614716031,0.375988522229065
wsnp_Ku_c33374_42877546,chr2A,5531907,0.62246328809423,0.0806451612903226,310,0.928829030352204,0.116456090995314
Kukri_c27040_309,chr2A,30844971,0.383902985886451,0.067741935483871,310,0.865982761147894,-0.23614332358671
BobWhite_c9564_154,chr2A,60480967,0.0578828181338998,0.412903225806452,310,0.703739611647022,-0.467841570878591
BobWhite_c1611_1685,chr2A,62090230,0.383777799666215,0.280645161290323,310,0.865982761147894,0.123650804379409
BS00039209_51,chr2A,73598217,0.627382237825512,0.188709677419355,310,0.932111634579771,0.0909152930652439
Tdurum_contig48302_532,chr2A,76225305,0.708212555258973,0.135483870967742,310,0.943354107384678,-0.101314788353037
Excalibur_c15733_252,chr2A,76226142,0.479417733641872,0.106451612903226,310,0.892111409557269,0.21557766625881
Excalibur_c3108_5476,chr2A,76412639,0.172645039260156,0.235483870967742,310,0.793606925316825,0.212809801931151
wsnp_BE497494A_Td_2_1,chr2A,79772005,0.338417287663472,0.235483870967742,310,0.863682114611568,0.15949823863567
wsnp_Ex_c41913_48628389,chr2A,86161281,0.733419777895367,0.237096774193548,310,0.950796002076229,0.0592038892229283
BS00074780_51,chr2A,88038316,0.508423137015012,0.240322580645161,310,0.905498024777606,-0.11343146293639
Kukri_c29034_492,chr2A,89375701,0.352366237021051,0.114516129032258,310,0.865982761147894,-0.310228107592792
BobWhite_c3644_491,chr2A,89387690,0.953972013707414,0.261290322580645,310,0.994532217349929,0.00893989133219719
Tdurum_contig56511_144,chr2A,90197856,0.661127887556581,0.238709677419355,310,0.941029833536278,0.0700068213377634
Tdurum_contig44062_733,chr2A,91270892,0.930235641424579,0.27741935483871,310,0.994532217349929,-0.013896301309444
Excalibur_c21269_176,chr2A,95428717,0.818404572517388,0.145161290322581,310,0.972508997739223,-0.063969188403135
BobWhite_c5562_219,chr2A,95437852,0.918832486720951,0.132258064516129,310,0.994532217349929,-0.0300776112031684
BobWhite_c26259_248,chr2A,101650624,0.259186605607278,0.270967741935484,310,0.840742604906267,0.185646647129502
Tdurum_contig30569_579,chr2A,102169489,0.900275328492287,0.319354838709677,310,0.990150938867781,-0.0177840123164188
Tdurum_contig28682_120,chr2A,102768046,0.598188112041157,0.298387096774194,310,0.92350985534583,0.0838887495160208
Excalibur_c21872_135,chr2A,102769471,0.671520443506582,0.148387096774194,310,0.941029833536278,-0.0735199029344145
RAC875_rep_c119471_174|Tdurum_contig62073_376,chr2A,103379714,0.860298905670325,0.117741935483871,310,0.985369286006082,0.0453125466842579
TA002645-0060,chr2A,131769179,0.521827835939623,0.0354838709677419,310,0.912940382282489,0.264610062405055
Excalibur_c18417_241,chr2A,195049743,0.336364742588107,0.124193548387097,310,0.863682114611568,0.252947432631188
BS00039797_51,chr2A,210511211,0.139152301691945,0.470967741935484,310,0.785290773027361,0.371976226614834
RAC875_rep_c101788_71,chr2A,377697739,0.0114598130110553,0.259677419354839,310,0.578556845443848,0.507025276077911
IAAV2090,chr2A,421339395,0.483627779991342,0.151612903225806,310,0.893297315944996,0.17105336357973
tplb0047f03_349,chr2A,438830037,0.00105786803114972,0.206451612903226,310,0.198663980522783,0.506958594951485
Kukri_c57491_156,chr2A,508666408,0.437343676072095,0.15,310,0.8789271838063,-0.176410239374263
wsnp_Ex_c31900_40635609,chr2A,510294239,0.373883302222773,0.251612903225806,310,0.865982761147894,0.163032836679577
BobWhite_c2002_100,chr2A,541486812,0.290537773654658,0.17258064516129,310,0.84576646795351,0.195049029942325
wsnp_BE403597A_Ta_2_1,chr2A,573136296,0.372538114033746,0.425806451612903,310,0.865982761147894,0.12710861362811
wsnp_BE406351A_Ta_2_3,chr2A,575052769,0.0929471769110066,0.266129032258065,310,0.735945774332881,0.24573533545837
CAP12_c6044_69,chr2A,575146330,0.997785637520251,0.375806451612903,310,0.997880029090838,-0.000519364718542192
BobWhite_c28819_733,chr2A,580673465,0.357177145618027,0.480645161290323,310,0.865982761147894,0.123094177631671
wsnp_CAP11_c838_518859,chr2A,584175181,0.568717045266407,0.454838709677419,310,0.921204329472612,0.0805677350023757
BS00041816_51,chr2A,617159317,0.797371743420263,0.0580645161290323,310,0.964599194611458,-0.0808280434493653
BS00022241_51,chr2A,670881819,0.0685361862898791,0.120967741935484,310,0.712688614716031,0.383878969936916
BS00081195_51,chr2A,683403062,0.544007793283864,0.0838709677419355,310,0.917308043924273,0.150384216763953
Kukri_c44255_832,chr2A,708770014,0.17944248407461,0.182258064516129,310,0.797063666079024,-0.232256039320113
BS00029332_51,chr2A,712971442,0.163196422669902,0.111290322580645,310,0.793606925316825,-0.31770862164359
BobWhite_c11081_1619,chr2A,716729497,0.705629558049506,0.0483870967741935,310,0.943354107384678,0.111206250746235
RAC875_c83712_84,chr2A,717763964,0.796525340511321,0.219354838709677,310,0.964599194611458,-0.0525452666353061
wsnp_Ex_c59095_60108185,chr2A,723736722,0.690532610303536,0.214516129032258,310,0.943354107384678,0.065724597873384
wsnp_Ex_c59095_60108097,chr2A,723736810,0.788928521208878,0.137096774193548,310,0.964599194611458,0.0531634810991477
wsnp_Ra_c32271_41304469,chr2A,723738030,0.894355857540798,0.253225806451613,310,0.990150938867781,-0.0210553515240051
BobWhite_c16923_64,chr2A,726859048,0.0834271283200618,0.366129032258065,310,0.712688614716031,-0.222441866669691
BS00057059_51,chr2A,736842476,0.545620195812727,0.0129032258064516,310,0.917308043924273,0.337488403557224
BS00024921_51,chr2A,740644564,0.0285799213312239,0.0419354838709677,310,0.613170055432755,0.644082936989957
wsnp_CAP11_c1711_934478,chr2A,741852418,0.632851757813162,0.409677419354839,310,0.932111634579771,-0.0903023174767554
RAC875_c19904_308,chr2A,742458348,0.445069090980661,0.459677419354839,310,0.8789271838063,-0.105630331181956
RAC875_c104160_61,chr2A,742459079,0.534021146454107,0.451612903225806,310,0.916324756756739,-0.0852242098030302
BS00077768_51,chr2A,746382095,0.563553446504331,0.0451612903225806,310,0.92096426159172,0.171766849352117
Excalibur_c22696_316,chr2A,747870924,0.981228203506814,0.125806451612903,310,0.996258731030831,-0.0049953192054204
Excalibur_c99029_69,chr2A,750152199,0.599593613591763,0.406451612903226,310,0.92350985534583,0.0987045677629794
Kukri_c2687_1407,chr2A,750187115,0.752312623072909,0.22258064516129,310,0.951676140173662,-0.0593974512008515
Excalibur_c44834_80,chr2A,766213417,0.172400404698559,0.435483870967742,310,0.793606925316825,-0.185323781282207
RAC875_c27530_860,chr2A,768108224,0.886708375756222,0.119354838709677,310,0.990150938867781,-0.0261869559367938
wsnp_Ex_c10555_17235832,chr2A,768113938,0.345338441655872,0.140322580645161,310,0.865982761147894,0.16465699800348
wsnp_Ex_c3695_6740339,chr2A,768617031,0.370201584064193,0.164516129032258,310,0.865982761147894,-0.186945908049637
Kukri_c89717_64,chr2A,774081045,0.0349852921834761,0.490322580645161,310,0.629771004130725,-0.329566214289997
BobWhite_rep_c63940_205,chr2A,781419567,0.741725600656444,0.285483870967742,310,0.951676140173662,0.0748411758718532
RAC875_c42539_151,chr2A,785365717,0.64778573359381,0.359677419354839,310,0.93919268000923,0.102599123531775
BS00070466_51,chr2A,785417292,0.0734944792356194,0.0774193548387097,310,0.712688614716031,0.469012575033396
BobWhite_c1105_299,chr2A,786338839,0.133336377349037,0.130645161290323,310,0.775017693341279,0.284425412576397
RFL_Contig4560_1503,chr2A,789490031,0.228266742805909,0.101612903225806,310,0.823905142997663,-0.260468923020696
Kukri_c40204_617,chr2B,1142148,0.861224852732,0.27741935483871,310,0.985369286006082,0.0248670328276575
Kukri_c30847_344,chr2B,1143112,0.0396495646412781,0.17741935483871,310,0.648217088385006,-0.35303032868574
Excalibur_c39493_251,chr2B,5488537,0.195376397104037,0.0612903225806452,310,0.812306102783138,-0.409457456401135
Excalibur_c4705_660,chr2B,5522156,0.0454661448859348,0.258064516129032,310,0.662234109450067,0.412784296269962
Excalibur_c17250_751,chr2B,5530076,0.394797710618824,0.0403225806451613,310,0.865982761147894,0.345836053603328
Ra_c1501_1220,chr2B,5612130,0.87697744883003,0.441935483870968,310,0.988389943798538,-0.0209633841945731
Kukri_c3701_1980,chr2B,9354246,0.0988035702460191,0.275806451612903,310,0.736649403479813,0.2813833209824
BobWhite_c12144_216,chr2B,9829982,0.187010545301189,0.308064516129032,310,0.797063666079024,-0.24179568540076
BobWhite_rep_c64787_359,chr2B,10422988,0.571312838574846,0.235483870967742,310,0.921204329472612,0.102841049277629
BobWhite_c7145_355,chr2B,10423162,0.479629790084553,0.2,310,0.892111409557269,0.145468404403957
BS00072058_51,chr2B,12253959,0.18149998409877,0.196774193548387,310,0.797063666079024,0.204713260540586
BobWhite_c26803_89,chr2B,13170105,0.529991131469907,0.493548387096774,310,0.914274055919141,0.0804938831187627
IAAV8700,chr2B,16395651,0.390065595357,0.467741935483871,310,0.865982761147894,0.119920260418127
BS00065556_51,chr2B,16461614,0.602141974187102,0.32258064516129,310,0.92350985534583,-0.0696700796872491
Excalibur_c41459_96,chr2B,17264592,0.906312107498402,0.390322580645161,310,0.990150938867781,0.0150590866550857
Excalibur_c4748_360,chr2B,17271730,0.663563788143723,0.424193548387097,310,0.941029833536278,0.0577762823718189
RAC875_c2300_1021,chr2B,17275697,0.992966528144003,0.482258064516129,310,0.996258731030831,0.00111430442186133
wsnp_Ex_rep_c66551_64836462,chr2B,20125018,0.274511408806762,0.317741935483871,310,0.840742604906267,-0.162112922674808
wsnp_CAP11_c3271_1608092,chr2B,20193729,0.666516815494612,0.275806451612903,310,0.941029833536278,-0.0651301385614786
Excalibur_rep_c108189_683,chr2B,20334636,0.453300515383749,0.245161290322581,310,0.879737993102466,-0.118299185801405
tplb0058j01_762,chr2B,20378527,0.703219773307082,0.312903225806452,310,0.943354107384678,-0.0547288230703131
Kukri_c3067_398,chr2B,20564047,0.861644393688766,0.12741935483871,310,0.985369286006082,0.0319708456100329
BS00011149_51,chr2B,20865880,0.517432709887923,0.343548387096774,310,0.909754824250707,0.0917748155915774
Excalibur_c40567_1893,chr2B,23500473,0.746370033739083,0.245161290322581,310,0.951676140173662,0.0489835703903339
TA001263-0453,chr2B,23500700,0.758365715541423,0.430645161290323,310,0.953759586734302,-0.0527634585636747
BS00067046_51,chr2B,27388075,0.18855269520149,0.0919354838709677,310,0.797063666079024,0.430003190229101
wsnp_Ex_rep_c70756_69644826,chr2B,39254175,0.390436122069036,0.130645161290323,310,0.865982761147894,-0.159437855960888
BS00077914_51,chr2B,39825194,0.715416241885247,0.232258064516129,310,0.946921722405416,0.0538898753971608
Kukri_c25245_998,chr2B,40520522,0.691163604132691,0.241935483870968,310,0.943354107384678,-0.0580823468379208
BS00071995_51,chr2B,40522277,0.162646143008144,0.106451612903226,310,0.793606925316825,0.321923852098358
RAC875_rep_c105164_545,chr2B,40523265,0.547649419093367,0.133870967741935,310,0.917308043924273,0.127454712777634
Kukri_c29807_476,chr2B,40525793,0.812418880465692,0.159677419354839,310,0.971274804995181,-0.0476387869780268
wsnp_JD_c5064_6183978,chr2B,40530774,0.491983920334297,0.179032258064516,310,0.897893156571895,0.119544337646126
BobWhite_rep_c63363_160,chr2B,41124578,0.780676043292483,0.417741935483871,310,0.963745869752483,-0.0583057384201311
BobWhite_c5072_107,chr2B,41735829,0.750538249158352,0.153225806451613,310,0.951676140173662,-0.0604516738771181
JD_c49544_37,chr2B,41908983,0.285780718517955,0.161290322580645,310,0.843697817893676,0.201710335862465
wsnp_CAP11_rep_c8489_3665230,chr2B,41909106,0.630300828706312,0.143548387096774,310,0.932111634579771,0.0905178072835753
RAC875_rep_c79427_59,chr2B,42008046,0.01235918332777,0.182258064516129,310,0.596738290288927,-0.409366169738995
Ex_c67274_1225,chr2B,43375346,0.210035692299043,0.190322580645161,310,0.812671425125922,0.212374221305105
wsnp_Ex_c19260_28187434,chr2B,47995758,0.361009293351241,0.285483870967742,310,0.865982761147894,-0.144237935829835
Kukri_c26288_419,chr2B,55482559,0.167332556567783,0.467741935483871,310,0.793606925316825,-0.21455784236052
wsnp_Ex_c4349_7841003,chr2B,56101655,0.745392805503067,0.317741935483871,310,0.951676140173662,-0.0572327624616804
RAC875_c34516_70,chr2B,64110277,0.00691433849625644,0.238709677419355,310,0.453663207863912,-0.49872677285876
Excalibur_c6502_397,chr2B,64188823,0.000730592261648244,0.140322580645161,310,0.198663980522783,-0.989115664623498
BobWhite_c10578_272,chr2B,65267267,0.0192699836948235,0.183870967741935,310,0.613170055432755,-0.499000606358166
RAC875_c24914_462,chr2B,71254294,0.651266976903517,0.0951612903225806,310,0.93919268000923,-0.0956500259891442
BobWhite_c44986_217,chr2B,71554374,0.58228936520248,0.125806451612903,310,0.92350985534583,-0.18517292061378
wsnp_Ku_c34759_44069854,chr2B,74336879,0.203704769646871,0.419354838709677,310,0.812671425125922,-0.195202784454253
CAP12_rep_c5926_115,chr2B,74424768,0.230883809941854,0.233870967741935,310,0.823905142997663,-0.236269661793131
Kukri_c43403_346,chr2B,75544735,0.224031006577947,0.166129032258065,310,0.823119363372803,-0.295705146781657
Jagger_c8098_88,chr2B,75644344,0.198162939281003,0.275806451612903,310,0.812671425125922,-0.225198531360647
Kukri_c17483_568,chr2B,75650270,0.706395488687392,0.17741935483871,310,0.943354107384678,-0.066674350469853
Excalibur_rep_c101660_546,chr2B,75900831,0.381236598597433,0.153225806451613,310,0.865982761147894,-0.255469028346155
Tdurum_contig29620_207,chr2B,75901178,0.0817109747528452,0.261290322580645,310,0.712688614716031,-0.309528402299932
Kukri_c12616_353,chr2B,75902716,0.347054540930527,0.156451612903226,310,0.865982761147894,-0.256021485693964
Excalibur_c7136_823,chr2B,76309122,0.586496217119989,0.106451612903226,310,0.92350985534583,-0.109020031013472
Kukri_rep_c69288_529,chr2B,86137201,0.00744551954049431,0.217741935483871,310,0.453663207863912,-0.456930157959974
Kukri_c44_1704,chr2B,88113280,0.344456254261147,0.312903225806452,310,0.865982761147894,-0.142215354574304
GENE-1741_103,chr2B,89813541,0.603080756660328,0.385483870967742,310,0.92350985534583,-0.0760004414151183
BS00030497_51,chr2B,90291782,0.172923051240674,0.461290322580645,310,0.793606925316825,0.240277517657006
Tdurum_contig47202_1699,chr2B,90589409,0.027633277425693,0.430645161290323,310,0.613170055432755,0.348206546440821
JD_c11869_1297,chr2B,90589480,0.414812589107752,0.475806451612903,310,0.868874195619717,-0.120432898028071
BS00022966_51,chr2B,91759484,0.053664984563833,0.483870967741935,310,0.693875092609449,-0.344110416120969
Tdurum_contig45350_605,chr2B,92995167,0.600275454712464,0.5,310,0.92350985534583,0.0928196299335013
BS00023221_51,chr2B,93003967,0.111331185382019,0.369354838709677,310,0.754247672962999,-0.301363961744144
Kukri_c36879_83,chr2B,94574870,0.205376937461079,0.211290322580645,310,0.812671425125922,0.244213164540668
BobWhite_c30112_275,chr2B,96247720,0.164189370802817,0.485483870967742,310,0.793606925316825,-0.231832965319072
CAP7_c1018_75,chr2B,96247811,0.706496933867998,0.351612903225806,310,0.943354107384678,-0.0573786093617059
RAC875_c26415_350,chr2B,97148945,0.0960523873128483,0.170967741935484,310,0.735945774332881,-0.280687002885806
RAC875_c76533_442,chr2B,97203902,0.0245691810565834,0.282258064516129,310,0.613170055432755,-0.455410463483389
Tdurum_contig36804_98,chr2B,100395373,0.0239212458666319,0.287096774193548,310,0.613170055432755,-0.417971345762822
Kukri_c5904_80,chr2B,101304536,0.156268750602461,0.185483870967742,310,0.793606925316825,-0.388190908272549
RAC875_c3302_1411,chr2B,101861071,0.0442794586972055,0.458064516129032,310,0.655340253035044,-0.439388775181641
Excalibur_c25430_183,chr2B,103035608,0.0477569604466709,0.225806451612903,310,0.675092392874139,-0.532743737649241
Tdurum_contig81323_291,chr2B,103720137,0.349413508120666,0.464516129032258,310,0.865982761147894,-0.174269904882436
Kukri_c49522_254,chr2B,103727547,0.928339711733113,0.219354838709677,310,0.994532217349929,-0.0146564662371844
RFL_Contig2231_1297,chr2B,104067472,0.209120161366343,0.448387096774194,310,0.812671425125922,-0.250146962908985
BS00103461_51,chr2B,104068633,0.423700296545229,0.27741935483871,310,0.872618358536817,-0.235561044893672
Excalibur_c27716_544,chr2B,104307842,0.0814033311716256,0.385483870967742,310,0.712688614716031,-0.32451572999976
Tdurum_contig7800_228,chr2B,104848870,0.443261887957447,0.456451612903226,310,0.8789271838063,-0.171314791670198
BS00071690_51,chr2B,104849132,0.187572364681346,0.459677419354839,310,0.797063666079024,-0.286299483785513
Kukri_c4790_154,chr2B,105438546,0.0175761663186905,0.25,310,0.613170055432755,-0.674975376560695
RAC875_c35438_474,chr2B,106532905,0.441256759896053,0.0903225806451613,310,0.8789271838063,0.19784335954644
Excalibur_c2496_1141,chr2B,107864011,0.598913107944946,0.0629032258064516,310,0.92350985534583,0.140703418052325
wsnp_JG_c609_370792,chr2B,108526605,0.817981365396358,0.32741935483871,310,0.972508997739223,0.0454801136158238
GENE-1365_16,chr2B,114257203,0.676333377969573,0.170967741935484,310,0.941029833536278,-0.0832528350931341
wsnp_Ra_c11493_18637928,chr2B,114836612,0.949711220643248,0.258064516129032,310,0.994532217349929,0.0150490483966621
BobWhite_c38833_197,chr2B,116746451,0.712473156646299,0.212903225806452,310,0.945150201046554,0.0569633413746686
Ku_c4042_576,chr2B,117211953,0.519596506805802,0.464516129032258,310,0.910840305085171,-0.132010187087786
TA001821-0411,chr2B,117569460,0.575644364392153,0.067741935483871,310,0.921343833225484,0.146579085393014
wsnp_Ex_c269_517710,chr2B,117634038,0.229036717197099,0.198387096774194,310,0.823905142997663,-0.197861108421861
wsnp_Ex_c269_518324,chr2B,117634838,0.15452024858794,0.309677419354839,310,0.793606925316825,0.315207963250572
Tdurum_contig77602_931,chr2B,119853739,0.216788427439293,0.0451612903225806,310,0.823119363372803,0.493218768982828
GENE-1430_599,chr2B,120623845,0.438452560057117,0.0709677419354839,310,0.8789271838063,0.208124151205169
BS00070001_51,chr2B,121257360,0.00399686087364932,0.0290322580645161,310,0.360314320117024,1.43350877124466
IAAV980,chr2B,121941872,0.357518011549423,0.490322580645161,310,0.865982761147894,-0.185809769823891
BS00022969_51,chr2B,122306623,0.805255919963513,0.491935483870968,310,0.964669295305442,-0.0481348041863896
BS00083078_51,chr2B,130369869,0.748955945174501,0.0435483870967742,310,0.951676140173662,-0.0999768933689751
BS00063577_51,chr2B,131791843,0.14610119864842,0.135483870967742,310,0.793606925316825,0.362446595030377
RAC875_c79857_301,chr2B,134309712,0.343157319281064,0.474193548387097,310,0.865982761147894,-0.174668116575333
Ra_c106376_879,chr2B,134399177,0.1313059678017,0.308064516129032,310,0.774454923122062,-0.33753854731188
BobWhite_c45336_321,chr2B,135559232,0.952341902060183,0.482258064516129,310,0.994532217349929,0.00998619073592977
wsnp_BE499478B_Ta_2_1,chr2B,139021946,0.0194166076702109,0.482258064516129,310,0.613170055432755,-0.370694773229019
wsnp_Ex_rep_c67257_65786614,chr2B,139023769,0.227741608195801,0.498387096774194,310,0.823905142997663,-0.211985446908812
BobWhite_c22301_230,chr2B,139680274,0.926775459497792,0.241935483870968,310,0.994532217349929,0.0145149457290543
RFL_Contig1385_1575,chr2B,140478883,0.993439662748344,0.496774193548387,310,0.996258731030831,0.00152200610887121
GENE-4359_102,chr2B,143360251,0.294029681976282,0.479032258064516,310,0.848699092855092,-0.200499353438943
GENE-1196_146,chr2B,145564854,0.413934936015751,0.320967741935484,310,0.868673434607876,-0.120482189843671
wsnp_CAP12_rep_c4678_2134259,chr2B,145770594,0.293591553839816,0.490322580645161,310,0.848699092855092,-0.177946352990546
Kukri_c9387_112,chr2B,145839476,0.406043652407473,0.437096774193548,310,0.867410522191443,-0.155158327770664
Ra_c2110_1660,chr2B,145846258,0.0754590653204324,0.467741935483871,310,0.712688614716031,0.315043643250192
BS00022940_51,chr2B,146345398,0.558644937478375,0.374193548387097,310,0.92096426159172,-0.105850476819754
RFL_Contig1139_817,chr2B,147365292,0.694258532428745,0.433870967741936,310,0.943354107384678,0.0826853907940688
RFL_Contig1139_602,chr2B,147365507,0.842911352656216,0.156451612903226,310,0.983503371812235,-0.0414184587884705
Ku_c103035_323,chr2B,148428948,0.476450596677238,0.485483870967742,310,0.892111409557269,-0.142602020483224
Tdurum_contig10994_617,chr2B,149111982,0.154822154919273,0.366129032258065,310,0.793606925316825,-0.297853953201951
D_GA8KES402HPK9H_258,chr2B,150319045,0.477884673596417,0.429032258064516,310,0.892111409557269,-0.14919698556136
tplb0031k24_254,chr2B,150803012,0.280440619625071,0.451612903225806,310,0.840742604906267,-0.180271593910618
BS00087793_51,chr2B,150806434,0.706007038221744,0.482258064516129,310,0.943354107384678,0.0657034867857647
IAAV4434,chr2B,152310781,0.649119207839812,0.45,310,0.93919268000923,-0.0619957733243695
Kukri_c6973_344,chr2B,152586653,0.29663906070527,0.348387096774194,310,0.848699092855092,-0.146529703112648
RAC875_c1226_652,chr2B,156005735,0.473188510797142,0.032258064516129,310,0.892111409557269,0.26989372643623
Excalibur_c45094_602,chr2B,156953869,0.496653157219714,0.474193548387097,310,0.900088337238189,-0.127114060564082
BS00073426_51,chr2B,158161365,0.24165045330197,0.462903225806452,310,0.829406872253407,0.214850195858332
RAC875_c32503_134,chr2B,165555012,0.890683245337647,0.454838709677419,310,0.990150938867781,-0.0269141283525016
RAC875_c32503_241,chr2B,165555119,0.700082062284371,0.32258064516129,310,0.943354107384678,0.0832266063055727
BS00031814_51|IAAV4497,chr2B,165951394,0.400044682467296,0.412903225806452,310,0.865982761147894,-0.144028445169539
Kukri_c42244_809,chr2B,173299340,0.300971893498832,0.469354838709677,310,0.849713811241242,-0.198057579536822
IAAV5331,chr2B,179447301,0.617720031204853,0.12258064516129,310,0.928033191234313,-0.126542659176977
BS00091007_51,chr2B,181704087,0.305598122835511,0.461290322580645,310,0.849713811241242,-0.182972382915096
wsnp_BE445278B_Ta_2_3,chr2B,204725257,0.791591892869825,0.270967741935484,310,0.964599194611458,-0.0641976703820433
wsnp_Ex_c4218_7618252,chr2B,376283799,0.250303458209842,0.47741935483871,310,0.83894592148146,-0.216142918112183
Kukri_c91621_319,chr2B,381759921,0.0136400102950058,0.458064516129032,310,0.596738290288927,-0.465220193703544
RAC875_c19043_841,chr2B,383351493,0.362831434332122,0.351612903225806,310,0.865982761147894,0.266972612457153
BobWhite_c10453_396,chr2B,383352782,0.196375947590012,0.262903225806452,310,0.812671425125922,-0.392997203376638
wsnp_Ku_c691_1430065,chr2B,383689469,0.683496567410066,0.441935483870968,310,0.942298613525216,-0.0747014653885856
wsnp_Ex_c2497_4666526,chr2B,383689722,0.0745365807417254,0.416129032258065,310,0.712688614716031,0.234340184651131
wsnp_Ex_c2905_5358140,chr2B,384571875,0.952002582668096,0.462903225806452,310,0.994532217349929,-0.0145219232142608
BobWhite_c13455_112,chr2B,386103109,0.638775583803371,0.429032258064516,310,0.9354181777128,-0.0905879483911178
wsnp_Ex_c22693_31898036,chr2B,388001195,0.297350891583575,0.246774193548387,310,0.848699092855092,0.304036028888675
wsnp_Ex_c1541_2943791,chr2B,388494507,0.88926172146968,0.470967741935484,310,0.990150938867781,0.0291119059361051
wsnp_Ku_c22272_32093892,chr2B,388546256,0.856950210319482,0.22258064516129,310,0.985369286006082,0.0291532572969473
wsnp_Ku_c33652_43115283,chr2B,390116195,0.454969234032664,0.398387096774194,310,0.879737993102466,-0.134389779622282
wsnp_Ex_c14735_22823373,chr2B,392576076,0.381215970165737,0.393548387096774,310,0.865982761147894,-0.190136244838698
wsnp_Ku_c13756_21844262,chr2B,392576672,0.948726782001548,0.330645161290323,310,0.994532217349929,0.00963954732760897
Kukri_c5609_565,chr2B,397116183,0.579810956086025,0.414516129032258,310,0.92350985534583,0.11028145671898
RAC875_c20366_376,chr2B,398588258,0.0338070421918636,0.17741935483871,310,0.629406327683974,-0.621331768722712
wsnp_Ex_c482_957514,chr2B,404997987,0.035590763276105,0.141935483870968,310,0.629771004130725,-0.379509391883538
Kukri_c34231_167,chr2B,405478335,0.66672467763108,0.491935483870968,310,0.941029833536278,-0.0761269477859514
RFL_Contig3353_125,chr2B,410485927,0.957167469066825,0.266129032258065,310,0.994891128141811,-0.0154212587348184
Excalibur_c60716_53,chr2B,415561118,0.570917796607395,0.47741935483871,310,0.921204329472612,-0.0949608636441042
Kukri_c57399_314,chr2B,422191032,0.747307741659467,0.408064516129032,310,0.951676140173662,-0.0442900622573461
Excalibur_rep_c111672_114|wsnp_Ex_rep_c103248_88252209,chr2B,423208491,0.572429175869229,0.417741935483871,310,0.921204329472612,-0.108514253095791
wsnp_Ex_rep_c103248_88252281,chr2B,423208563,0.19972486339539,0.212903225806452,310,0.812671425125922,0.293749356191711
wsnp_Ex_c20529_29609310,chr2B,423209932,0.8436843995654,0.241935483870968,310,0.983503371812235,0.0541585742347479
wsnp_Ex_rep_c69928_68889412,chr2B,423394311,0.201012631494574,0.404838709677419,310,0.812671425125922,-0.258588243244731
Excalibur_rep_c106537_63|wsnp_JD_c21530_18862386,chr2B,423864478,0.94400411578613,0.453225806451613,310,0.994532217349929,0.0141034392742085
wsnp_Ex_c52405_56014689,chr2B,423865562,0.627879600324674,0.440322580645161,310,0.932111634579771,-0.0797872328327855
wsnp_Ex_c19819_28827344,chr2B,429087875,0.12596759020391,0.424193548387097,310,0.7673338661121,-0.307736343282556
wsnp_Ku_rep_c83117_78896856,chr2B,429089569,0.32308077857299,0.241935483870968,310,0.859797242191137,-0.159299252723635
Kukri_rep_c107732_99,chr2B,429405787,0.14646872516653,0.395161290322581,310,0.793606925316825,0.211633790564903
Excalibur_c33079_199,chr2B,430124549,0.829732140331725,0.330645161290323,310,0.979383227766304,-0.0508562045951351
wsnp_Ex_c51661_55531646,chr2B,431942675,0.0722194812769535,0.320967741935484,310,0.712688614716031,-0.347436542409639
BobWhite_c1654_440,chr2B,434396917,0.662116242114136,0.130645161290323,310,0.941029833536278,0.0908051212280014
IAAV8980,chr2B,435023442,0.111228923903697,0.433870967741936,310,0.754247672962999,-0.32371985534661
Kukri_rep_c70962_1545,chr2B,436619955,0.596243985936709,0.467741935483871,310,0.92350985534583,0.111189085539479
Excalibur_rep_c107546_206|wsnp_Ex_c45595_51343969,chr2B,436685441,0.220833428427027,0.301612903225806,310,0.823119363372803,-0.292412984303724
Ku_c14053_772,chr2B,436686599,0.672306922930943,0.456451612903226,310,0.941029833536278,-0.0820430842305484
wsnp_Ex_c18750_27627600,chr2B,436687010,0.678126286221938,0.354838709677419,310,0.941029833536278,-0.0733959190696538
RAC875_c60230_122,chr2B,440484529,0.530211384247317,0.232258064516129,310,0.914274055919141,-0.207530314837243
tplb0034a02_1566,chr2B,440751028,0.761751815243228,0.456451612903226,310,0.956557069436172,0.0640979557545336
wsnp_Ex_rep_c66524_64799410,chr2B,441508567,0.926621935484649,0.382258064516129,310,0.994532217349929,0.0203926729987245
wsnp_Ex_rep_c108679_91802578,chr2B,441515403,0.930875511686917,0.498387096774194,310,0.994532217349929,0.0185704267630626
Excalibur_c11125_1525,chr2B,441986391,0.697363616863725,0.340322580645161,310,0.943354107384678,0.0639205036243453
Kukri_c47082_109,chr2B,442200428,0.514938200068422,0.45,310,0.907201378149227,-0.0880214239927426
IAAV3255,chr2B,442208134,0.228620952899468,0.343548387096774,310,0.823905142997663,-0.205762158371684
wsnp_Ex_c28243_37383894,chr2B,442410942,0.223138238527373,0.498387096774194,310,0.823119363372803,-0.258182395545333
tplb0038i24_1548,chr2B,442414343,0.894694765097181,0.162903225806452,310,0.990150938867781,0.0232790185156091
CAP12_c6259_207,chr2B,442416751,0.584418527184223,0.17258064516129,310,0.92350985534583,0.107824268253069
Kukri_rep_c91092_72,chr2B,442418021,0.599291905749492,0.490322580645161,310,0.92350985534583,0.104345397070404
wsnp_CAP11_c1956_1045077,chr2B,444843952,0.430599909475674,0.462903225806452,310,0.876578387146907,0.166059494099358
BobWhite_rep_c50998_607,chr2B,445754012,0.673376885070817,0.119354838709677,310,0.941029833536278,-0.08059994604168
wsnp_Ex_c29434_38471452,chr2B,446031062,0.482842423183072,0.4,310,0.893297315944996,-0.117103133260926
wsnp_Ex_rep_c104478_89183627,chr2B,446614453,0.733553584233082,0.432258064516129,310,0.950796002076229,0.0511719945518223
CAP8_c3701_331,chr2B,446884124,0.706726682361982,0.454838709677419,310,0.943354107384678,0.0657117421188502
RAC875_c3039_101,chr2B,448972010,0.301254197279363,0.470967741935484,310,0.849713811241242,0.204366923197313
Kukri_c20819_497|wsnp_Ex_c25438_34703568,chr2B,448974935,0.365774910673762,0.458064516129032,310,0.865982761147894,0.190942510098807
BS00066545_51,chr2B,451671316,0.75229820826627,0.487096774193548,310,0.951676140173662,-0.0521124451413755
wsnp_CAP8_c775_527730,chr2B,451899721,0.63227904728307,0.22741935483871,310,0.932111634579771,-0.0857454298085116
wsnp_CAP8_c775_527759,chr2B,451899750,0.550108490870714,0.469354838709677,310,0.917308043924273,-0.118810069940309
wsnp_CAP11_c5255_2442548,chr2B,451899991,0.416733336660652,0.440322580645161,310,0.87144119038979,-0.154085534106855
wsnp_JD_c352_546108,chr2B,452059695,0.947823309147907,0.469354838709677,310,0.994532217349929,0.0142649412458411
Kukri_c8595_834,chr2B,452541234,0.611970430656296,0.161290322580645,310,0.92350985534583,-0.0905819347225219
Kukri_c8595_953|wsnp_Ex_c12634_20096724,chr2B,452541446,0.90507358340184,0.0967741935483871,310,0.990150938867781,-0.0307392081147526
BobWhite_c7326_70,chr2B,454778400,0.490034797122481,0.0709677419354839,310,0.897296877218056,0.17841730334392
BobWhite_c31986_324,chr2B,456394185,0.55411232060464,0.330645161290323,310,0.92096426159172,0.142584783481141
wsnp_JD_c9810_10594505,chr2B,456987855,0.956259330660741,0.190322580645161,310,0.994532217349929,-0.00952152825051655
BobWhite_c27816_523,chr2B,458224557,0.655142180048381,0.453225806451613,310,0.939513761446416,-0.0952332136847929
Excalibur_c22285_762,chr2B,492493648,0.772523579278859,0.262903225806452,310,0.96130222858151,-0.0498965176688984
Ku_c6050_678,chr2B,527641078,0.487932523712902,0.129032258064516,310,0.896700955125381,-0.192294505656918
Tdurum_contig64416_441,chr2B,528569946,0.447515034578846,0.361290322580645,310,0.8789271838063,0.142866615223141
wsnp_Ex_c29445_38480890,chr2B,530602951,0.73320112688297,0.132258064516129,310,0.950796002076229,0.0747464598410232
Kukri_c25281_99,chr2B,539255935,0.985613059501535,0.204838709677419,310,0.996258731030831,0.00369730300121773
wsnp_Ku_c4004_7311479,chr2B,541691751,0.894233418855211,0.209677419354839,310,0.990150938867781,-0.02755131648928
Excalibur_c84741_99,chr2B,544851508,0.572384706790797,0.133870967741935,310,0.921204329472612,0.128019605348811
Ex_c55735_1012,chr2B,602264831,0.86099830277783,0.0483870967741935,310,0.985369286006082,0.0544208460621789
Kukri_rep_c112675_676|wsnp_Ex_c55735_58127324,chr2B,602265433,0.60385412061488,0.37741935483871,310,0.92350985534583,0.0698390238112978
wsnp_Ex_rep_c67561_66188180,chr2B,645740965,0.409823246544502,0.488709677419355,310,0.868324098776036,-0.11136781375032
Tdurum_contig12459_491,chr2B,649815840,0.195337823179202,0.325806451612903,310,0.812306102783138,-0.282482812128535
BS00057475_51,chr2B,650488808,0.947772882143992,0.317741935483871,310,0.994532217349929,0.0106851954891454
Tdurum_contig22828_244,chr2B,651771674,0.646130296258423,0.438709677419355,310,0.93919268000923,-0.0610933537655285
BS00079013_51,chr2B,658079744,0.0603553249403187,0.151612903225806,310,0.703739611647022,0.363683698557587
wsnp_Ex_c9628_15927045,chr2B,658140718,0.710500854279361,0.414516129032258,310,0.943354107384678,0.0689131214189445
RAC875_c3947_441,chr2B,658444286,0.0247715811531769,0.258064516129032,310,0.613170055432755,0.418569726650503
BobWhite_c12134_1140,chr2B,658449223,0.118280942073303,0.217741935483871,310,0.765245031429273,0.265833826569946
BobWhite_c5543_492,chr2B,662694186,0.1991300084554,0.182258064516129,310,0.812671425125922,0.270659150922498
BobWhite_c22106_204,chr2B,662948543,0.112637935648666,0.179032258064516,310,0.754247672962999,0.323431972724293
wsnp_Ex_c58274_59638635,chr2B,663428891,0.00933457034524136,0.148387096774194,310,0.499823812122469,0.480473123113853
Tdurum_contig76090_916,chr2B,664249819,0.677469573322491,0.217741935483871,310,0.941029833536278,-0.0622310101794525
wsnp_Ex_c18503_27349536,chr2B,665036395,0.0875681353886148,0.164516129032258,310,0.723050912297581,0.343212984472387
Tdurum_contig5691_596,chr2B,666308911,0.107856007753718,0.187096774193548,310,0.747378689022826,0.298536081489438
Tdurum_contig5691_526,chr2B,666308981,0.287574116677275,0.17741935483871,310,0.843697817893676,0.219994172348322
BS00094373_51,chr2B,668476964,0.329487984636881,0.0806451612903226,310,0.863682114611568,0.350527120117476
tplb0049b10_696,chr2B,669500070,0.0995619945247194,0.196774193548387,310,0.73793870416526,0.330548192762691
Tdurum_contig62800_207,chr2B,670067447,0.31738756949807,0.17258064516129,310,0.854914383083979,0.206300442306997
Tdurum_contig18858_324,chr2B,673052911,0.842307029377798,0.132258064516129,310,0.983503371812235,-0.0474461113163329
JD_c8871_331,chr2B,685899987,0.266314814652715,0.161290322580645,310,0.840742604906267,0.238918757306479
wsnp_Ra_c10658_17500498,chr2B,685900594,0.682282547416694,0.0758064516129032,310,0.942298613525216,0.133316712656523
IAAV2633,chr2B,691726284,0.609976375915479,0.164516129032258,310,0.92350985534583,0.106942638986141
wsnp_Ex_c5123_9088111,chr2B,692712833,0.157187980092798,0.188709677419355,310,0.793606925316825,0.28955904888025
wsnp_Ku_c9901_16493072,chr2B,692715018,0.338687957310638,0.180645161290323,310,0.863682114611568,0.205783495916663
BS00046165_51,chr2B,693549242,0.609196673494718,0.120967741935484,310,0.92350985534583,0.138214169234715
Excalibur_c36280_764,chr2B,693550500,0.411969388421353,0.212903225806452,310,0.868324098776036,0.157716027700971
BobWhite_c38001_528,chr2B,708723812,0.914931002020692,0.0854838709677419,310,0.992081934566427,0.0299652060895568
BS00025649_51,chr2B,711741987,0.183871406416764,0.195161290322581,310,0.797063666079024,0.25112141683536
Excalibur_c2484_2113,chr2B,712442143,0.0978762065468177,0.135483870967742,310,0.735945774332881,0.310314859470743
Tdurum_contig56876_365,chr2B,721733507,0.00641033539759006,0.451612903225806,310,0.453663207863912,-0.683801331732127
BS00081109_51,chr2B,728733841,0.00450346762190064,0.153225806451613,310,0.360314320117024,0.568439592521074
Kukri_c64884_106,chr2B,729793265,0.472389483986146,0.435483870967742,310,0.892111409557269,-0.229179797241841
Kukri_c38497_174,chr2B,731053947,0.179298926316722,0.161290322580645,310,0.797063666079024,0.254004400976036
RAC875_c54085_51,chr2B,732976868,0.069643739638502,0.167741935483871,310,0.712688614716031,0.346112387389077
BS00035380_51,chr2B,734577169,0.0305155657333903,0.174193548387097,310,0.613170055432755,0.461559037226095
Excalibur_rep_c111396_152,chr2B,734577832,0.0427665449467743,0.204838709677419,310,0.648217088385006,0.406060799456199
BS00012382_51,chr2B,734578554,0.0958741947774116,0.145161290322581,310,0.735945774332881,0.337758421461793
BobWhite_c15453_1010,chr2B,735073178,0.0804029841533323,0.162903225806452,310,0.712688614716031,0.387891855460651
BS00030364_51,chr2B,744255572,0.167252310205954,0.240322580645161,310,0.793606925316825,0.252081012084261
CAP11_c2941_210,chr2B,745906250,0.110400124623775,0.241935483870968,310,0.754247672962999,0.313968443234813
RFL_Contig3713_280,chr2B,760066263,0.339633649939345,0.0741935483870968,310,0.863682114611568,-0.23674468112214
BobWhite_c33464_133,chr2B,760220092,0.585753294552884,0.241935483870968,310,0.92350985534583,-0.0779079003023213
RFL_Contig2751_1562,chr2B,768826241,0.966517272740089,0.291935483870968,310,0.995634372541971,-0.00687558983446479
Tdurum_contig14482_423,chr2B,771094080,0.653652526606578,0.237096774193548,310,0.93919268000923,0.0884833924298647
BS00072349_51,chr2B,771280632,0.670709084776027,0.0693548387096774,310,0.941029833536278,0.101904076129678
BobWhite_c24069_257,chr2B,773226077,0.77903174188724,0.0967741935483871,310,0.963745869752483,-0.0691769703308083
Excalibur_c910_946,chr2B,773622725,0.395340184360946,0.0838709677419355,310,0.865982761147894,0.240041946126219
Ra_c12604_447,chr2B,774176278,0.620128843964946,0.146774193548387,310,0.928537345700825,-0.109987507115079
RAC875_c21269_1225,chr2B,774200442,0.209776238203649,0.0967741935483871,310,0.812671425125922,0.377898019503476
BobWhite_c12911_649,chr2B,775075291,0.339345044142889,0.0887096774193548,310,0.863682114611568,-0.261083424907817
BobWhite_c39769_102,chr2B,775267851,0.458805754035416,0.161290322580645,310,0.88216514404851,0.14737312578972
BS00039187_51,chr2B,775944587,0.836535859769494,0.237096774193548,310,0.983503371812235,-0.0397527399892112
RAC875_c7735_338,chr2B,776412867,0.105568655177352,0.317741935483871,310,0.744814967788403,-0.236947263793809
Kukri_c94792_127,chr2B,780018349,0.622898925278643,0.0580645161290323,310,0.928829030352204,0.174611611752709
RAC875_c12741_101,chr2B,780403527,0.0738846473601721,0.398387096774194,310,0.712688614716031,-0.429693739240946
RAC875_c35873_1894,chr2B,791032693,0.21199491345441,0.488709677419355,310,0.812671425125922,0.175040098824127
BS00012463_51,chr2B,791033894,0.0157617179509499,0.333870967741935,310,0.613170055432755,-0.343928598357422
RFL_Contig2324_729,chr2B,791203465,0.446172511262604,0.138709677419355,310,0.8789271838063,0.138134438270654
BS00065264_51,chr2B,796608972,0.256261587117308,0.0451612903225806,310,0.840742604906267,0.343115212016301
BS00071755_51,chr2D,16051460,0.397844303902331,0.0516129032258065,310,0.865982761147894,0.243662978337284
RAC875_c52926_871,chr2D,16510981,0.901348619139966,0.382258064516129,310,0.990150938867781,-0.0162510730899612
BS00047901_51,chr2D,16868665,0.438462118614564,0.188709677419355,310,0.8789271838063,-0.148947604581863
wsnp_JD_c69_109951,chr2D,17292338,0.0848518304193702,0.187096774193548,310,0.712688614716031,-0.336239292942089
RAC875_c16897_367,chr2D,18953272,0.408498530895544,0.12258064516129,310,0.868324098776036,0.23208470547732
Kukri_rep_c113120_104,chr2D,22008879,0.469715296655226,0.224193548387097,310,0.891873772570804,-0.168201838358968
Ex_c14755_1390,chr2D,22009818,0.89097825273119,0.167741935483871,310,0.990150938867781,-0.0351719364178962
BS00022276_51,chr2D,31231724,0.0153280228735384,0.0741935483870968,310,0.613170055432755,0.63434969578789
D_contig05584_210,chr2D,33724378,0.5295161756724,0.437096774193548,310,0.914274055919141,-0.176196825660043
CAP12_c812_220,chr2D,34725223,0.605343310394069,0.180645161290323,310,0.92350985534583,0.1181055876893
RAC875_c7319_195,chr2D,36096235,0.232668855512003,0.0435483870967742,310,0.823905142997663,0.396501635155317
wsnp_CAP12_c1503_764765,chr2D,37575041,0.866530072403381,0.246774193548387,310,0.985369286006082,0.0275637790250585
Excalibur_c39215_100,chr2D,56989437,0.861940273020718,0.267741935483871,310,0.985369286006082,0.0358310812609801
D_GBUVHFX02GV41H_67,chr2D,58984014,0.882750624333126,0.47741935483871,310,0.990150938867781,-0.0317129590334275
Excalibur_c59090_145,chr2D,61033250,0.279493159905726,0.0919354838709677,310,0.840742604906267,-0.262729692596793
Kukri_c20972_618,chr2D,61724514,0.181578627115363,0.283870967741935,310,0.797063666079024,0.227803438232399
Excalibur_c15048_488,chr2D,63306587,0.279905520600952,0.180645161290323,310,0.840742604906267,-0.208583072686523
wsnp_Ku_c3107_5818628,chr2D,63474471,0.301956640052092,0.0580645161290323,310,0.849713811241242,0.30704080665236
wsnp_Ex_c1944_3663988,chr2D,63475865,0.364213334315696,0.124193548387097,310,0.865982761147894,-0.242459180786085
wsnp_Ex_c1944_3664205,chr2D,63476082,0.0852261040673735,0.0532258064516129,310,0.712688614716031,0.545887408264704
Excalibur_c1944_1017,chr2D,63476218,0.605991564763811,0.141935483870968,310,0.92350985534583,0.0920705814553315
RAC875_c65419_229,chr2D,63476391,0.763969569679046,0.0790322580645161,310,0.957400162853102,0.0726851012476146
Kukri_c16477_181,chr2D,64355476,0.130777654197329,0.483870967741935,310,0.774454923122062,-0.234425245070369
Kukri_c16477_157,chr2D,64355500,0.733397896302166,0.483870967741935,310,0.950796002076229,-0.0523122431446268
BobWhite_c16655_421,chr2D,65241964,0.357768433660848,0.256451612903226,310,0.865982761147894,-0.139669465389069
wsnp_Ex_c6400_11123059,chr2D,65601481,0.372234453629627,0.288709677419355,310,0.865982761147894,-0.13197555585775
BS00073229_51,chr2D,67632176,0.460717694715282,0.124193548387097,310,0.884521518100776,-0.208387530722646
Excalibur_c2496_1752,chr2D,74452313,0.884439255553751,0.190322580645161,310,0.990150938867781,-0.0314643735204356
RAC875_rep_c72220_143,chr2D,81281046,0.9864364139649,0.264516129032258,310,0.996258731030831,-0.00357822794202889
D_contig77859_59,chr2D,81410710,0.559235972316855,0.306451612903226,310,0.92096426159172,-0.113523430319219
Kukri_c26576_329,chr2D,82724851,0.589014849554411,0.238709677419355,310,0.92350985534583,0.101433965578536
Kukri_c43943_587,chr2D,95579933,0.953983609471795,0.4,310,0.994532217349929,-0.00793408516976513
Excalibur_c62824_402,chr2D,100497677,0.238455344544063,0.108064516129032,310,0.82780077369226,-0.359318657921989
Excalibur_c65531_147,chr2D,240687708,0.260382725222814,0.438709677419355,310,0.840742604906267,-0.183347326601819
Excalibur_c31302_230,chr2D,272501525,0.101894133479004,0.287096774193548,310,0.743995594452068,-0.227486391920451
wsnp_Ex_c25311_34578436,chr2D,323580280,0.152655479989089,0.25,310,0.793606925316825,-0.217003170359071
BS00027456_51,chr2D,355048394,0.107064517158039,0.174193548387097,310,0.744814967788403,-0.305100558740556
BS00000905_51,chr2D,372826720,0.710289202809642,0.188709677419355,310,0.943354107384678,-0.0641248771717855
wsnp_Ku_c8712_14751858,chr2D,476510310,0.292947286201832,0.162903225806452,310,0.848699092855092,-0.229578359862458
wsnp_Ex_c8303_14001708,chr2D,484597631,0.503143008465631,0.390322580645161,310,0.90354734811181,0.1496067021057
wsnp_Ex_rep_c66522_64795143,chr2D,555317716,0.372022951214181,0.0612903225806452,310,0.865982761147894,-0.242452087371298
RAC875_rep_c85788_126,chr2D,575297699,0.801256697359738,0.270967741935484,310,0.964599194611458,-0.0566595632949998
RAC875_c76186_510,chr2D,580358189,0.719857232507501,0.0580645161290323,310,0.948221829235937,0.0975135045234836
RFL_Contig3172_1512,chr2D,580435936,0.542231643663522,0.0951612903225806,310,0.917308043924273,0.207839035077839
Excalibur_c62255_986,chr2D,582833850,0.358268186714108,0.317741935483871,310,0.865982761147894,-0.193925315941271
Excalibur_c21486_352,chr2D,583255270,0.582319663450303,0.112903225806452,310,0.92350985534583,-0.137150651413677
wsnp_RFL_Contig2659_2346243,chr2D,598730639,0.666287637017436,0.0870967741935484,310,0.941029833536278,-0.10195227459716
BobWhite_c6365_965,chr2D,605118755,0.379397919423298,0.141935483870968,310,0.865982761147894,-0.220624876201114
RFL_Contig5204_503,chr2D,610136629,0.0045488821791143,0.0725806451612903,310,0.360314320117024,0.784036160794187
Kukri_c31121_1460,chr2D,610846860,0.251909240868322,0.164516129032258,310,0.83894592148146,0.206179046474389
Excalibur_c44325_339,chr2D,611561802,0.519152883568749,0.0887096774193548,310,0.910840305085171,-0.172347360383291
RAC875_c79540_228,chr2D,611843724,0.501535871101582,0.119354838709677,310,0.90354734811181,-0.151474707620686
Kukri_c25786_210,chr2D,611844255,0.681628965872485,0.104838709677419,310,0.942298613525216,-0.0978208090847943
RAC875_rep_c120698_93,chr2D,612118868,0.147844076892392,0.161290322580645,310,0.793606925316825,0.240350061532446
Excalibur_c18353_55,chr2D,612119051,0.540512191838117,0.240322580645161,310,0.917308043924273,-0.114843945455988
RAC875_c14766_952,chr2D,612135679,0.724365961279608,0.143548387096774,310,0.948221829235937,-0.0812976453027829
Excalibur_c8720_321,chr2D,613642981,0.869997050144723,0.0951612903225806,310,0.985369286006082,0.0470602015713695
wsnp_BE426620D_Ta_2_2,chr2D,613653184,0.0356406906695373,0.0854838709677419,310,0.629771004130725,0.488678225111606
Kukri_c89993_379,chr2D,615559803,0.938072025000653,0.125806451612903,310,0.994532217349929,-0.0144131238720391
RFL_Contig2460_547,chr2D,616005424,0.0338962003109466,0.133870967741935,310,0.629406327683974,0.377983212267551
Excalibur_c1451_351,chr2D,616006909,0.900689737167706,0.0935483870967742,310,0.990150938867781,-0.0366524142742435
BS00084880_51,chr2D,617544748,0.421290748424931,0.185483870967742,310,0.872618358536817,0.154987194530463
D_GDS7LZN02G73QS_245,chr2D,618274152,0.0390097989294641,0.0612903225806452,310,0.648217088385006,0.548723972181378
Kukri_c40146_77,chr2D,618519846,0.478330515791642,0.332258064516129,310,0.892111409557269,-0.191046120351075
BS00087054_51,chr2D,619269851,0.00104570719019311,0.17258064516129,310,0.198663980522783,0.678503628936213
wsnp_Ex_c21593_30744815,chr2D,620658752,0.701962291316712,0.0532258064516129,310,0.943354107384678,0.107069094053209
BS00100106_51,chr2D,620838585,0.266541695702734,0.0693548387096774,310,0.840742604906267,0.299403078003508
RAC875_c56980_68,chr2D,621354531,0.285320467163475,0.12741935483871,310,0.843697817893676,0.251794199263031
Excalibur_c31806_491,chr2D,639613237,0.932980046408976,0.17258064516129,310,0.994532217349929,-0.0191568685715851
Kukri_c16094_406,chr2D,641092837,0.970523409822681,0.119354838709677,310,0.996258731030831,-0.0083252312101294
RFL_Contig2862_1287,chr2D,641094295,0.385541462485763,0.298387096774194,310,0.865982761147894,0.15194890724635
Excalibur_c77068_190,chr2D,645018722,0.023658475471291,0.443548387096774,310,0.613170055432755,-0.627345794747214
RFL_Contig1732_264,chr2D,646607449,0.815939731050073,0.295161290322581,310,0.972508997739223,0.0413677067849534
RAC875_c67940_296,chr2D,647207324,0.903271090127295,0.179032258064516,310,0.990150938867781,0.0231409182757432
Kukri_c498_2381,chr2D,654403596,0.549109398033243,0.1,310,0.917308043924273,0.124385038123883
BobWhite_c5756_516,chr2D,654991065,0.953293815355464,0.206451612903226,310,0.994532217349929,0.0112551842375126
BS00086534_51,chr2D,655648075,0.930610231418893,0.246774193548387,310,0.994532217349929,-0.016400977323741
Kukri_c1526_616,chr2D,655808124,0.775341353748805,0.490322580645161,310,0.963745869752483,0.0519761373945755
Excalibur_c10461_394,chr2D,655998129,0.82394366694078,0.359677419354839,310,0.976150699068231,0.0421982127073619
Excalibur_rep_c67599_2154,chr2D,656452099,0.242765089859509,0.153225806451613,310,0.829406872253407,0.218291374159072
tplb0062k24_584,chr3A,1339838,0.552272853429035,0.082258064516129,310,0.919760727624038,-0.186621252638773
IAAV4876,chr3A,3681326,0.406437349185101,0.032258064516129,310,0.867410522191443,-0.297865604519629
Excalibur_c11079_101,chr3A,3687599,0.819108399712454,0.0596774193548387,310,0.972691224658539,0.0680067305524759
tplb0050o09_968,chr3A,3757850,0.782506285108086,0.101612903225806,310,0.963745869752483,-0.0603313376504602
Excalibur_c19658_127,chr3A,3893832,0.983093570613992,0.204838709677419,310,0.996258731030831,0.00537382477399717
Excalibur_c11301_305,chr3A,3896569,0.725572241631847,0.209677419354839,310,0.948990489240173,-0.0879786957784603
Kukri_rep_c89183_282,chr3A,4861746,0.704894482239803,0.0645161290322581,310,0.943354107384678,0.10796398550896
RAC875_c7060_67,chr3A,4862416,0.945986352243674,0.0758064516129032,310,0.994532217349929,0.0173186222380082
wsnp_Ex_c10014_16476905,chr3A,5992953,0.869462895312494,0.0709677419354839,310,0.985369286006082,0.043014894095549
Excalibur_c11824_103,chr3A,6326188,0.386859586022537,0.148387096774194,310,0.865982761147894,-0.211648603723745
wsnp_Ex_rep_c67635_66292689,chr3A,6326519,0.529140289267112,0.0951612903225806,310,0.914274055919141,0.155101918745771
Excalibur_c12875_864,chr3A,6330439,0.0133210069772258,0.082258064516129,310,0.596738290288927,0.560388871112472
BS00066230_51,chr3A,6868533,0.131486404604764,0.12258064516129,310,0.774454923122062,0.313218591178213
Kukri_c2123_1254,chr3A,7265060,0.261325230807517,0.101612903225806,310,0.840742604906267,-0.239489368656876
BS00088103_51,chr3A,8932995,0.544236374035508,0.0387096774193548,310,0.917308043924273,0.210844276746776
Tdurum_contig52302_649,chr3A,17926801,0.278725771563097,0.216129032258065,310,0.840742604906267,-0.201396647051681
Tdurum_contig52302_92,chr3A,17927358,0.834264741906364,0.374193548387097,310,0.983419478951665,-0.0374150861878348
Kukri_c10511_94,chr3A,50917289,0.932543467404235,0.129032258064516,310,0.994532217349929,-0.016508811121227
Kukri_c62467_362,chr3A,50918022,0.955943958223755,0.0870967741935484,310,0.994532217349929,-0.0135221663677285
Kukri_rep_c73936_154,chr3A,51162762,0.286322043019572,0.187096774193548,310,0.843697817893676,0.17298157038126
BobWhite_c9704_273,chr3A,52213865,0.886036812747245,0.0532258064516129,310,0.990150938867781,-0.0464522913634013
wsnp_Ex_c21950_31124594,chr3A,52370420,0.751953488864764,0.130645161290323,310,0.951676140173662,0.0638285537863439
JG_c3077_214,chr3A,52420539,0.719480585133078,0.0532258064516129,310,0.948221829235937,-0.0995740575047392
BS00021694_51,chr3A,53683759,0.702582354784622,0.0983870967741935,310,0.943354107384678,0.091481430576124
BS00094366_51,chr3A,53684310,0.78205297576406,0.103225806451613,310,0.963745869752483,0.0614996638165408
IAAV2646,chr3A,53960110,0.456529100531159,0.109677419354839,310,0.879737993102466,0.173528685619594
wsnp_Ra_c16846_25598885,chr3A,144269218,0.0972933194298386,0.27741935483871,310,0.735945774332881,0.251498750594671
wsnp_Ex_c10272_16842803,chr3A,181349358,0.121432091451837,0.262903225806452,310,0.765245031429273,0.252333417793352
BobWhite_c47722_613,chr3A,311854750,0.294253989702862,0.137096774193548,310,0.848699092855092,0.205323357712061
BS00037400_51,chr3A,439998429,0.0422730742929999,0.290322580645161,310,0.648217088385006,0.30447696783493
BS00089400_51,chr3A,442662335,0.0438601446517026,0.3,310,0.655340253035044,0.301036053530311
wsnp_CAP11_c2438_1258747,chr3A,480573113,0.0894018521200373,0.293548387096774,310,0.733642473640267,0.244890632046463
BS00095423_51,chr3A,490762484,0.333706677619447,0.341935483870968,310,0.863682114611568,0.135822622791402
wsnp_Ex_c28310_37444843,chr3A,496454492,0.851566530678955,0.0935483870967742,310,0.985369286006082,-0.0381855345420732
Tdurum_contig57693_581,chr3A,519596973,0.209005756518748,0.146774193548387,310,0.812671425125922,0.283094585628405
RAC875_rep_c75768_245,chr3A,525727952,0.485158410563324,0.138709677419355,310,0.894858989003542,0.167887095562421
Tdurum_contig42827_1693,chr3A,611873680,0.60071656630932,0.366129032258065,310,0.92350985534583,0.0732423529745034
GENE-1634_405,chr3A,636113871,0.476085354794109,0.0564516129032258,310,0.892111409557269,0.215300405392377
Excalibur_c18747_1292,chr3A,642665101,0.748576596395231,0.37741935483871,310,0.951676140173662,0.0469395490155478
IAAV969,chr3A,642679130,0.765215828397536,0.385483870967742,310,0.957659270029521,0.0405574518361789
CAP7_rep_c12940_130,chr3A,643394742,0.300864504043513,0.361290322580645,310,0.849713811241242,0.144134263676122
wsnp_Ex_c27317_36522052,chr3A,682178196,0.390150443382645,0.2,310,0.865982761147894,0.160979021437115
IAAV1410,chr3A,682180709,0.732432285194201,0.17741935483871,310,0.950796002076229,0.0630116409716948
wsnp_Ra_c132_291198,chr3A,682430651,0.415014047030584,0.0580645161290323,310,0.868874195619717,-0.23485785398065
Tdurum_contig59585_656|wsnp_JD_c29019_23208078,chr3A,682432792,0.864193624831847,0.0629032258064516,310,0.985369286006082,-0.0462496569855375
BobWhite_c5337_225,chr3A,683847798,0.150612162533989,0.467741935483871,310,0.793606925316825,-0.456117308587125
BS00097265_51,chr3A,698464202,0.968928805185881,0.0532258064516129,310,0.996140480069802,-0.0110045941232144
BS00074926_51,chr3A,742634155,0.429652277025009,0.0241935483870968,310,0.876578387146907,-0.327083841073168
Tdurum_contig67686_633,chr3A,744519119,0.776165418455711,0.496774193548387,310,0.963745869752483,-0.0423792749376162
wsnp_Ex_c28679_37784735,chr3A,747603616,0.123186119378996,0.433870967741936,310,0.765245031429273,0.212397545767828
RAC875_s113853_61,chr3B,1936570,0.906657735760085,0.211290322580645,310,0.990150938867781,-0.0301253147447085
Excalibur_c57482_242,chr3B,3821410,0.0847555252036206,0.0854838709677419,310,0.712688614716031,0.410938312750268
BobWhite_c5611_281,chr3B,3822948,0.936837322032791,0.135483870967742,310,0.994532217349929,0.0156047807480277
Tdurum_contig50954_475,chr3B,3941853,0.350455532055804,0.119354838709677,310,0.865982761147894,0.183119537523659
Kukri_c12817_59,chr3B,4190096,0.92589637102685,0.169354838709677,310,0.994532217349929,0.0183032972765602
Ex_c4578_544,chr3B,4655338,0.0627721422922069,0.475806451612903,310,0.703739611647022,0.299186526051955
RAC875_rep_c118986_60,chr3B,6517115,0.534652418911261,0.356451612903226,310,0.916324756756739,0.139860592287931
wsnp_Ex_c16919_25506076,chr3B,7651071,0.478390625526369,0.190322580645161,310,0.892111409557269,0.114288056093713
Excalibur_c8314_405,chr3B,10877181,0.0339141740227337,0.245161290322581,310,0.629406327683974,0.299257856174656
Tdurum_contig14251_320,chr3B,11235481,0.660997886266471,0.356451612903226,310,0.941029833536278,0.0645806217120537
RFL_Contig5709_3005,chr3B,13020455,0.735562045748843,0.487096774193548,310,0.950796002076229,0.0480755593474669
CAP7_c1576_371,chr3B,13839037,0.447847839339323,0.483870967741935,310,0.8789271838063,0.0989690985950631
tplb0041e10_1230,chr3B,19580794,0.543434299972401,0.0451612903225806,310,0.917308043924273,-0.208352116133469
Tdurum_contig22897_107,chr3B,28249938,0.12742573221313,0.158064516129032,310,0.7673338661121,0.349000469106187
wsnp_Ex_c4063_7344641,chr3B,72169384,0.482701883166187,0.129032258064516,310,0.893297315944996,0.135096410130487
Ku_c56846_964,chr3B,72680858,0.652959348506832,0.188709677419355,310,0.93919268000923,0.0963015760229382
wsnp_Ku_c13069_20938717,chr3B,74068047,0.343622596419069,0.120967741935484,310,0.865982761147894,0.240501530459795
Kukri_c48750_1372,chr3B,74069930,0.251493070074728,0.154838709677419,310,0.83894592148146,0.249291979121395
wsnp_Ex_c11246_18191331,chr3B,75787307,0.929816699766865,0.0612903225806452,310,0.994532217349929,0.0262239937845479
BS00065429_51,chr3B,78993759,0.58304346849106,0.0645161290322581,310,0.92350985534583,0.155926281104996
RAC875_c86306_256,chr3B,79633533,0.451844983651405,0.0661290322580645,310,0.879737993102466,0.205178766592219
Kukri_c48410_604,chr3B,141816811,0.959728809103239,0.362903225806452,310,0.99543403135568,-0.00722272993662898
wsnp_JD_c9902_10674626,chr3B,153808061,0.423665382063823,0.246774193548387,310,0.872618358536817,0.121928669729392
BS00045195_51,chr3B,168855051,0.228942602245716,0.179032258064516,310,0.823905142997663,0.226148075356178
RAC875_c21086_130,chr3B,244829588,0.215207860169853,0.0919354838709677,310,0.819552346810625,0.345773611034076
GENE-4829_238,chr3B,245563450,0.924896226187204,0.1,310,0.994532217349929,0.0192633156219912
Tdurum_contig3182_132,chr3B,246737866,0.164791905152477,0.166129032258065,310,0.793606925316825,0.2506597691157
Kukri_c14113_98,chr3B,247056235,0.409159437672902,0.198387096774194,310,0.868324098776036,0.147129389029104
RAC875_s119223_94,chr3B,250994037,0.922872701563537,0.130645161290323,310,0.994532217349929,0.0227005298927168
BS00049570_51,chr3B,253746004,0.202671584661453,0.211290322580645,310,0.812671425125922,0.238964186410584
RAC875_c8755_314,chr3B,254185065,0.141757132672079,0.209677419354839,310,0.79017303921629,0.273721447226208
BS00091577_51,chr3B,254185364,0.395068195046772,0.135483870967742,310,0.865982761147894,0.168983933827562
RAC875_rep_c86918_170,chr3B,263288655,0.287683723088853,0.138709677419355,310,0.843697817893676,-0.197736033889093
BobWhite_rep_c53979_427,chr3B,270430990,0.861278725398206,0.301612903225806,310,0.985369286006082,0.024808514719318
IAAV8536,chr3B,442698226,0.549645866533702,0.209677419354839,310,0.917308043924273,0.0979000933415151
wsnp_Ex_c1116_2138756,chr3B,480585332,0.951186785164681,0.359677419354839,310,0.994532217349929,0.00792588921225246
BS00082644_51,chr3B,481745930,0.171179038763647,0.0419354838709677,310,0.793606925316825,-0.480660544755381
TA005793-0515,chr3B,490162710,0.824266784882598,0.395161290322581,310,0.976150699068231,-0.0387166639699501
BS00045330_51,chr3B,494048201,0.434142499101646,0.480645161290323,310,0.8789271838063,0.295441686016375
BobWhite_c35249_110,chr3B,507821802,0.337569891960578,0.193548387096774,310,0.863682114611568,0.164927798114256
TA002241-1114,chr3B,508130723,0.947507814264029,0.135483870967742,310,0.994532217349929,0.013908780312974
BS00037898_51,chr3B,508496640,0.911540616726367,0.2,310,0.992081934566427,-0.0202729593355002
wsnp_Ex_c7172_12318529,chr3B,508836747,0.112269116712637,0.196774193548387,310,0.754247672962999,0.266005303802416
wsnp_Ex_c5457_9632050,chr3B,513051696,0.253060654300859,0.161290322580645,310,0.83894592148146,0.212094734668426
BS00036352_51,chr3B,513053489,0.75305688213963,0.204838709677419,310,0.95182511497906,0.0582153599832651
wsnp_Ex_c2920_5385184,chr3B,520221779,0.334103270365858,0.0645161290322581,310,0.863682114611568,-0.257683966067191
RAC875_c32792_231,chr3B,521006321,0.361043482230711,0.0532258064516129,310,0.865982761147894,-0.278269471643711
BobWhite_c24718_225,chr3B,525432136,0.240025477807487,0.0903225806451613,310,0.829406872253407,-0.308445916698354
Ex_c5074_1539,chr3B,570228048,0.801922024269514,0.0435483870967742,310,0.964599194611458,-0.0818625957365029
Excalibur_c5921_1315,chr3B,576003677,0.615633005030718,0.488709677419355,310,0.926595843176558,-0.154890225574036
Kukri_rep_c107421_115,chr3B,594656729,0.45568887169227,0.270967741935484,310,0.879737993102466,0.120035406494168
BS00005265_51,chr3B,594935164,0.0802108062255571,0.05,310,0.712688614716031,0.523769159306035
Jagger_c5649_59,chr3B,595356881,0.576806695952042,0.0516129032258065,310,0.921534748415242,0.163862873411354
Tdurum_contig4913_705,chr3B,598452145,0.0915049664015152,0.22258064516129,310,0.735945774332881,0.296384396763116
BobWhite_c32864_250,chr3B,617462379,0.660135103051443,0.0451612903225806,310,0.941029833536278,0.132794693585595
wsnp_Ra_c69_149518,chr3B,753609407,0.886106784197136,0.183870967741935,310,0.990150938867781,0.0319104487683148
Excalibur_c33274_498,chr3B,755676302,0.0521994677909261,0.306451612903226,310,0.692051750385219,0.305586634902411
Tdurum_contig11443_1022,chr3B,755676651,0.249331571455972,0.158064516129032,310,0.83894592148146,0.263943510854588
Tdurum_contig55751_315,chr3B,758822591,0.266803643994146,0.37741935483871,310,0.840742604906267,0.15676456386916
BS00030651_51,chr3B,781879073,0.34777908670197,0.291935483870968,310,0.865982761147894,0.161962687458086
RFL_Contig4186_914,chr3B,787799347,0.0139368772600111,0.0580645161290323,310,0.596738290288927,0.689895064964944
Tdurum_contig28053_218,chr3B,811836284,0.0528185728348107,0.112903225806452,310,0.692051750385219,0.48536461831106
BS00071041_51,chr3B,812182698,0.921834952065184,0.067741935483871,310,0.994532217349929,0.0238879829905585
GENE-2712_367,chr3B,812302124,0.469412564809599,0.456451612903226,310,0.891873772570804,-0.173031297262156
RAC875_c37741_476,chr3B,836174029,0.180010101491911,0.393548387096774,310,0.797063666079024,0.165719231160672
RAC875_c37741_218,chr3B,836174889,0.439608250011856,0.232258064516129,310,0.8789271838063,-0.113274748261873
wsnp_JD_c18509_16968425,chr3B,841311388,0.741047045991344,0.411290322580645,310,0.951676140173662,0.0593272472509625
Tdurum_contig59566_4435,chr3B,841312024,0.0758310195111106,0.0758064516129032,310,0.712688614716031,0.514660000774157
IAAV8659,chr3B,842939157,0.668982787493575,0.0629032258064516,310,0.941029833536278,-0.157322423464279
Kukri_c48601_98,chr3B,844119703,0.934464171085774,0.145161290322581,310,0.994532217349929,-0.0171538384886745
Tdurum_contig14350_431,chr3D,77091,0.380914977928235,0.082258064516129,310,0.865982761147894,0.223283722242741
BobWhite_c18256_809,chr3D,743093,0.413277061160524,0.340322580645161,310,0.868324098776036,0.124027333361468
Kukri_rep_c94244_339,chr3D,803716,0.9661034477534,0.435483870967742,310,0.995634372541971,0.00526968206705902
BS00098760_51,chr3D,1051628,0.395927457069502,0.237096774193548,310,0.865982761147894,0.154712481487536
BS00080157_51,chr3D,1476240,0.938771240141441,0.183870967741935,310,0.994532217349929,0.0201393759624011
RAC875_c22383_248,chr3D,1481100,0.242091305395927,0.0403225806451613,310,0.829406872253407,-0.428093346245817
IAAV1578,chr3D,2714182,0.0686283772781411,0.37258064516129,310,0.712688614716031,-0.27575921752765
tplb0053a24_1247,chr3D,3588508,0.651902695664162,0.496774193548387,310,0.93919268000923,-0.0804458227939904
Excalibur_c9485_351,chr3D,3695097,0.5853730202696,0.333870967741935,310,0.92350985534583,-0.0737056921394696
Excalibur_c20559_98,chr3D,3695344,0.324102302466268,0.42741935483871,310,0.859797242191137,0.135491220255062
Excalibur_c12875_1643,chr3D,5008394,0.512456592862939,0.351612903225806,310,0.907201378149227,0.094647152621306
wsnp_JD_c396_603720,chr3D,5433044,0.227747907410444,0.114516129032258,310,0.823905142997663,0.285499474148892
D_contig79290_372,chr3D,31799415,0.550280999750837,0.151612903225806,310,0.917308043924273,-0.12546715948249
Kukri_c5252_107,chr3D,34080877,0.845917967044881,0.170967741935484,310,0.984027022888943,-0.0309738611359762
wsnp_Ex_c18250_27065775,chr3D,126064001,0.77131343082613,0.303225806451613,310,0.961150093279106,-0.0468256601759975
wsnp_Ex_rep_c78526_74641162,chr3D,162446861,0.48689071740798,0.245161290322581,310,0.896183226729063,-0.117834792637652
Kukri_c43208_335,chr3D,178478493,0.514953583635356,0.229032258064516,310,0.907201378149227,-0.1104780621313
wsnp_Ex_c54003_57045475,chr3D,267619256,0.650708573990463,0.264516129032258,310,0.93919268000923,-0.0750880175924635
Ra_c4231_465,chr3D,344728534,0.0605358392490443,0.0370967741935484,310,0.703739611647022,0.635370542309758
IAAV1270,chr3D,378358338,0.0173201615492705,0.438709677419355,310,0.613170055432755,-0.423110263203597
BobWhite_c27541_67,chr3D,378927754,0.212417026753447,0.311290322580645,310,0.812671425125922,-0.164598695007925
tplb0029j24_2118,chr3D,418236443,0.387247302636971,0.219354838709677,310,0.865982761147894,0.131452884886571
RAC875_c494_436,chr3D,424883434,0.609413491459641,0.0419354838709677,310,0.92350985534583,-0.15587089563267
RFL_Contig383_1347,chr3D,508864621,0.94402144905837,0.0483870967741935,310,0.994532217349929,-0.0224219092428442
Kukri_c8913_385,chr3D,516319262,0.499695668691926,0.0564516129032258,310,0.902902020248654,0.201223709620855
BS00054496_51,chr3D,539622336,0.935429114135946,0.374193548387097,310,0.994532217349929,0.0109822462787719
RAC875_c101793_136,chr3D,551216475,0.58412308774319,0.364516129032258,310,0.92350985534583,-0.0783530561918582
D_GDRF1KQ02GV96X_70,chr3D,556604263,0.706693396304882,0.0903225806451613,310,0.943354107384678,-0.0795942019001217
CAP12_c2615_128,chr3D,582172173,0.418909202221683,0.446774193548387,310,0.871864028652195,0.147214021798277
RAC875_c5606_501,chr3D,604572945,0.00274136338375905,0.138709677419355,310,0.302749318693891,-0.617896668159098
CAP7_c4219_186,chr3D,606219075,0.0384816612547331,0.135483870967742,310,0.647591385115366,-0.387065682009606
CAP7_c4219_359,chr3D,606219247,0.0850748204738489,0.141935483870968,310,0.712688614716031,-0.315819998591458
Kukri_c92813_223,chr3D,606569015,0.310421626489349,0.212903225806452,310,0.85049860005368,-0.159055508106427
tplb0060a09_1160,chr3D,608879318,0.0579160051262812,0.338709677419355,310,0.703739611647022,0.406201614180048
Jagger_c3292_145,chr3D,611260936,0.117292401090526,0.182258064516129,310,0.765245031429273,-0.334146197340459
wsnp_Ex_c12369_19730765,chr3D,613343797,0.19110973841467,0.195161290322581,310,0.804455563906074,-0.250646874744618
RAC875_c5222_411,chr3D,613758364,0.14681702548825,0.180645161290323,310,0.793606925316825,0.249940254500281
BS00073760_51,chr3D,613957933,0.225224628421408,0.382258064516129,310,0.823905142997663,-0.171586257701804
BobWhite_rep_c52911_146,chr3D,614179926,0.650358475982654,0.325806451612903,310,0.93919268000923,0.0794400409372713
IAAV686,chr3D,614247171,0.576416118597009,0.179032258064516,310,0.921534748415242,0.0966396160882894
IAAV7013,chr3D,614386580,0.851408746381387,0.145161290322581,310,0.985369286006082,-0.0345359103243226
BS00024422_51,chr3D,615044922,0.20254115038309,0.311290322580645,310,0.812671425125922,-0.190625922005296
wsnp_Ex_c7451_12757458,chr3D,615289194,0.169951175523046,0.448387096774194,310,0.793606925316825,0.19582225245091
Excalibur_c51976_119,chr3D,615289784,0.0287438982239099,0.269354838709677,310,0.613170055432755,-0.313193781699276
TA006354-0937,chr3D,615292492,0.0485871573538972,0.245161290322581,310,0.681377040034416,-0.305689263695328
RAC875_c6578_645,chr3D,615711956,0.212284037684877,0.101612903225806,310,0.812671425125922,0.26876636227027
Excalibur_c42667_427,chr3D,615962873,0.388853732009405,0.0629032258064516,310,0.865982761147894,0.215274137961764
BobWhite_c5246_196,chr3D,615963084,0.567207843883087,0.412903225806452,310,0.921191415571152,0.0752593060539226
Excalibur_c6906_804,chr3D,616940285,0.0429209956655607,0.456451612903226,310,0.648217088385006,0.279137180445971
wsnp_Ku_c7264_12545135,chr3D,616954599,0.00468999963932743,0.254838709677419,310,0.360314320117024,-0.445163276541741
CAP12_c2073_98,chr3D,617434955,0.21169503827465,0.411290322580645,310,0.812671425125922,0.150126847772817
wsnp_CAP11_c1051_622082,chr3D,617435205,0.0711156015572211,0.287096774193548,310,0.712688614716031,-0.253822338773794
CAP11_c1051_121,chr3D,617435313,0.0221566112369848,0.304838709677419,310,0.613170055432755,-0.330072241839659
BS00024440_51,chr3D,617440108,0.00409966396971249,0.293548387096774,310,0.360314320117024,-0.42323303195797
Excalibur_c46790_502,chr3D,617673993,0.0164082291090678,0.283870967741935,310,0.613170055432755,-0.347374749274294
BS00066691_51,chr3D,617751247,0.0922167286845893,0.304838709677419,310,0.735945774332881,-0.23728682981077
Kukri_c12013_443,chr3D,617752442,0.132647415203512,0.319354838709677,310,0.775017693341279,0.330539479386232
Kukri_c12013_90,chr3D,617752796,0.982473055148271,0.325806451612903,310,0.996258731030831,0.00358007599248822
Kukri_rep_c87658_1542,chr3D,617752952,0.206436503288546,0.375806451612903,310,0.812671425125922,0.193615664785071
wsnp_Ex_c5061_8986366,chr3D,617753058,0.392814385139657,0.258064516129032,310,0.865982761147894,0.119801763686581
Excalibur_c54670_110,chr3D,617757062,0.105222220159093,0.440322580645161,310,0.744814967788403,-0.247008272366301
RAC875_c51595_177,chr3D,617757520,0.040948052319327,0.266129032258065,310,0.648217088385006,-0.310071879969556
BS00064063_51|D_contig04964_668,chr3D,617766333,0.304865502452383,0.356451612903226,310,0.849713811241242,-0.130965257345665
RAC875_c43838_146,chr3D,617840095,0.0499657782494382,0.319354838709677,310,0.684414962533003,-0.270118169986048
Excalibur_c56069_128,chr3D,617840557,0.0261806200133505,0.32741935483871,310,0.613170055432755,-0.307704552231378
RFL_Contig2432_953,chr3D,618256005,0.00864723540602721,0.35,310,0.492892418143551,-0.346404059310849
BS00078532_51,chr3D,618417590,0.0238448735819445,0.298387096774194,310,0.613170055432755,-0.33000022224369
BS00078092_51,chr3D,618417763,0.277042337700829,0.390322580645161,310,0.840742604906267,-0.137556681931443
BS00035307_51,chr4A,3424618,0.483759003921088,0.183870967741935,310,0.893297315944996,-0.140742979434123
IAAV2216,chr4A,4642490,0.326012536654251,0.211290322580645,310,0.859797242191137,-0.19259956252877
Kukri_c2963_272,chr4A,9987483,0.698378151232194,0.340322580645161,310,0.943354107384678,-0.0545322683012017
Excalibur_c12032_1101,chr4A,10712266,0.897740626029233,0.317741935483871,310,0.990150938867781,-0.0197072252167203
BS00022177_51,chr4A,12242671,0.940250638351842,0.27258064516129,310,0.994532217349929,-0.0127485811190837
wsnp_Ra_c14920_23225219,chr4A,13178397,0.610250505911802,0.274193548387097,310,0.92350985534583,-0.0847635495879757
RAC875_c16405_84,chr4A,29280763,0.136821753499528,0.0370967741935484,310,0.785290773027361,-0.536407569162911
Kukri_c16916_1073,chr4A,30513653,0.552917355921565,0.0806451612903226,310,0.919967013101135,-0.140554564777226
wsnp_Ex_c5690_9994334,chr4A,39010175,0.801556191324702,0.37741935483871,310,0.964599194611458,-0.0651855862167565
wsnp_Ku_rep_c76865_75281903,chr4A,60651660,0.592493702281146,0.435483870967742,310,0.92350985534583,-0.0770959204885031
wsnp_Ex_c8131_13754852,chr4A,120070361,0.166463558580817,0.464516129032258,310,0.793606925316825,-0.446744396434212
RAC875_c27776_86,chr4A,129834424,0.887078163914848,0.229032258064516,310,0.990150938867781,0.0273920506879932
wsnp_Ex_c9464_15689857,chr4A,534414030,0.678199747777423,0.129032258064516,310,0.941029833536278,-0.0768281257342522
IAAV125,chr4A,544012642,0.440299672035039,0.204838709677419,310,0.8789271838063,0.138518176380131
BS00010925_51,chr4A,587784360,0.0355629589270721,0.0274193548387097,310,0.629771004130725,0.799073129414282
BobWhite_rep_c49931_364,chr4A,603282322,0.561577964318868,0.482258064516129,310,0.92096426159172,-0.212284775684566
BS00023151_51,chr4A,609381583,0.695847618219176,0.0887096774193548,310,0.943354107384678,0.0877120877478887
BobWhite_c12128_187,chr4A,613169667,0.80091729037427,0.35,310,0.964599194611458,-0.0368800123791004
Tdurum_contig42257_4485,chr4A,613283992,0.957935319584696,0.225806451612903,310,0.995103885776695,0.00767857128856519
wsnp_Ex_c24474_33721784,chr4A,614813951,0.692852181660282,0.369354838709677,310,0.943354107384678,0.0547352600719648
wsnp_Ku_c4924_8816643,chr4A,615129189,0.499954321257203,0.283870967741935,310,0.902902020248654,-0.0954684101107546
BobWhite_c35402_66,chr4A,617281994,0.604845753413798,0.295161290322581,310,0.92350985534583,-0.0825389220690198
Tdurum_contig13489_292,chr4A,617282086,0.856989489088916,0.283870967741935,310,0.985369286006082,0.0286420579199245
Kukri_c4594_825,chr4A,619215413,0.914375883121138,0.0241935483870968,310,0.992081934566427,-0.0611581663205385
Kukri_c5039_2269,chr4A,621255217,0.570406327282734,0.0580645161290323,310,0.921204329472612,0.186706317723143
Excalibur_c20024_806,chr4A,621256874,0.400917816046116,0.145161290322581,310,0.865982761147894,-0.203881225969496
wsnp_Ex_c41074_47988141,chr4A,621266258,0.105748718996661,0.158064516129032,310,0.744814967788403,0.268576853718741
Excalibur_c2618_1412,chr4A,621666044,8.21759579848794e-10,0.396774193548387,310,7.2602458879641e-07,1.19324129696558
Kukri_c25832_794,chr4A,623952035,0.51445831868882,0.180645161290323,310,0.907201378149227,0.145103743973692
JD_c4438_839,chr4A,627277193,0.932230651273169,0.175806451612903,310,0.994532217349929,0.0187767427718626
BobWhite_c20282_164,chr4A,627325347,0.261459541721721,0.469354838709677,310,0.840742604906267,-0.283857556888222
BS00010144_51,chr4A,629639764,0.870493183619408,0.158064516129032,310,0.985369286006082,-0.0359447705449867
Kukri_c17942_239,chr4A,629640229,0.154892636972565,0.124193548387097,310,0.793606925316825,0.430713519493892
CAP11_c1989_183,chr4A,633388836,0.186148709951992,0.412903225806452,310,0.797063666079024,0.17762280257368
BobWhite_c33898_150,chr4A,634064111,0.843468597293539,0.485483870967742,310,0.983503371812235,-0.0272139483602416
Kukri_c33315_159,chr4A,634134455,0.0856227562664871,0.103225806451613,310,0.712688614716031,0.487324373541412
BS00059503_51,chr4A,642560750,0.0681711217377571,0.240322580645161,310,0.712688614716031,0.363813201103895
Kukri_c96159_197,chr4A,646700185,0.752094668737652,0.0483870967741935,310,0.951676140173662,-0.10175963020162
Excalibur_c4325_1440,chr4A,647082974,0.100204816277691,0.0435483870967742,310,0.73793870416526,-0.551281314830369
Tdurum_contig15586_563,chr4A,647183147,0.84063055155054,0.0403225806451613,310,0.983503371812235,-0.0750491887819109
wsnp_Ex_c3988_7221220,chr4A,666371209,0.869410746010075,0.0483870967741935,310,0.985369286006082,-0.0489336383596637
Excalibur_c4370_1451,chr4A,667033050,0.637684545483491,0.0483870967741935,310,0.935094267111476,0.147708243278394
Excalibur_c4370_1221,chr4A,667033280,0.631476936506552,0.0629032258064516,310,0.932111634579771,-0.129801384545139
wsnp_JD_c27162_22206547,chr4A,668474506,0.207160843834628,0.0403225806451613,310,0.812671425125922,-0.424729865913676
tplb0024a09_919,chr4A,678136068,0.139547992490431,0.159677419354839,310,0.785290773027361,-0.393677150102491
IAAV3960,chr4A,708504916,0.309761407255387,0.0258064516129032,310,0.85049860005368,0.464103785362909
wsnp_Ex_c11047_17915225,chr4A,709846287,0.00701858257274453,0.414516129032258,310,0.453663207863912,0.425197990156263
RAC875_c1115_341,chr4A,709856371,0.449841361972714,0.325806451612903,310,0.879737993102466,0.105156178979975
BS00022929_51,chr4A,713341626,0.138037887032881,0.432258064516129,310,0.785290773027361,0.393357364827125
Excalibur_c7753_51,chr4A,717745269,0.850747211933638,0.32258064516129,310,0.985369286006082,-0.0269764024092396
BS00100441_51,chr4A,717746227,0.435042123670261,0.401612903225806,310,0.8789271838063,0.113554270301279
Tdurum_contig93156_127,chr4A,717746260,0.786374155248039,0.148387096774194,310,0.964599194611458,-0.048507227149635
Jagger_c2200_347,chr4A,722472307,0.0613438099845389,0.1,310,0.703739611647022,0.404811490219146
Tdurum_contig75819_1591,chr4A,723621083,0.322887933384957,0.224193548387097,310,0.859797242191137,0.181123809472979
RFL_Contig3841_2409,chr4A,723621320,0.676604012073367,0.140322580645161,310,0.941029833536278,0.0833211193560999
RFL_Contig3841_2433,chr4A,723621344,0.591768941113225,0.440322580645161,310,0.92350985534583,-0.0842111119585667
RFL_Contig3841_2595|Tdurum_contig75819_1309,chr4A,723621647,0.261804329052177,0.196774193548387,310,0.840742604906267,0.176593888968398
Tdurum_contig75819_559,chr4A,723623148,0.676712557786159,0.454838709677419,310,0.941029833536278,-0.0522086993008202
BobWhite_c20306_88,chr4A,723882828,0.229849025812115,0.174193548387097,310,0.823905142997663,0.209249904873275
RAC875_c54248_724,chr4A,728382481,0.370698531545746,0.182258064516129,310,0.865982761147894,0.219946011243906
Excalibur_c6050_323,chr4A,737354924,0.32786722753118,0.208064516129032,310,0.860834162032087,-0.204008075803713
Tdurum_contig46583_2146,chr4A,748960423,0.740296100135593,0.366129032258065,310,0.951676140173662,0.0597415797065537
Tdurum_contig42083_757,chr4B,5992523,0.224987073060621,0.480645161290323,310,0.823905142997663,0.29755057440218
wsnp_BF483640B_Ta_2_2,chr4B,9811182,0.836990317273947,0.435483870967742,310,0.983503371812235,0.039786562291539
BS00009480_51,chr4B,13966893,0.323273813823497,0.1,310,0.859797242191137,0.214790594561101
Tdurum_contig10984_210,chr4B,16496592,0.617227074056322,0.0241935483870968,310,0.928033191234313,-0.213107975109743
BS00071658_51,chr4B,19660010,0.473220395281595,0.324193548387097,310,0.892111409557269,-0.125345441795261
wsnp_Ku_c8075_13785546,chr4B,21914939,0.720281112947952,0.264516129032258,310,0.948221829235937,0.0686863930025083
Tdurum_contig41902_1673,chr4B,26013667,0.130629361155248,0.2,310,0.774454923122062,0.369292154376538
Tdurum_contig64772_417,chr4B,27919074,0.729598709840728,0.270967741935484,310,0.950796002076229,0.0918525784416033
RAC875_c44584_162,chr4B,30165134,0.396185928422843,0.482258064516129,310,0.865982761147894,0.290438413204583
IACX557,chr4B,30367591,0.267414135394864,0.109677419354839,310,0.840742604906267,0.231200399129953
BS00021984_51,chr4B,36883899,0.678478782074261,0.245161290322581,310,0.941029833536278,0.16661998131508
Tdurum_contig63670_287,chr4B,38005599,2.48245309620163e-05,0.240322580645161,310,0.0104181766368752,0.656184822877737
BobWhite_c9876_331,chr4B,389489859,0.555349039581727,0.0435483870967742,310,0.92096426159172,0.275375982136438
TA006298-0500,chr4B,392977418,0.441940042572814,0.258064516129032,310,0.8789271838063,-0.143995060025233
Tdurum_contig5562_730,chr4B,405410925,0.672674518931548,0.438709677419355,310,0.941029833536278,0.0671646317549204
Tdurum_contig5562_441,chr4B,405411214,0.426032140826386,0.448387096774194,310,0.875347433535143,0.118973579406827
Excalibur_rep_c66744_2113,chr4B,411427953,0.621126849246392,0.42741935483871,310,0.928537345700825,0.0823792962464722
Tdurum_contig52805_183,chr4B,417331471,0.152941311793648,0.240322580645161,310,0.793606925316825,-0.239502858457286
BS00064884_51,chr4B,426786962,0.185104942763186,0.437096774193548,310,0.797063666079024,0.211808971367077
Kukri_c322_1394,chr4B,533039128,0.691353658386352,0.325806451612903,310,0.943354107384678,-0.0665838514498063
wsnp_Ex_c23363_32607637,chr4B,541848846,0.963585454485919,0.348387096774194,310,0.995634372541971,-0.0073358985568035
BS00087144_51,chr4B,546425684,0.538961019987926,0.467741935483871,310,0.917308043924273,-0.0965187296214651
Tdurum_contig47552_957,chr4B,546613590,0.0803547619391557,0.319354838709677,310,0.712688614716031,-0.285404688092797
BS00077411_51,chr4B,552428337,0.153917207793305,0.32258064516129,310,0.793606925316825,-0.244312124150554
Excalibur_c56741_119,chr4B,558353165,0.165331734583475,0.303225806451613,310,0.793606925316825,-0.250636056383286
wsnp_Ex_c19319_28253742,chr4B,565521094,0.275996032489737,0.346774193548387,310,0.840742604906267,-0.190735545339976
wsnp_CAP12_rep_c4278_1949864,chr4B,566478398,0.115880415052357,0.338709677419355,310,0.764032438050429,-0.269002730664297
IAAV2228,chr4B,566490208,0.677416919470379,0.462903225806452,310,0.941029833536278,-0.0797154951835637
RAC875_c24550_1150,chr4B,566493200,0.655374377363078,0.338709677419355,310,0.939513761446416,-0.101017353296157
BS00022181_51,chr4B,567454376,0.378709487388086,0.479032258064516,310,0.865982761147894,-0.168962536386687
BS00069989_51,chr4B,567855344,0.230918770901369,0.398387096774194,310,0.823905142997663,0.243475214994874
BS00058659_51,chr4B,570039984,0.896812741469238,0.438709677419355,310,0.990150938867781,-0.0231757017216978
wsnp_Ex_c42895_49355806,chr4B,570962358,0.788668153938552,0.343548387096774,310,0.964599194611458,0.0527364181524774
Ex_c57212_719,chr4B,570977417,0.672698076855984,0.398387096774194,310,0.941029833536278,0.0645965056086482
RAC875_c39226_131,chr4B,574955516,0.0591032910310958,0.480645161290323,310,0.703739611647022,-0.290523489571086
Ra_c15473_681,chr4B,578566549,0.633934565303112,0.285483870967742,310,0.932691404571689,-0.0818806939587802
RAC875_c15143_227,chr4B,579338703,0.574693273740478,0.346774193548387,310,0.921343833225484,-0.084037849268725
RAC875_c3790_429,chr4B,581540703,0.757363882619948,0.212903225806452,310,0.953178048852883,0.049500918659831
BobWhite_c1295_470,chr4B,582119206,0.361401547965702,0.456451612903226,310,0.865982761147894,-0.145864187523159
RAC875_rep_c108328_299,chr4B,585672870,0.45070539601629,0.264516129032258,310,0.879737993102466,-0.148782433670405
Tdurum_contig28920_296,chr4B,588233608,0.756010880425325,0.337096774193548,310,0.953178048852883,-0.0535359914580482
Tdurum_contig31737_203,chr4B,589903423,0.984416356504085,0.193548387096774,310,0.996258731030831,0.00516338843166864
BobWhite_c13247_795,chr4B,590482284,0.969644383542761,0.416129032258065,310,0.996140480069802,0.00489485649539745
Tdurum_contig93160_155,chr4B,591131978,0.420620780380098,0.317741935483871,310,0.872618358536817,-0.144524277260402
RAC875_c89195_138,chr4B,593980601,0.152818781223516,0.319354838709677,310,0.793606925316825,-0.235392883767929
BobWhite_c40424_143,chr4B,633387116,0.097669057901426,0.0887096774193548,310,0.735945774332881,0.385177668428227
Excalibur_c31044_482,chr4B,633872661,0.865898318957146,0.220967741935484,310,0.985369286006082,0.0359583064912528
Excalibur_c25270_218,chr4B,634767824,0.66555846789975,0.104838709677419,310,0.941029833536278,0.0990849799247968
BobWhite_c27751_206,chr4B,634855587,0.568787983585688,0.0870967741935484,310,0.921204329472612,0.138037636622478
Kukri_c4221_1114,chr4B,645235940,0.546025614652061,0.3,310,0.917308043924273,-0.129285874623378
Excalibur_c1706_1413,chr4B,651659784,0.0950607857392907,0.264516129032258,310,0.735945774332881,-0.278422184055373
tplb0027f12_503,chr4B,654991791,0.762214122108732,0.125806451612903,310,0.956557069436172,0.0560635201129998
wsnp_BE499546B_Ta_2_1,chr4B,656245718,0.20140456126075,0.338709677419355,310,0.812671425125922,-0.199195121554382
Excalibur_c49297_159,chr4B,656249543,0.388492346638885,0.138709677419355,310,0.865982761147894,0.154704987185688
tplb0056i06_856,chr4B,659634248,0.322972588215258,0.254838709677419,310,0.859797242191137,0.13703481531207
RAC875_c87897_333,chr4B,667583494,0.84511609930969,0.483870967741935,310,0.984027022888943,-0.0272795717724392
BS00022808_51,chr4B,668709559,0.525379596420718,0.0741935483870968,310,0.913726128814379,-0.157854112607382
BS00040517_51,chr4B,673375605,0.545783805985056,0.151612903225806,310,0.917308043924273,-0.142729664819683
wsnp_Ex_c4148_7494801,chr4B,673887818,0.488869722128057,0.0661290322580645,310,0.897022636552728,-0.190439078878612
JD_c15782_595,chr4B,676710748,0.982827999717524,0.230645161290323,310,0.996258731030831,0.0033938460104963
RAC875_c48025_483,chr4B,681822696,0.672623386550071,0.374193548387097,310,0.941029833536278,0.057488935431266
Ku_c2885_1286,chr4B,689021947,0.800271990395506,0.208064516129032,310,0.964599194611458,-0.0404357308244272
Ku_c2885_1189,chr4B,689022044,0.976832075812207,0.480645161290323,310,0.996258731030831,0.00377969097679909
Ku_c9134_782,chr4B,689184395,0.721244348224493,0.479032258064516,310,0.948221829235937,-0.0473549328273037
Tdurum_contig9118_1078,chr4B,689336210,0.894818427528428,0.235483870967742,310,0.990150938867781,0.0296457248434763
BS00108770_51,chr4D,3673713,0.693699882350599,0.0338709677419355,310,0.943354107384678,0.141126335057692
BS00022283_51,chr4D,3680171,0.842295067531009,0.0306451612903226,310,0.983503371812235,0.0799379931902067
wsnp_Ex_rep_c107564_91144523,chr4D,26735190,0.901090161081266,0.0387096774193548,310,0.990150938867781,-0.0489944914819631
Ra_c350_837,chr4D,111721106,0.462274659562245,0.0403225806451613,310,0.884983015651666,0.254917185756959
wsnp_BE444858D_Ta_1_1,chr4D,134619728,4.10113304196132e-06,0.124193548387097,310,0.00241556736171522,0.83150426537616
RAC875_rep_c109674_414,chr4D,187014339,0.204184655709463,0.0258064516129032,310,0.812671425125922,0.570135949971615
wsnp_BF202706D_Ta_1_1,chr4D,218513069,0.192253197356407,0.12258064516129,310,0.805003316892821,0.320107047475005
Ku_c2271_358,chr4D,253939544,0.260650060282315,0.0274193548387097,310,0.840742604906267,0.459438985879117
wsnp_BF473052D_Ta_2_1,chr4D,441152501,0.0422791263317765,0.00967741935483871,310,0.648217088385006,1.33872690945916
D_GDS7LZN02F0W89_230,chr4D,458388630,0.627554164671925,0.00645161290322581,310,0.932111634579771,0.419901175318195
BS00022436_51,chr4D,458393778,0.363747236709298,0.00645161290322581,310,0.865982761147894,-0.778005587810057
BS00064002_51,chr4D,458802353,0.853908116638064,0.0403225806451613,310,0.985369286006082,0.0609174529853931
BS00106571_51,chr4D,458807647,0.0752531081939766,0.0403225806451613,310,0.712688614716031,0.5610875417307
BS00047797_51,chr4D,459122261,0.211387494586354,0.032258064516129,310,0.812671425125922,0.474704305003939
BS00101071_51,chr5A,9357157,0.606215558750467,0.0290322580645161,310,0.92350985534583,-0.187787444539808
wsnp_Ku_c9559_15999945,chr5A,9546069,0.966058556775689,0.229032258064516,310,0.995634372541971,-0.00858594851790428
Kukri_c17126_1211,chr5A,9547331,0.734214781622586,0.258064516129032,310,0.950796002076229,-0.0635834600602863
wsnp_Ex_c25707_34968426,chr5A,9548776,0.504186579082198,0.241935483870968,310,0.90354734811181,-0.127140338212371
Ra_c10762_1137,chr5A,9549092,0.492896076177524,0.240322580645161,310,0.897893156571895,-0.135420029613996
Kukri_c29420_310,chr5A,10633268,0.868261612220816,0.237096774193548,310,0.985369286006082,-0.0310538458920462
wsnp_BE399966A_Ta_2_3,chr5A,11349947,0.179034959268214,0.0564516129032258,310,0.797063666079024,-0.385981304594395
wsnp_Ku_c1254_2498515,chr5A,11617185,0.985135998536856,0.230645161290323,310,0.996258731030831,-0.00342460672216305
Excalibur_rep_c88724_127,chr5A,22324829,0.509656556692559,0.27741935483871,310,0.905926374150075,-0.147054726568925
BS00029347_51,chr5A,50006921,0.804264369755924,0.0709677419354839,310,0.964669295305442,-0.064484939049521
wsnp_Ku_c48254_54492007,chr5A,50403368,0.793039070201136,0.138709677419355,310,0.964599194611458,0.0514683160882825
BS00078654_51,chr5A,52064637,0.978717212457435,0.0709677419354839,310,0.996258731030831,-0.00678002350252882
RAC875_c15192_51,chr5A,52354691,0.837987859472019,0.0709677419354839,310,0.983503371812235,-0.0542889527125894
BS00046772_51,chr5A,53433438,0.66257877174962,0.0838709677419355,310,0.941029833536278,-0.0969358502280357
wsnp_Ra_c212_447994,chr5A,56320359,0.960725321055372,0.0983870967741935,310,0.99543403135568,0.0108535369440119
wsnp_Ku_c1102_2211433,chr5A,56321316,0.820856419756948,0.0741935483870968,310,0.974112353062812,0.0558926069946466
BobWhite_c37803_125,chr5A,77908786,0.995518818673456,0.156451612903226,310,0.997172688033559,0.0011645412538428
TA006001-0725,chr5A,90201408,0.841118315890627,0.148387096774194,310,0.983503371812235,-0.0359739130353631
BobWhite_rep_c49176_485,chr5A,90215490,0.275039329751843,0.067741935483871,310,0.840742604906267,-0.291968271107805
Excalibur_c25331_1224,chr5A,90906625,0.235468079917272,0.0612903225806452,310,0.823905142997663,0.306703814323321
RFL_Contig4653_1217,chr5A,93736406,0.766344203634263,0.101612903225806,310,0.957659270029521,-0.0674411837846023
IAAV5061,chr5A,95154087,0.545245582538375,0.32258064516129,310,0.917308043924273,0.0894891913141578
wsnp_Ex_c2922_5391083,chr5A,96200429,0.622417427820523,0.0967741935483871,310,0.928829030352204,-0.107871141988817
RAC875_c29957_355,chr5A,96204453,0.209788232673578,0.491935483870968,310,0.812671425125922,0.250114091882267
Excalibur_c22926_514,chr5A,97211536,0.510641012254372,0.109677419354839,310,0.905926374150075,-0.129175851771755
wsnp_Ra_c10053_16636851,chr5A,102991330,0.645727099746032,0.466129032258065,310,0.93919268000923,-0.0981604811000807
wsnp_Ku_c16812_25759885,chr5A,102992259,0.375317822436972,0.0741935483870968,310,0.865982761147894,-0.224818259207012
Ku_c4397_2120,chr5A,103387172,0.72062945186782,0.209677419354839,310,0.948221829235937,0.073737254188714
wsnp_Ex_c130_259533,chr5A,108202113,0.683915454898361,0.0741935483870968,310,0.942298613525216,-0.0953676268900878
Ex_c5902_360,chr5A,111232258,0.223878252140463,0.398387096774194,310,0.823119363372803,-0.24166260479052
BS00045284_51|wsnp_Ex_c15084_23263641,chr5A,113109004,0.824783810814301,0.082258064516129,310,0.976150699068231,-0.0523926052514483
wsnp_Ra_c13_24911,chr5A,418865118,0.0771456024529148,0.0451612903225806,310,0.712688614716031,-0.572549260901653
wsnp_Ra_c13_24540,chr5A,418865489,0.199595990403889,0.132258064516129,310,0.812671425125922,-0.291741005633995
RAC875_c13_1589,chr5A,418866847,0.44808737956083,0.0903225806451613,310,0.8789271838063,-0.234961697456455
wsnp_Ex_c4666_8349206,chr5A,418968514,0.269721811072805,0.0532258064516129,310,0.840742604906267,-0.465575586195442
Tdurum_contig49844_958|tplb0031i04_452,chr5A,419574386,0.418032812083354,0.135483870967742,310,0.871658772942706,-0.183993326734893
CAP12_c667_143,chr5A,420174302,0.678454692037191,0.140322580645161,310,0.941029833536278,-0.0966626120001877
RAC875_c4033_192,chr5A,444492894,0.0359977605904935,0.0403225806451613,310,0.629782603598039,-0.680541740898477
BS00067453_51,chr5A,450797402,0.821491517533307,0.0338709677419355,310,0.974211752672049,0.0810842253334414
BS00089968_51,chr5A,450898638,0.779598207140237,0.217741935483871,310,0.963745869752483,0.0486427400741292
Tdurum_contig43874_1129,chr5A,470754069,0.765888894773904,0.05,310,0.957659270029521,-0.0996857400783568
wsnp_Ex_c2474_4619730,chr5A,473639409,0.888092075160287,0.212903225806452,310,0.990150938867781,-0.0215179646393224
Kukri_c1106_1489,chr5A,482529631,0.543700165488185,0.256451612903226,310,0.917308043924273,0.0934656580795661
Tdurum_contig49187_601,chr5A,483286973,0.516531507665333,0.469354838709677,310,0.909074874546458,0.169034277619573
CAP8_c1066_309,chr5A,489070639,0.263912564839546,0.153225806451613,310,0.840742604906267,0.237963317424317
Tdurum_contig96830_155,chr5A,489446077,0.214677780675887,0.240322580645161,310,0.819299435106463,0.206015057648543
Ex_c9327_1198,chr5A,489450223,0.172007212347518,0.25,310,0.793606925316825,0.220169285484033
RAC875_c18195_718,chr5A,506206035,0.312589556208854,0.25,310,0.851553475427224,0.243051620114187
BobWhite_c1387_798,chr5A,529293612,0.43745578740266,0.437096774193548,310,0.8789271838063,0.100892962824204
wsnp_Ex_c3670_6694480,chr5A,536305605,0.453494120041724,0.116129032258065,310,0.879737993102466,0.146626928515168
BS00021805_51,chr5A,536306153,0.172689974072464,0.0935483870967742,310,0.793606925316825,0.326473638334789
BS00067676_51,chr5A,555910234,0.435104786146271,0.320967741935484,310,0.8789271838063,-0.10232218006788
BS00065292_51,chr5A,556701936,0.356202605025253,0.324193548387097,310,0.865982761147894,0.200444131022977
RFL_Contig2031_2040,chr5A,560134598,0.0219660067746282,0.491935483870968,310,0.613170055432755,0.332867637171944
BS00077858_51,chr5A,560556750,0.00211430857319277,0.341935483870968,310,0.274025536417407,-0.43466927888737
BS00010179_51,chr5A,560558215,0.626198270481564,0.391935483870968,310,0.932111634579771,-0.0638363283347445
RAC875_c23340_2243,chr5A,560787823,0.40512160280997,0.232258064516129,310,0.867410522191443,0.148126601888421
Tdurum_contig71499_211,chr5A,571844070,0.0423686840116703,0.179032258064516,310,0.648217088385006,-0.349117667399256
Ex_c4208_839,chr5A,574186123,0.402234995299033,0.387096774193548,310,0.865982761147894,-0.169834016323648
Excalibur_c54774_408,chr5A,594527080,0.242954503486064,0.435483870967742,310,0.829406872253407,0.281468419683705
Tdurum_contig50175_875,chr5A,595410894,0.0170216925219247,0.356451612903226,310,0.613170055432755,-0.423979227010591
RFL_Contig316_572,chr5A,596468536,0.480730203801358,0.203225806451613,310,0.893217949649842,-0.142789833061471
Ku_c21235_676,chr5A,619747127,0.884848179365016,0.391935483870968,310,0.990150938867781,0.0199908819661943
wsnp_Ex_c53426_56666788,chr5A,626963779,0.177745614820643,0.119354838709677,310,0.797063666079024,0.249350589633472
wsnp_Ex_c16715_25264080,chr5A,634713681,0.477489215271722,0.385483870967742,310,0.892111409557269,-0.0996586651939708
BobWhite_c2830_327,chr5A,658205331,0.334749927186114,0.338709677419355,310,0.863682114611568,-0.2064165759069
TA003720-0955,chr5A,658352121,0.121448117070792,0.0725806451612903,310,0.765245031429273,0.406767069995794
CAP8_rep_c4852_130,chr5A,658544683,0.549758498776703,0.12258064516129,310,0.917308043924273,0.139533130281094
BS00067351_51,chr5A,672599918,0.250221981972094,0.137096774193548,310,0.83894592148146,-0.235836109652205
CAP11_c2623_196,chr5A,678261079,0.152393629984146,0.285483870967742,310,0.793606925316825,0.280133393888178
BobWhite_rep_c63332_67,chr5A,678938518,0.471084338887846,0.269354838709677,310,0.892111409557269,0.115865785449813
wsnp_Ra_c25624_35192195,chr5A,682249930,0.557747645056159,0.253225806451613,310,0.92096426159172,-0.112687941384351
BobWhite_c6966_236,chr5A,684113579,0.157494321513905,0.0564516129032258,310,0.793606925316825,-0.469103006727565
CAP12_c956_61,chr5A,685656275,0.371764411127684,0.264516129032258,310,0.865982761147894,-0.184876211529584
wsnp_Ex_c3136_5798185,chr5A,686253587,0.588177076671403,0.259677419354839,310,0.92350985534583,-0.109924730592269
BS00036851_51,chr5A,686258686,0.630061030277365,0.267741935483871,310,0.932111634579771,-0.0972461309147121
tplb0029a15_1300,chr5A,686258843,0.969232540258966,0.301612903225806,310,0.996140480069802,0.00716451414550079
Ku_c19516_384,chr5A,688004183,0.233017653866108,0.0516129032258065,310,0.823905142997663,0.382281143770896
BS00023152_51,chr5A,688483685,0.0199187178666129,0.0419354838709677,310,0.613170055432755,-0.824393130846069
BS00022864_51,chr5A,701425767,0.374240694488297,0.0193548387096774,310,0.865982761147894,-0.450535233740741
BS00034658_51,chr5B,473718,0.296237331461402,0.2,310,0.848699092855092,0.165406909609466
IACX7443,chr5B,1565766,0.166254669303711,0.212903225806452,310,0.793606925316825,0.244563887816611
wsnp_Ex_c214_422365,chr5B,44131996,0.993392829683165,0.0451612903225806,310,0.996258731030831,-0.00245093517349915
Tdurum_contig81708_212,chr5B,45851978,0.598115016751487,0.0225806451612903,310,0.92350985534583,-0.22755030774578
BS00045447_51,chr5B,331676966,0.720581420362132,0.433870967741936,310,0.948221829235937,0.0605707984817911
BS00045446_51,chr5B,331676982,0.850082329827576,0.424193548387097,310,0.985369286006082,-0.0256465434880653
BS00023803_51|wsnp_Ex_c8985_14979134,chr5B,354891844,0.788138463264741,0.390322580645161,310,0.964599194611458,0.0370093504890718
Kukri_c23070_350,chr5B,355139255,0.513810958667309,0.3,310,0.907201378149227,-0.0849053223737357
TA008675-0589,chr5B,357771776,0.105022132859851,0.183870967741935,310,0.744814967788403,0.372562700757413
BS00002191_51,chr5B,359067842,0.28809815246648,0.37258064516129,310,0.843697817893676,0.199191746207106
RAC875_c42518_57,chr5B,359816371,0.499901316996993,0.295161290322581,310,0.902902020248654,0.126707228170574
wsnp_Ex_c6391_11109898,chr5B,359816662,0.924455307379817,0.408064516129032,310,0.994532217349929,0.0130930956805315
Kukri_c36789_230,chr5B,360466353,0.814455436786986,0.398387096774194,310,0.972508997739223,0.030956258161325
wsnp_Ex_c2132_4006417,chr5B,360525728,0.292278162237892,0.141935483870968,310,0.848699092855092,-0.184528129052723
wsnp_Ex_c2132_4004831,chr5B,360528244,0.333605173646727,0.367741935483871,310,0.863682114611568,-0.135355973749782
Kukri_c38365_158,chr5B,360535355,0.856485956757383,0.474193548387097,310,0.985369286006082,-0.0255857992876258
BS00070771_51,chr5B,361040947,0.102850866513425,0.154838709677419,310,0.744814967788403,-0.270524397716414
Ex_c5632_778,chr5B,361042376,0.560341227179656,0.429032258064516,310,0.92096426159172,-0.0797504531201412
wsnp_Ex_c5632_9904112,chr5B,361042777,0.943853962678988,0.32741935483871,310,0.994532217349929,-0.0100975920534836
Kukri_c17783_58,chr5B,361043921,0.620858326658551,0.341935483870968,310,0.928537345700825,-0.0682553996919353
BS00022086_51,chr5B,361887298,0.952720803666088,0.403225806451613,310,0.994532217349929,-0.00827026629943362
wsnp_Ku_c7199_12444840,chr5B,361887841,0.739626112086143,0.429032258064516,310,0.951676140173662,-0.0443514621469774
RAC875_c47060_61,chr5B,361888806,0.692570721654072,0.109677419354839,310,0.943354107384678,0.0793548541651035
wsnp_Ex_c40022_47169752,chr5B,361901491,0.347362749744928,0.380645161290323,310,0.865982761147894,0.160016091930714
wsnp_Ex_c40022_47169698,chr5B,361901545,0.987762467124303,0.235483870967742,310,0.996258731030831,-0.00249860297677174
Ex_c40022_873,chr5B,361902277,0.127672786067047,0.411290322580645,310,0.7673338661121,0.205039351166505
IAAV3825,chr5B,362344561,0.724290816882183,0.290322580645161,310,0.948221829235937,0.0606371795815193
CAP12_c1419_574,chr5B,367232787,0.280399671967754,0.332258064516129,310,0.840742604906267,0.145789884487442
IAAV5873,chr5B,413547967,0.059191317800641,0.154838709677419,310,0.703739611647022,-0.335988393326382
Excalibur_rep_c110067_199,chr5B,464223005,0.170786971810233,0.0645161290322581,310,0.793606925316825,-0.362947635874896
Ku_c1083_1314,chr5B,479329184,0.0336145183676648,0.0516129032258065,310,0.629406327683974,-0.62067044150583
RFL_Contig658_1166,chr5B,480565937,0.488186937651735,0.183870967741935,310,0.896700955125381,0.119608440223296
Excalibur_c10444_2056,chr5B,480797485,0.0537978990874332,0.267741935483871,310,0.693875092609449,0.330824135476618
Kukri_rep_c103253_565,chr5B,482345599,0.208427543452159,0.245161290322581,310,0.812671425125922,0.199476474830313
Excalibur_c44034_479,chr5B,508433475,0.593776679326356,0.137096774193548,310,0.92350985534583,-0.139816446271254
BobWhite_c9070_287,chr5B,515089459,0.191820261232432,0.0548387096774194,310,0.805003316892821,0.453459901504992
wsnp_Ex_c1314_2513802,chr5B,517063261,0.875414399190009,0.229032258064516,310,0.987776017476849,0.0266619264982495
Excalibur_c35011_203,chr5B,536861033,0.707995777776645,0.0854838709677419,310,0.943354107384678,0.132970662425677
BobWhite_c47456_121,chr5B,536864108,0.70835183667085,0.0532258064516129,310,0.943354107384678,0.132907099764338
Tdurum_contig67535_391,chr5B,537083150,0.341471884626435,0.140322580645161,310,0.865682668773185,0.233019803295534
BS00017264_51,chr5B,550885636,0.161753204797744,0.0274193548387097,310,0.793606925316825,0.577117638465161
RAC875_c10139_336,chr5B,550954241,0.0620406828585126,0.433870967741936,310,0.703739611647022,0.439076238904391
Excalibur_c33675_201,chr5B,551546734,0.0709807972817541,0.169354838709677,310,0.712688614716031,0.396478169610162
Excalibur_c29928_1264,chr5B,551657746,0.797440094973114,0.0790322580645161,310,0.964599194611458,0.0617214874984455
Ku_c11429_519,chr5B,555007956,0.922503253601235,0.0741935483870968,310,0.994532217349929,0.0223986198367996
RAC875_c7011_435,chr5B,584376293,0.361038677659204,0.130645161290323,310,0.865982761147894,0.229525204361124
RFL_Contig539_1789,chr5B,584793957,0.333996264495696,0.388709677419355,310,0.863682114611568,0.134979096176536
BobWhite_c11495_120,chr5B,585291153,0.530511774266894,0.437096774193548,310,0.914274055919141,-0.104009002145816
BS00022673_51,chr5B,585345950,0.379250266736552,0.382258064516129,310,0.865982761147894,0.1284533856998
Kukri_c59540_137,chr5B,587550927,0.673507421141836,0.212903225806452,310,0.941029833536278,0.0624114158611206
wsnp_Ex_c11265_18216936,chr5B,588628753,0.326006526582154,0.00967741935483871,310,0.859797242191137,0.655646285007691
Kukri_c6176_1400,chr5B,589773102,0.993109744472322,0.417741935483871,310,0.996258731030831,0.00120107676580972
Excalibur_rep_c106165_238,chr5B,592445656,0.988525890578522,0.353225806451613,310,0.996258731030831,0.00199063317545267
Ra_c2216_1449,chr5B,592446577,0.940181532478292,0.398387096774194,310,0.994532217349929,-0.00979674310971745
Tdurum_contig10669_1535,chr5B,592493445,0.851495066594682,0.420967741935484,310,0.985369286006082,-0.0297811297658654
BS00080495_51,chr5B,592950186,0.779513939673845,0.0806451612903226,310,0.963745869752483,0.0673432764501669
tplb0021e12_793,chr5B,593131916,0.724447917073296,0.220967741935484,310,0.948221829235937,-0.0619417647619969
tplb0021e12_768,chr5B,593131941,0.0853807952561783,0.274193548387097,310,0.712688614716031,0.320035692932436
BS00021735_51,chr5B,595269513,0.903408941608615,0.4,310,0.990150938867781,-0.0170983707304373
wsnp_Ra_c47696_53184502,chr5B,595269762,0.649165332611056,0.35,310,0.93919268000923,0.0637090358989667
BobWhite_rep_c50349_139,chr5B,596112681,0.750936164891148,0.240322580645161,310,0.951676140173662,0.061900416525333
IACX5390,chr5B,596114112,0.446475823960194,0.167741935483871,310,0.8789271838063,-0.122661250947985
Tdurum_contig13773_321,chr5B,597202829,0.479188006314786,0.0580645161290323,310,0.892111409557269,0.226648163586638
BS00026678_51,chr5B,598319581,0.461032438127229,0.0645161290322581,310,0.884521518100776,0.207193755147934
BS00022065_51,chr5B,604865232,0.279980968075571,0.148387096774194,310,0.840742604906267,0.20423038727553
Tdurum_contig43078_437,chr5B,605003201,0.188234089495394,0.262903225806452,310,0.797063666079024,0.243609386073061
Tdurum_contig70554_1006,chr5B,605128793,0.428842321492179,0.129032258064516,310,0.876028187371884,0.153467300951974
Tdurum_contig68741_839,chr5B,611698146,0.508862217659402,0.435483870967742,310,0.905498024777606,0.135919714909903
Kukri_c10508_438,chr5B,618183711,0.0236443896224461,0.467741935483871,310,0.613170055432755,0.292409522773639
BobWhite_c22036_399,chr5B,618185783,0.0243330871347733,0.479032258064516,310,0.613170055432755,0.309697829334795
Tdurum_contig50731_961,chr5B,618774147,0.183657640498085,0.0709677419354839,310,0.797063666079024,0.366152054331643
wsnp_Ku_c25613_35580381,chr5B,618891524,0.187010900759648,0.491935483870968,310,0.797063666079024,-0.17646292676055
wsnp_Ex_c11070_17950604,chr5B,619349569,0.781792346400726,0.114516129032258,310,0.963745869752483,-0.0534603904193673
wsnp_JD_c6562_7716133,chr5B,621039177,0.0806442740075714,0.475806451612903,310,0.712688614716031,-0.233794969363572
BS00065029_51,chr5B,621040275,0.785995629557754,0.469354838709677,310,0.964599194611458,-0.0366241302305781
Tdurum_contig82473_67,chr5B,621864049,0.398715845660232,0.469354838709677,310,0.865982761147894,-0.11803556560308
Tdurum_contig51422_127,chr5B,622274830,0.297722614451744,0.108064516129032,310,0.848699092855092,-0.261336001491955
Tdurum_contig94033_717,chr5B,623081019,0.573191398994413,0.0274193548387097,310,0.921343833225484,0.222461241870903
BS00037104_51,chr5B,623426098,0.592178789916202,0.0225806451612903,310,0.92350985534583,-0.23140452316418
RAC875_rep_c91630_132,chr5B,623589269,0.271996972516568,0.266129032258065,310,0.840742604906267,0.207729346485266
wsnp_Ku_rep_c102339_89347150,chr5B,623952830,0.00391581714638281,0.391935483870968,310,0.360314320117024,-0.379219221726842
Tdurum_contig5017_1015,chr5B,634799117,0.741004680483961,0.483870967741935,310,0.951676140173662,0.0413683624759784
Tdurum_contig27843_375,chr5B,635941324,0.191211848806198,0.190322580645161,310,0.804455563906074,0.203514497709669
Tdurum_contig29090_280,chr5B,636022907,0.0019558743997952,0.112903225806452,310,0.274025536417407,0.779021730802143
Kukri_rep_c72756_155,chr5B,636023245,0.306801025224625,0.0580645161290323,310,0.849713811241242,-0.27374211074509
RAC875_rep_c109658_614,chr5B,636023548,0.083602725956095,0.375806451612903,310,0.712688614716031,0.298683684577696
RAC875_rep_c109658_382,chr5B,636023780,0.109467359838369,0.454838709677419,310,0.754247365879382,0.199326109228394
RAC875_c48052_127,chr5B,636023819,0.101449582010304,0.438709677419355,310,0.743823283868082,-0.229062266177905
Excalibur_c1925_2569,chr5B,636028611,0.0292006831344782,0.496774193548387,310,0.613170055432755,-0.288703909212032
wsnp_Ra_c12489_19996904,chr5B,636043554,0.123426617972463,0.459677419354839,310,0.765245031429273,0.208929005265603
Kukri_c4096_220,chr5B,657268199,0.709034326829512,0.401612903225806,310,0.943354107384678,-0.0502103717674203
wsnp_Ku_c1045_2115866,chr5B,660297335,0.749692974399748,0.424193548387097,310,0.951676140173662,-0.0404053438343155
Tdurum_contig35470_227,chr5B,660870053,0.138950097112326,0.317741935483871,310,0.785290773027361,-0.207466532334962
Excalibur_c45488_148|wsnp_Ex_c11951_19164786,chr5B,664566617,0.749971038000635,0.345161290322581,310,0.951676140173662,-0.0445840471839531
Tdurum_contig8210_317,chr5B,665696229,0.6316714265962,0.417741935483871,310,0.932111634579771,0.062861104904627
BS00062618_51,chr5B,674914454,0.843798025844566,0.425806451612903,310,0.983503371812235,0.0260240143225019
RAC875_c13208_684,chr5B,676679683,0.355224451138149,0.351612903225806,310,0.865982761147894,-0.206490991253901
BS00069416_51,chr5B,681763131,0.513073708653431,0.441935483870968,310,0.907201378149227,0.2073747170665
Excalibur_c6785_155,chr5B,687835981,0.710585351968878,0.0983870967741935,310,0.943354107384678,0.104465318472066
RFL_Contig5616_1779,chr5B,689325399,0.0983888803549651,0.0758064516129032,310,0.736649403479813,0.44455345015799
Excalibur_c2618_1723,chr5B,690479072,0.579610950680295,0.258064516129032,310,0.92350985534583,-0.0859327707172213
BS00031338_51,chr5B,690681816,0.243611865704311,0.0645161290322581,310,0.829406872253407,0.293173635055773
BS00031339_51,chr5B,690681819,0.128540364668467,0.435483870967742,310,0.7673338661121,-0.190289978783575
Excalibur_c23801_115,chr5B,693423394,0.400589798612497,0.0467741935483871,310,0.865982761147894,0.260436063877421
Kukri_c18410_409,chr5B,695863508,0.0943339828454643,0.0580645161290323,310,0.735945774332881,0.485272607156858
Excalibur_c146_170,chr5B,695866220,0.740949107294718,0.382258064516129,310,0.951676140173662,0.0685130641338674
RFL_Contig3285_1009,chr5B,697225030,0.0337286757883019,0.230645161290323,310,0.629406327683974,0.37730180793902
BobWhite_c3488_386,chr5B,697225666,0.864637095289257,0.0338709677419355,310,0.985369286006082,-0.0615822050045622
RAC875_c79095_311,chr5B,697237337,0.80173252403226,0.0483870967741935,310,0.964599194611458,0.0783509926891881
Excalibur_c34579_263,chr5B,698719268,0.868607240608346,0.211290322580645,310,0.985369286006082,0.0250329191246976
RAC875_rep_c106589_650,chr5B,703925182,0.0527789278010158,0.05,310,0.692051750385219,0.565471664766285
BobWhite_rep_c49751_629,chr5B,703927108,0.15099851864653,0.0774193548387097,310,0.793606925316825,0.408468558589817
Tdurum_contig92922_58,chr5B,703927864,0.990885625438366,0.0951612903225806,310,0.996258731030831,-0.00245638306413554
Excalibur_rep_c106082_272,chr5B,704447399,0.804804724932905,0.124193548387097,310,0.964669295305442,-0.0639832010226229
Tdurum_contig43552_666,chr5B,709702508,0.548539223288285,0.1,310,0.917308043924273,0.126620647708769
Excalibur_c19267_919,chr5D,47392052,0.0769902642977309,0.383870967741935,310,0.712688614716031,0.306566059126098
RAC875_c44064_222,chr5D,47833988,0.313248307316183,0.183870967741935,310,0.851553475427224,0.181044645722309
RAC875_rep_c117371_229,chr5D,47865033,0.0220453256100258,0.167741935483871,310,0.613170055432755,0.441892238483312
Excalibur_c4964_275,chr5D,47905988,0.00911570134007561,0.253225806451613,310,0.499823812122469,0.44155105258065
Excalibur_c37393_75,chr5D,48034868,0.00231175080488752,0.185483870967742,310,0.274025536417407,0.576177251917585
D_GBF1XID01A16U2_148,chr5D,48284437,0.141115115200775,0.196774193548387,310,0.79017303921629,0.25732329982241
BobWhite_c836_422,chr5D,48382226,0.0727405934382667,0.162903225806452,310,0.712688614716031,0.332539536407616
Kukri_c20991_1642,chr5D,49030455,0.0606638781736476,0.193548387096774,310,0.703739611647022,0.317680081538484
BobWhite_c1372_133,chr5D,79000474,0.361071201506043,0.454838709677419,310,0.865982761147894,-0.164481522561687
RAC875_c51455_182,chr5D,83067414,0.0292506242433814,0.187096774193548,310,0.613170055432755,0.391979033840869
BobWhite_c7263_337,chr5D,389145327,0.052491965057678,0.0854838709677419,310,0.692051750385219,0.48650771730037
Kukri_c15380_902,chr5D,449241634,0.736888010932629,0.0790322580645161,310,0.951676140173662,0.0834354302901588
Kukri_c52028_104,chr5D,449246885,0.854581991654921,0.082258064516129,310,0.985369286006082,-0.0477608187344174
BS00067651_51,chr5D,526369070,0.955092144801585,0.279032258064516,310,0.994532217349929,0.00857046383303839
BS00022699_51,chr5D,536839579,0.492507763303114,0.291935483870968,310,0.897893156571895,-0.107746686463145
wsnp_Ku_c44483_51751682,chr5D,545209817,0.895890295568535,0.187096774193548,310,0.990150938867781,0.0276093188484765
D_GB5Y7FA02JRQ1I_101,chr5D,545275332,0.306038836712144,0.187096774193548,310,0.849713811241242,-0.17669251869583
Excalibur_rep_c109856_92,chr5D,545569446,0.531903638644526,0.161290322580645,310,0.914274055919141,0.106342655854846
wsnp_Ku_c10877_17896883,chr5D,545604103,0.73516129553312,0.0887096774193548,310,0.950796002076229,0.0806647675707381
wsnp_Ex_c23618_32855041,chr5D,547984486,0.187711786278919,0.0983870967741935,310,0.797063666079024,0.308393377068946
BobWhite_c13030_406,chr5D,548813910,0.776704694645432,0.140322580645161,310,0.963745869752483,0.0650745808736275
tplb0030a05_2386,chr5D,549987853,0.412904958177606,0.216129032258065,310,0.868324098776036,0.145111655769867
Excalibur_c1289_927,chr5D,549987983,0.446906483206181,0.193548387096774,310,0.8789271838063,0.175519798076564
JD_c825_1450,chr5D,549988825,0.714557577622365,0.17741935483871,310,0.946494182652713,0.0762257902497936
CAP7_c756_531,chr5D,550021324,0.902712289345114,0.348387096774194,310,0.990150938867781,-0.02295563198075
BS00079676_51,chr5D,551738077,0.691113293143984,0.317741935483871,310,0.943354107384678,-0.0613862979535327
RAC875_c13169_459,chr5D,551738684,0.797346185444645,0.190322580645161,310,0.964599194611458,0.0503266929163431
wsnp_JD_c4438_5568170,chr5D,551781233,0.50411463233217,0.287096774193548,310,0.90354734811181,-0.0953935452194585
wsnp_JD_c4438_5567972,chr5D,551781431,0.403420324850603,0.238709677419355,310,0.867206464733595,0.149460409163339
wsnp_JD_c4438_5567834,chr5D,551781569,0.575361443858216,0.329032258064516,310,0.921343833225484,-0.0837889832988594
Kukri_c24695_273,chr5D,551867050,0.27841138213269,0.193548387096774,310,0.840742604906267,0.236881504648025
Excalibur_c28592_377,chr5D,551967239,0.914493938704461,0.129032258064516,310,0.992081934566427,0.0206011821228884
Excalibur_c2795_1518,chr5D,551978729,0.960780700035574,0.119354838709677,310,0.99543403135568,-0.0119868375214764
BS00022036_51,chr5D,552346597,0.950762393189985,0.319354838709677,310,0.994532217349929,0.00922716124598821
wsnp_Ex_c17928_26697183,chr5D,553003074,0.50217133255613,0.256451612903226,310,0.90354734811181,-0.110940424884106
wsnp_Ku_c3022_5674299,chr5D,553003948,0.795201581644428,0.319354838709677,310,0.964599194611458,-0.0374202755815958
BobWhite_c16578_171,chr5D,553257760,0.954101107981565,0.191935483870968,310,0.994532217349929,0.0093811951926952
RAC875_c50750_234,chr5D,553260475,0.673824145366012,0.237096774193548,310,0.941029833536278,0.0619797833330225
Excalibur_rep_c104791_725|wsnp_Ku_c5228_9318604,chr5D,553274247,0.207668548936258,0.164516129032258,310,0.812671425125922,0.209368724509567
D_GCE8AKX02IXEFJ_281,chr5D,553624145,0.149148031706417,0.0725806451612903,310,0.793606925316825,0.440182914470199
Excalibur_c50584_358,chr5D,554264007,0.890567320126664,0.146774193548387,310,0.990150938867781,-0.0261153208989029
RAC875_c31971_336,chr5D,554540351,0.00185378620643349,0.269354838709677,310,0.274025536417407,-0.504574716572918
wsnp_Ra_c40111_47657505,chr5D,555172657,0.815048987498963,0.137096774193548,310,0.972508997739223,0.0530240964821331
wsnp_Ku_rep_c101796_88894110,chr5D,555173572,0.312718117690945,0.354838709677419,310,0.851553475427224,-0.13859932073548
BS00009287_51,chr5D,555174959,0.295171971250091,0.0806451612903226,310,0.848699092855092,-0.354343378640507
BS00084133_51,chr5D,555175675,0.670006156254174,0.0774193548387097,310,0.941029833536278,-0.132841327183002
BS00022267_51,chr5D,555190420,0.693627551661946,0.146774193548387,310,0.943354107384678,-0.0770292352879807
BS00074353_51,chr5D,555565394,0.735272239221666,0.124193548387097,310,0.950796002076229,-0.0756173290954081
BS00075368_51,chr5D,555586190,0.969184369564541,0.145161290322581,310,0.996140480069802,-0.00758497141504932
BS00025017_51,chr5D,555697773,0.958766880325864,0.156451612903226,310,0.995382536742539,-0.00977671505147271
RAC875_c3672_705,chr5D,557354151,0.398966868924294,0.2,310,0.865982761147894,0.155729946633798
D_contig27392_286|Kukri_c6412_124,chr5D,557425850,0.768192387432524,0.0774193548387097,310,0.958662865417389,-0.0671264810171834
GENE-2281_931,chr5D,558361985,0.141594128127593,0.346774193548387,310,0.79017303921629,-0.368212299165094
RAC875_c93365_200,chr5D,562060883,0.479060030834237,0.32258064516129,310,0.892111409557269,0.101975075941596
BS00011935_51,chr5D,562252120,0.304992548455572,0.32741935483871,310,0.849713811241242,0.172249969543131
BS00094333_51,chr5D,562252514,0.423716214841307,0.32258064516129,310,0.872618358536817,0.132628092090272
D_GDS7LZN02F4FP5_176,chr5D,562289685,0.931099439934391,0.459677419354839,310,0.994532217349929,0.0140557046684933
BS00010322_51,chr5D,562558071,0.599272111843625,0.0354838709677419,310,0.92350985534583,0.185789698390671
tplb0031c19_924,chr5D,562593253,0.771952761183315,0.312903225806452,310,0.961268871748356,0.0481753324865934
RAC875_c8100_245,chr5D,562835131,0.23439655149229,0.348387096774194,310,0.823905142997663,0.191390515354854
wsnp_Ex_c11055_17928283,chr5D,564030767,0.138453899498004,0.0435483870967742,310,0.785290773027361,0.535553236547017
wsnp_Ex_c11055_17927692,chr5D,564031713,0.949606868691921,0.0467741935483871,310,0.994532217349929,0.0200699586114226
BS00070751_51,chr5D,564411054,0.258437332008195,0.374193548387097,310,0.840742604906267,0.174649068309847
BS00021991_51,chr5D,564416759,0.127711471590815,0.304838709677419,310,0.7673338661121,0.260590083671886
BS00085191_51,chr5D,564417082,0.156789915472785,0.316129032258064,310,0.793606925316825,0.226866948840524
BobWhite_c47158_89,chr5D,564444102,0.324265669367214,0.316129032258064,310,0.859797242191137,0.160533731458912
wsnp_Ex_c6657_11523455,chr5D,564972428,0.400595490082498,0.295161290322581,310,0.865982761147894,0.127184242430857
RAC875_c3988_3479,chr5D,565042995,0.331030081846237,0.145161290322581,310,0.863682114611568,0.178049470816617
Excalibur_c33062_305,chr5D,565149017,0.195064831676701,0.109677419354839,310,0.812306102783138,0.267814009631969
Excalibur_c19430_1066,chr6A,853287,0.9489003423636,0.393548387096774,310,0.994532217349929,-0.0144249008450856
RAC875_c13610_822,chr6A,856118,0.0250193290362568,0.246774193548387,310,0.613170055432755,-0.371561452471894
Kukri_c7146_870,chr6A,1179961,0.0847344338765838,0.412903225806452,310,0.712688614716031,-0.222992642930848
Kukri_c8500_728,chr6A,1371862,0.0407813021197996,0.404838709677419,310,0.648217088385006,0.29400048496511
Tdurum_contig44853_1083,chr6A,1381461,0.396603520225613,0.280645161290323,310,0.865982761147894,0.118861789133391
RAC875_c6135_95,chr6A,3392250,0.0103003016773391,0.267741935483871,310,0.535312737172297,-0.415681963306533
BobWhite_rep_c52979_181,chr6A,5330053,0.469911987698596,0.346774193548387,310,0.891873772570804,-0.0936630267441956
Excalibur_c431_1130,chr6A,6284330,0.975723746904752,0.246774193548387,310,0.996258731030831,0.00473788759497751
Tdurum_contig12045_868,chr6A,6284606,0.407623677688592,0.148387096774194,310,0.868324098776036,-0.165422234495963
wsnp_Ex_c431_848217,chr6A,6284933,0.98177225271655,0.141935483870968,310,0.996258731030831,0.00475714582992737
TA005787-0140,chr6A,6305743,0.555881276827191,0.212903225806452,310,0.92096426159172,0.0970793535106438
RFL_Contig5170_330,chr6A,7488477,0.114494542682867,0.461290322580645,310,0.757722310564143,0.351341123878456
Kukri_c3009_1374,chr6A,7492582,0.524669247822381,0.362903225806452,310,0.913726128814379,0.148559328072253
IAAV9150,chr6A,7492910,0.695924045521387,0.180645161290323,310,0.943354107384678,-0.0717553161669713
BobWhite_c13779_636,chr6A,10477021,0.879002464193239,0.225806451612903,310,0.989297677853156,-0.032493727541322
wsnp_Ex_c9779_16145653,chr6A,10757488,0.5250868533349,0.480645161290323,310,0.913726128814379,-0.0869970466333143
Kukri_c21443_482,chr6A,14518123,0.264207804483215,0.47741935483871,310,0.840742604906267,0.190207020590293
Excalibur_c8197_381,chr6A,19116006,0.541234536277796,0.0548387096774194,310,0.917308043924273,0.175885818370055
RAC875_c45444_883,chr6A,21672758,0.0710544782691595,0.0596774193548387,310,0.712688614716031,0.577059362501544
Tdurum_contig9544_2233,chr6A,31858297,0.148277370039924,0.175806451612903,310,0.793606925316825,-0.290485628076354
TA001668-0792,chr6A,32055395,0.252971218643894,0.154838709677419,310,0.83894592148146,-0.204727903471614
BS00076530_51,chr6A,32106332,0.951098689224016,0.25,310,0.994532217349929,0.01177566077817
BS00063990_51,chr6A,47790264,0.340106870410045,0.345161290322581,310,0.863682114611568,0.195980729003395
wsnp_Ex_c15378_23639387,chr6A,48436676,0.184914465812937,0.438709677419355,310,0.797063666079024,-0.170522627900525
Tdurum_contig17126_1477,chr6A,59543545,0.382515726183444,0.430645161290323,310,0.865982761147894,0.173563202640878
BobWhite_c18017_209,chr6A,60193545,0.454127883083465,0.438709677419355,310,0.879737993102466,-0.238434733731822
IAAV2681,chr6A,72679186,0.422634689739929,0.217741935483871,310,0.872618358536817,-0.179132178867405
Ra_c28284_223,chr6A,76531998,0.375706749423791,0.374193548387097,310,0.865982761147894,-0.126969994107853
Kukri_c14418_2376,chr6A,518727439,0.336467610100346,0.0935483870967742,310,0.863682114611568,0.300409969088165
wsnp_Ku_c4296_7807837,chr6A,520757834,0.026202379321628,0.403225806451613,310,0.613170055432755,0.321877017952431
wsnp_JD_c10969_11530496,chr6A,520918877,0.428341467826069,0.483870967741935,310,0.876028187371884,0.119283512005154
wsnp_JD_c3839_4902725,chr6A,520965138,0.428367373798062,0.190322580645161,310,0.876028187371884,0.193251655129714
RAC875_c7560_398,chr6A,522646901,0.207122289789618,0.185483870967742,310,0.812671425125922,0.307995368710948
wsnp_Ex_c8741_14630167,chr6A,522657633,0.0684399686421088,0.306451612903226,310,0.712688614716031,0.336434420933159
wsnp_JD_rep_c48797_33040150,chr6A,522657674,0.267998765675982,0.206451612903226,310,0.840742604906267,0.250294993756796
BS00063215_51,chr6A,524104335,0.0935111706712391,0.270967741935484,310,0.735945774332881,0.238254222075206
IAAV5035|wsnp_CAP12_c1226_628910,chr6A,524873532,0.794531318981503,0.27741935483871,310,0.964599194611458,0.0446254771627537
BS00065633_51,chr6A,526232270,0.719121979250495,0.469354838709677,310,0.948221829235937,0.0560912355162486
BS00074754_51,chr6A,528369319,0.146788626351283,0.398387096774194,310,0.793606925316825,0.206107013086836
BS00037223_51,chr6A,528565875,0.233340828409345,0.398387096774194,310,0.823905142997663,0.173302816362735
Ku_c18430_1287,chr6A,529666950,0.304947719116366,0.367741935483871,310,0.849713811241242,0.152875658039449
RAC875_c691_1486,chr6A,530666612,0.173362916339725,0.375806451612903,310,0.793606925316825,0.207357254329793
BS00010780_51,chr6A,530669193,0.908435984131504,0.4,310,0.991033811767011,0.016627213104826
Kukri_c19612_514,chr6A,530784353,0.573789073805675,0.387096774193548,310,0.921343833225484,0.0801630355751115
BS00028263_51,chr6A,532025818,0.55942919705173,0.395161290322581,310,0.92096426159172,0.0856578060836313
BS00087447_51,chr6A,532779860,0.161892497894682,0.393548387096774,310,0.793606925316825,0.190072162069384
wsnp_BE490147A_Ta_2_1,chr6A,539626421,0.865935574746759,0.225806451612903,310,0.985369286006082,-0.0289262098202414
CAP8_rep_c9395_153,chr6A,540211451,0.652840198815853,0.214516129032258,310,0.93919268000923,-0.0761627329835974
wsnp_Ex_rep_c86110_78630016,chr6A,546248727,0.135356645752414,0.211290322580645,310,0.781618277923253,0.248085483755176
BS00072216_51,chr6A,549119737,0.412503310156526,0.195161290322581,310,0.868324098776036,0.149713217017585
Kukri_c19802_710,chr6A,552338674,0.841048039537233,0.267741935483871,310,0.983503371812235,-0.0395388754382964
wsnp_RFL_Contig3136_3092151,chr6A,561390593,0.839387253243118,0.211290322580645,310,0.983503371812235,-0.0437184217123416
wsnp_BE495143A_Ta_2_2,chr6A,578284241,0.607814271377905,0.196774193548387,310,0.92350985534583,0.0835325009635994
BS00062781_51,chr6A,578284926,0.286910695992178,0.195161290322581,310,0.843697817893676,0.168179199016237
Excalibur_c10372_1256,chr6A,583458047,0.612171433635734,0.120967741935484,310,0.92350985534583,0.0987887085051398
Tdurum_contig29357_338,chr6A,592907982,0.733280315963096,0.141935483870968,310,0.950796002076229,-0.0677728129538053
wsnp_Ex_c20457_29526403,chr6A,594560074,0.22201379769618,0.15,310,0.823119363372803,0.233230796552512
wsnp_Ex_c20457_29526260,chr6A,594560217,0.38442761299793,0.106451612903226,310,0.865982761147894,0.177957943996319
RFL_Contig1715_631,chr6A,595459929,0.707246076371054,0.159677419354839,310,0.943354107384678,0.0754768018086622
RFL_Contig6053_3082,chr6A,596082476,0.990908381375058,0.0548387096774194,310,0.996258731030831,-0.00371081439088528
Tdurum_contig46670_1680,chr6A,597608897,0.0822642238223167,0.017741935483871,310,0.712688614716031,1.02729697605641
RAC875_c1998_2067,chr6A,597610510,0.155661897463817,0.0516129032258065,310,0.793606925316825,0.393227092894833
Tdurum_contig33799_172,chr6A,599763478,0.494927045101997,0.208064516129032,310,0.898830352839398,0.115831699931398
wsnp_Ra_c11651_18855691,chr6A,602037120,0.746274533217171,0.179032258064516,310,0.951676140173662,0.0607372663314507
RAC875_c15525_271,chr6A,603916407,0.531035676307135,0.309677419354839,310,0.914274055919141,-0.106214444683516
Excalibur_c25390_2483,chr6A,604252528,0.45654767383982,0.301612903225806,310,0.879737993102466,-0.113841149831956
RAC875_c38488_164,chr6A,604394245,0.877949917482319,0.116129032258065,310,0.988742832499209,0.0339748295764934
Tdurum_contig30953_142,chr6A,604395580,0.0896812531444809,0.116129032258065,310,0.733642473640267,0.383084880336462
Excalibur_c79991_552,chr6A,606064043,0.877077211022133,0.496774193548387,310,0.988389943798538,0.0193238721350752
D_GDEEGVY02GMZ4L_337,chr6A,606943130,0.259611863016447,0.362903225806452,310,0.840742604906267,-0.17241015646178
RFL_Contig5262_1500,chr6A,608640995,0.987477513442167,0.191935483870968,310,0.996258731030831,0.00268829779708568
BS00034337_51,chr6A,609188436,0.269649149264114,0.330645161290323,310,0.840742604906267,-0.144227680496492
BobWhite_c10832_1131,chr6A,609602209,0.122756860912135,0.293548387096774,310,0.765245031429273,0.269022853018043
Tdurum_contig83087_104,chr6A,610598464,0.992248730356352,0.124193548387097,310,0.996258731030831,-0.00201794577422021
Kukri_rep_c70558_246,chr6A,614102014,0.0913039639850175,0.287096774193548,310,0.735945774332881,0.244072735359978
tplb0050d17_1401,chr6A,614416275,0.710161514091612,0.0483870967741935,310,0.943354107384678,-0.104123410710514
BobWhite_c27364_124,chr6A,614732976,0.336260835000946,0.274193548387097,310,0.863682114611568,0.202279961508538
Kukri_c494_1479,chr6A,616792479,0.756778971891209,0.196774193548387,310,0.953178048852883,-0.0498094420371515
Excalibur_c5082_158,chr6A,619345299,0.574884971946645,0.495161290322581,310,0.921343833225484,-0.0671164262168134
IAAV1761,chr6B,4340062,0.723898873640142,0.141935483870968,310,0.948221829235937,-0.0599685868871802
Tdurum_contig61178_618,chr6B,4557815,0.580617259607326,0.232258064516129,310,0.92350985534583,-0.12949188548437
RFL_Contig2424_2617,chr6B,5579542,0.747029381056659,0.117741935483871,310,0.951676140173662,0.0635666560551371
Kukri_c21405_2131,chr6B,5581925,0.845768429555078,0.193548387096774,310,0.984027022888943,0.031433201942022
Ex_c16090_1439,chr6B,7226097,0.507861352856812,0.137096774193548,310,0.905498024777606,0.122227849937872
Tdurum_contig32779_217,chr6B,9654099,0.38198473381045,0.0629032258064516,310,0.865982761147894,0.230684642258808
RFL_Contig3110_2172,chr6B,17158086,0.286533853654372,0.390322580645161,310,0.843697817893676,0.1855440839457
Excalibur_c50559_622,chr6B,17275679,0.39524310720033,0.154838709677419,310,0.865982761147894,0.218288567927914
wsnp_Ex_c702_1383612,chr6B,21203244,0.0275975885292177,0.470967741935484,310,0.613170055432755,-0.299523874215851
Kukri_rep_c104879_103,chr6B,40166798,0.234130970154622,0.0661290322580645,310,0.823905142997663,0.300314653527401
Tdurum_contig9612_971,chr6B,40407602,0.286022938192523,0.437096774193548,310,0.843697817893676,0.140802739803618
RAC875_c92963_773,chr6B,41395152,0.696237002511948,0.166129032258065,310,0.943354107384678,-0.088636172687373
Excalibur_rep_c76289_85,chr6B,41657316,0.458738540389342,0.217741935483871,310,0.88216514404851,-0.126151054582358
RAC875_c26450_575,chr6B,41657660,0.380283462679668,0.293548387096774,310,0.865982761147894,0.131512698607651
BS00100307_51,chr6B,41872065,0.121914451703019,0.317741935483871,310,0.765245031429273,0.211672156032968
BS00090070_51,chr6B,41931523,0.177205180887801,0.109677419354839,310,0.797063666079024,0.294902102081004
Kukri_c35255_1234,chr6B,41947726,0.419730539393031,0.32258064516129,310,0.872545721302925,0.101728708416033
Tdurum_contig43092_876,chr6B,41948125,0.0476525701058337,0.220967741935484,310,0.675092392874139,0.330492882802012
Kukri_rep_c103613_253,chr6B,41949545,0.109700946820035,0.138709677419355,310,0.754247365879382,0.287810930555295
Kukri_c61725_362,chr6B,42487282,0.610425529355308,0.190322580645161,310,0.92350985534583,0.0802959307327455
RAC875_c13920_836,chr6B,42779478,0.221543451853529,0.353225806451613,310,0.823119363372803,0.167629758143804
IACX6023,chr6B,43274391,0.0413906911609475,0.193548387096774,310,0.648217088385006,0.46322640361339
Tdurum_contig61150_752,chr6B,61999322,0.972697849254077,0.0790322580645161,310,0.996258731030831,-0.00842028895799274
Tdurum_contig58200_210,chr6B,91788342,0.3087569732108,0.47258064516129,310,0.85049860005368,0.136780383646908
Tdurum_contig13901_55,chr6B,91911452,0.56293725642781,0.32741935483871,310,0.92096426159172,0.0765548486823846
wsnp_Ex_c7907_13427724,chr6B,121827975,0.864375362283975,0.193548387096774,310,0.985369286006082,0.0412091124784553
wsnp_Ex_c12577_20022294,chr6B,134856731,0.305554831163856,0.117741935483871,310,0.849713811241242,0.226060318080783
Tdurum_contig41980_2722,chr6B,140447863,0.565959250862016,0.409677419354839,310,0.92096426159172,-0.0767408516256438
Tdurum_contig41980_1727,chr6B,140449098,0.212481153598288,0.42258064516129,310,0.812671425125922,-0.161234150884297
Tdurum_contig41980_619,chr6B,140450206,0.248425826616115,0.379032258064516,310,0.83894592148146,-0.157010169844057
BS00003214_51,chr6B,146559912,0.798984031718611,0.293548387096774,310,0.964599194611458,-0.0373618835822072
Tdurum_contig6121_947,chr6B,159494753,0.58496762161214,0.0483870967741935,310,0.92350985534583,-0.16270743200176
CAP8_c1678_709,chr6B,163564152,0.741179968472873,0.345161290322581,310,0.951676140173662,-0.0456682615867763
BobWhite_c47659_100,chr6B,168506828,0.268188969895958,0.0629032258064516,310,0.840742604906267,0.319358588947878
RAC875_c81264_124,chr6B,175045985,0.467585900176939,0.42258064516129,310,0.891288333994231,-0.0951078942934203
BobWhite_c10140_297,chr6B,176030131,0.146359706930698,0.0806451612903226,310,0.793606925316825,0.369295110457251
wsnp_Ra_c57648_59682822,chr6B,185173497,0.425508729512048,0.0725806451612903,310,0.875289784688927,0.206774798450141
wsnp_CAP8_c1530_885118,chr6B,189339270,0.35156079396394,0.409677419354839,310,0.865982761147894,-0.122846576803013
Kukri_rep_c69660_52,chr6B,189876876,0.546473657010816,0.348387096774194,310,0.917308043924273,-0.0821357470189739
BS00058305_51,chr6B,206629051,0.168063944047088,0.0564516129032258,310,0.793606925316825,0.404698489992796
Ra_c17795_425,chr6B,206630635,0.914233379158624,0.380645161290323,310,0.992081934566427,0.0145978571937491
BobWhite_c17750_568,chr6B,211707872,0.469368554787547,0.379032258064516,310,0.891873772570804,-0.0972676751088244
Kukri_c66543_712,chr6B,228095587,0.493189349180317,0.319354838709677,310,0.897893156571895,0.130668133048715
Excalibur_c28771_400,chr6B,232184408,0.373295641133992,0.158064516129032,310,0.865982761147894,-0.147198002449407
BobWhite_c10852_309,chr6B,235052954,0.873792951652522,0.225806451612903,310,0.986661231535291,0.0231975023304543
Kukri_c44940_117,chr6B,273623097,0.112688956232163,0.0693548387096774,310,0.754247672962999,0.427998120705581
RAC875_c7110_2706,chr6B,277610928,0.478478329836671,0.082258064516129,310,0.892111409557269,0.179524121459991
D_GBB4FNX01BO9N8_336,chr6B,284509623,0.412739323994035,0.0903225806451613,310,0.868324098776036,0.201791740978138
BS00026203_51,chr6B,305885219,0.463635501150275,0.0983870967741935,310,0.885669114089228,0.147939204004309
wsnp_Ex_c16446_24946990,chr6B,318373853,0.437279776808452,0.0612903225806452,310,0.8789271838063,0.22549698175844
Excalibur_c7823_397,chr6B,323148501,0.267624875275137,0.0870967741935484,310,0.840742604906267,0.289498396011197
Ku_c47744_1073,chr6B,425174896,0.156115322526541,0.183870967741935,310,0.793606925316825,-0.297085940685449
BobWhite_c11301_226,chr6B,447219599,0.368989625404008,0.388709677419355,310,0.865982761147894,-0.119998067818827
Ex_c1145_552,chr6B,456101999,0.94745062434316,0.280645161290323,310,0.994532217349929,0.0121712799598441
RAC875_c64560_111,chr6B,456103535,0.162404171101034,0.245161290322581,310,0.793606925316825,-0.289276022850459
BS00067073_51,chr6B,459086682,0.611560339592228,0.0919354838709677,310,0.92350985534583,0.118572331694665
BS00073906_51,chr6B,472040473,0.984532857824527,0.0758064516129032,310,0.996258731030831,0.00514852519663123
RAC875_c6431_1012,chr6B,487244663,0.342322149372416,0.0774193548387097,310,0.865982761147894,0.252102542348119
wsnp_BE591931B_Ta_2_2,chr6B,529149473,0.392635122799838,0.109677419354839,310,0.865982761147894,0.207960075024161
wsnp_JD_c34368_25929293,chr6B,553778886,0.915163301269539,0.475806451612903,310,0.992081934566427,0.018958765553549
Tdurum_contig44173_792,chr6B,560781552,0.586939622993446,0.0564516129032258,310,0.92350985534583,0.164287832519499
RFL_Contig4251_851,chr6B,602793525,0.118864668251644,0.067741935483871,310,0.765245031429273,-0.417886031783297
RAC875_c13216_111,chr6B,630446803,0.829607944164105,0.325806451612903,310,0.979383227766304,-0.0395036733398513
Tdurum_contig76997_244,chr6B,630755690,0.841142505857384,0.359677419354839,310,0.983503371812235,0.0278655835906534
Tdurum_contig76997_462,chr6B,630755908,0.483806186394658,0.401612903225806,310,0.893297315944996,-0.0963555997193879
BS00023050_51|Tdurum_contig76997_664,chr6B,630756109,0.784592718965723,0.369354838709677,310,0.964599194611458,-0.0394279196533915
BS00022599_51,chr6B,632282933,0.599560472576357,0.254838709677419,310,0.92350985534583,0.0831640428711964
Kukri_rep_c68504_1403,chr6B,635965377,0.741982760579887,0.141935483870968,310,0.951676140173662,0.0623802905938433
BobWhite_rep_c53133_385,chr6B,647372358,0.709023155679043,0.12741935483871,310,0.943354107384678,-0.0781637153678574
CAP7_rep_c12929_169,chr6B,650812725,0.349601936384725,0.275806451612903,310,0.865982761147894,0.171660525338865
Tdurum_contig53779_1074,chr6B,652161389,0.219087713397262,0.295161290322581,310,0.823119363372803,0.222684922543465
wsnp_BE637911B_Ta_2_2,chr6B,652162564,0.696595520412441,0.256451612903226,310,0.943354107384678,0.0600326064597994
wsnp_BE637911B_Ta_2_1,chr6B,652162812,0.127349202238126,0.304838709677419,310,0.7673338661121,0.264105381672138
BS00063217_51,chr6B,652871833,0.966747559128944,0.456451612903226,310,0.995634372541971,-0.00717987012227184
BS00068506_51,chr6B,652977737,0.113750880294703,0.285483870967742,310,0.757722310564143,0.295136508068978
GENE-4093_178,chr6B,653046902,0.0974557225427507,0.280645161290323,310,0.735945774332881,-0.243984155583142
Tdurum_contig17421_310,chr6B,667436427,0.887348017041992,0.291935483870968,310,0.990150938867781,-0.0210728443605745
Excalibur_rep_c110824_66,chr6B,667437484,0.453764164639611,0.391935483870968,310,0.879737993102466,0.113229388762576
BS00023080_51,chr6B,667547478,0.410709457502996,0.316129032258064,310,0.868324098776036,-0.120855579364914
BS00109717_51,chr6B,667550423,0.750243933710896,0.461290322580645,310,0.951676140173662,-0.0420406373388289
Kukri_c16404_100,chr6B,668281604,0.705101216746073,0.464516129032258,310,0.943354107384678,0.0465957417223848
BS00041633_51,chr6B,669292378,0.893237914706507,0.485483870967742,310,0.990150938867781,0.0179822876652338
Kukri_c85856_60,chr6B,680423612,0.832434149769044,0.22741935483871,310,0.981916650628772,-0.0465458994105319
Kukri_c20590_210,chr6B,685151594,0.0225390847592779,0.0838709677419355,310,0.613170055432755,0.558354174248272
BobWhite_c27559_270,chr6B,685244445,0.17008344602411,0.1,310,0.793606925316825,0.289525153075445
BS00046264_51,chr6B,687410691,0.798614038245761,0.293548387096774,310,0.964599194611458,-0.0349482455597112
BS00046263_51,chr6B,687410926,0.451154088964107,0.414516129032258,310,0.879737993102466,0.100032118020607
BS00085688_51,chr6B,687621646,0.904226989900426,0.291935483870968,310,0.990150938867781,-0.017196004774803
IAAV3657,chr6B,688071134,0.565819376702635,0.269354838709677,310,0.92096426159172,-0.0808575336850907
Kukri_rep_c101126_469,chr6B,688275278,0.277203008032835,0.403225806451613,310,0.840742604906267,-0.146708502929599
tplb0046e21_618,chr6B,690415049,0.237069889211081,0.0854838709677419,310,0.82623766121495,-0.325873037072142
Tdurum_contig7986_704,chr6B,690415134,0.463579664979683,0.17741935483871,310,0.885669114089228,0.139045653760277
RAC875_c5413_1266,chr6B,692702675,0.913343259654052,0.291935483870968,310,0.992081934566427,0.0155913451414804
wsnp_Ex_c54772_57527555,chr6B,692783381,0.897273407241248,0.475806451612903,310,0.990150938867781,0.0167876068064174
wsnp_Ex_c54772_57528275,chr6B,692784320,0.556916813568069,0.435483870967742,310,0.92096426159172,0.0782297922192186
wsnp_Ex_c293_568575,chr6B,693010696,0.944165485551507,0.0483870967741935,310,0.994532217349929,-0.0265104692292155
wsnp_Ex_c293_568283,chr6B,693010988,0.128321597073301,0.229032258064516,310,0.7673338661121,-0.217674683029607
RAC875_c56205_127,chr6B,694908864,0.300331198160279,0.358064516129032,310,0.849713811241242,0.146967874323906
IAAV1771,chr6B,694909003,0.713326304604688,0.406451612903226,310,0.945572078196911,0.0469708143149319
RAC875_c45987_106,chr6B,694916868,0.861573651282812,0.47741935483871,310,0.985369286006082,-0.0232242977273103
RAC875_c1927_197,chr6B,703811130,0.234994724551655,0.22741935483871,310,0.823905142997663,-0.181092526143992
Excalibur_c10358_1800,chr6D,1151876,0.224063618439343,0.0919354838709677,310,0.823119363372803,-0.269930505973882
Excalibur_c52276_176,chr6D,1503859,0.353935074232058,0.430645161290323,310,0.865982761147894,0.179062726810116
Kukri_c55362_75,chr6D,1820453,0.28940797335104,0.448387096774194,310,0.844332273925954,0.246105097505932
BS00022523_51,chr6D,5712193,0.355362108133073,0.12258064516129,310,0.865982761147894,0.200647186097513
IACX9471,chr6D,5778807,0.351911726491738,0.108064516129032,310,0.865982761147894,0.217901999530895
Ra_c42576_780,chr6D,5778906,0.221953612525683,0.143548387096774,310,0.823119363372803,0.241514817832744
wsnp_BE445201D_Ta_1_1,chr6D,114460376,0.258657319364021,0.319354838709677,310,0.840742604906267,0.148773895450937
IACX179,chr6D,152594622,0.596720526083335,0.116129032258065,310,0.92350985534583,0.10894721031444
wsnp_Ex_c1035_1980908,chr6D,160807187,0.0305370486010654,0.116129032258065,310,0.613170055432755,0.49301367661694
Ex_c39405_712,chr6D,169801520,0.217890519019798,0.138709677419355,310,0.823119363372803,0.256043989136515
Jagger_c211_207,chr6D,220780001,0.0237351641489799,0.12741935483871,310,0.613170055432755,0.491875113995071
BS00021881_51,chr6D,433062115,0.0330090874428356,0.0629032258064516,310,0.629406327683974,0.559238088039599
BS00036102_51,chr6D,467428502,0.309086372030752,0.137096774193548,310,0.85049860005368,0.212081486624747
RAC875_c17946_277,chr6D,467639548,0.638964199490294,0.138709677419355,310,0.9354181777128,0.0820403089491961
wsnp_Ex_c25390_34655262,chr6D,469342249,0.268899072029941,0.469354838709677,310,0.840742604906267,-0.133004242129033
Kukri_rep_c70361_193,chr6D,469342501,0.106326878097946,0.120967741935484,310,0.744814967788403,0.361549368333755
wsnp_Ex_c25390_34654575,chr6D,469342936,0.280723337235256,0.198387096774194,310,0.840742604906267,0.231768629185552
CAP7_rep_c12716_77,chr6D,469721666,0.447509456262622,0.138709677419355,310,0.8789271838063,0.158724490108099
GENE-3976_443,chr6D,469722499,0.0193026506250229,0.285483870967742,310,0.613170055432755,0.365823199136941
wsnp_Ra_c7200_12462543,chr6D,469731296,0.729950243321326,0.170967741935484,310,0.950796002076229,-0.0630634746561896
IAAV1012,chr6D,470208435,0.448168303683914,0.27741935483871,310,0.8789271838063,0.109754611741835
Excalibur_c30035_368,chr6D,470208464,0.289567265421125,0.490322580645161,310,0.844332273925954,0.130289476447118
tplb0025h02_894,chr6D,470667422,0.529445031154338,0.125806451612903,310,0.914274055919141,-0.138862623437944
RAC875_c64099_90,chr6D,471528107,0.188030965417256,0.187096774193548,310,0.797063666079024,0.252868361578976
RAC875_c48570_361,chr6D,471530500,0.349851240402432,0.135483870967742,310,0.865982761147894,0.193843384874938
BobWhite_c34996_280,chr6D,471655495,0.260856579498789,0.162903225806452,310,0.840742604906267,0.251095184585338
Excalibur_c22599_921,chr6D,471657156,0.989416487726998,0.112903225806452,310,0.996258731030831,-0.0031126469243361
tplb0046a04_902,chr6D,471960938,0.527381549972946,0.162903225806452,310,0.914274055919141,-0.126563406142978
Excalibur_c83056_83,chr6D,472263729,0.438076164538725,0.1,310,0.8789271838063,0.196449179982309
wsnp_Ex_c14691_22763609,chr6D,472304683,0.169575785805626,0.151612903225806,310,0.793606925316825,0.234167290821063
GENE-3864_207,chr6D,472310433,0.439289051689908,0.0548387096774194,310,0.8789271838063,-0.222895956237636
IAAV3944,chr6D,472341415,0.778790075470542,0.0725806451612903,310,0.963745869752483,-0.0726799085740311
Excalibur_c43740_95,chr6D,472344152,0.0830958476749218,0.0741935483870968,310,0.712688614716031,-0.450079229805844
Excalibur_c4261_1098,chr6D,472401057,0.360831121739252,0.367741935483871,310,0.865982761147894,0.14311884938995
wsnp_JD_rep_c50999_34772439,chr6D,472660811,0.620816319981148,0.161290322580645,310,0.928537345700825,0.081619864901846
Ku_c107983_831,chr6D,472871571,0.402079577284473,0.0629032258064516,310,0.865982761147894,-0.250463884261698
RAC875_rep_c115101_171,chr6D,472871976,0.984860723426142,0.159677419354839,310,0.996258731030831,-0.00345900804457955
BobWhite_c34798_184,chr6D,473158971,0.561082217156406,0.217741935483871,310,0.92096426159172,-0.0877628535872361
RAC875_c24285_1049,chr6D,473425756,0.0504216978407976,0.120967741935484,310,0.685347231420688,-0.393438195603174
Excalibur_c8134_1319,chr6D,473563887,0.653427591185771,0.419354838709677,310,0.93919268000923,-0.0752011395582883
Excalibur_c29102_933,chr6D,473565054,0.288394726659751,0.408064516129032,310,0.843697817893676,-0.207719540967929
Ex_c31468_763,chr6D,473572658,0.566546775523599,0.0758064516129032,310,0.92096426159172,-0.147512525282657
Ex_c31468_598,chr6D,473572823,0.489631442358654,0.47741935483871,310,0.897296877218056,0.15972831575192
CAP7_c2559_543,chr6D,474710482,0.618688794156208,0.0193548387096774,310,0.928033191234313,0.297662236750597
wsnp_Ex_c6942_11966469,chr6D,474714743,0.12102209498659,0.082258064516129,310,0.765245031429273,0.394373749195843
BobWhite_c13435_700,chr6D,474719776,0.883790795686981,0.0725806451612903,310,0.990150938867781,-0.0347229671557656
tplb0038e08_609,chr6D,475043287,0.315931585880743,0.445161290322581,310,0.854711026562723,-0.257042940369843
Excalibur_c2991_320,chr6D,475822943,0.334006458974855,0.0516129032258065,310,0.863682114611568,0.279980962711178
Excalibur_c63506_512,chr6D,475826293,0.366498001247726,0.0596774193548387,310,0.865982761147894,0.260079816855693
wsnp_CAP7_c1735_859744,chr6D,476519223,0.548607007907187,0.0467741935483871,310,0.917308043924273,0.186474633207141
wsnp_CAP7_c1735_859875,chr6D,476519355,0.264918508334965,0.274193548387097,310,0.840742604906267,0.212981771037178
Kukri_rep_c107605_164,chr6D,476520297,0.261437333233751,0.0467741935483871,310,0.840742604906267,0.335224638976399
Excalibur_c16566_485,chr6D,476889546,0.0445052803419385,0.0629032258064516,310,0.655340253035044,0.569606372253098
BS00022206_51,chr6D,476890714,0.181141975250323,0.067741935483871,310,0.797063666079024,0.381520863831092
BS00105877_51,chr6D,479165444,0.68419305102029,0.0612903225806452,310,0.942298613525216,-0.126925501289236
RAC875_c14354_934,chr6D,482228853,0.804128683255657,0.293548387096774,310,0.964669295305442,0.0334373765070097
Excalibur_c15309_646,chr6D,482230102,0.602940808469069,0.148387096774194,310,0.92350985534583,-0.0968069533285529
Ex_c12134_939,chr6D,482716332,0.270043049798669,0.0693548387096774,310,0.840742604906267,-0.287860602068712
BS00070856_51,chr6D,483739858,0.887621448331836,0.0467741935483871,310,0.990150938867781,0.0441992336715131
RFL_Contig2615_982,chr6D,483805184,0.252865023947261,0.032258064516129,310,0.83894592148146,-0.41336171521921
BS00061126_51,chr6D,483982851,0.518195138189075,0.0290322580645161,310,0.910189671153177,0.241814170293104
BS00095826_51,chr7A,1706781,0.44036747514479,0.174193548387097,310,0.8789271838063,0.156285782270601
Kukri_c38338_485,chr7A,13723399,0.818050247315597,0.154838709677419,310,0.972508997739223,0.0433626590350755
Kukri_c36885_58,chr7A,13787485,0.797051137515495,0.148387096774194,310,0.964599194611458,0.0529963198410641
RAC875_rep_c114991_493,chr7A,17135188,0.701891937319687,0.196774193548387,310,0.943354107384678,-0.0836797693992963
wsnp_Ra_c63822_63288359,chr7A,25057395,0.944837784580612,0.169354838709677,310,0.994532217349929,-0.0152564083335278
RAC875_c63822_185,chr7A,25058429,0.474127311047844,0.208064516129032,310,0.892111409557269,0.140549550512702
IAAV6131,chr7A,25983207,0.903760258468022,0.232258064516129,310,0.990150938867781,0.0233765857670534
Tdurum_contig85217_286,chr7A,30068113,0.237772439437153,0.0403225806451613,310,0.827054922215452,0.400855742263147
Tdurum_contig67992_238,chr7A,63155684,0.397052173434123,0.179032258064516,310,0.865982761147894,0.15633891220012
Tdurum_contig28195_198,chr7A,63715214,0.872348982244724,0.190322580645161,310,0.986206430982999,0.0311726607427545
BS00111112_51,chr7A,67932872,0.653767400345983,0.0935483870967742,310,0.93919268000923,0.115698481456796
Ex_c4463_146,chr7A,82484003,0.590896505451843,0.0467741935483871,310,0.92350985534583,0.163178071865588
BS00074230_51,chr7A,83230747,0.0578597208604634,0.0548387096774194,310,0.703739611647022,0.550324040495418
Tdurum_contig63598_188,chr7A,116164416,0.120421899434259,0.453225806451613,310,0.765245031429273,-0.221384308998609
wsnp_Ex_c40247_47349166,chr7A,116518294,0.985497047500252,0.159677419354839,310,0.996258731030831,-0.00439246518680392
RAC875_rep_c111778_387,chr7A,116520582,0.377476259276255,0.469354838709677,310,0.865982761147894,0.121511208943289
RAC875_rep_c76772_850,chr7A,117353100,0.257830271345915,0.316129032258064,310,0.840742604906267,0.184184163433443
Tdurum_contig61653_948,chr7A,117827314,0.961710624544484,0.0274193548387097,310,0.995514161435327,0.0194569754869534
BS00021769_51,chr7A,118856384,0.0279909706831398,0.0596774193548387,310,0.613170055432755,-0.603904646293032
Tdurum_contig13080_153,chr7A,149047446,0.383651900756595,0.482258064516129,310,0.865982761147894,-0.12744083832871
Tdurum_contig4676_3592,chr7A,158008204,0.104237616754646,0.456451612903226,310,0.744814967788403,-0.254791791792655
BS00092805_51,chr7A,160452438,0.212239424975371,0.491935483870968,310,0.812671425125922,-0.183297091645642
Kukri_s118416_65,chr7A,167980070,0.930462073404003,0.275806451612903,310,0.994532217349929,-0.0164363841901576
BS00051338_51,chr7A,169518996,0.667283024480141,0.201612903225806,310,0.941029833536278,-0.0656699946668979
BobWhite_c3670_517,chr7A,172407805,0.439931070117352,0.37258064516129,310,0.8789271838063,-0.123790006298464
Kukri_c24337_416,chr7A,202681037,0.239827864129751,0.111290322580645,310,0.829406872253407,-0.321554657753722
Excalibur_rep_c81365_214|wsnp_JD_c6050_7214383,chr7A,246132388,0.545960876656561,0.103225806451613,310,0.917308043924273,0.215894302507138
BS00067759_51,chr7A,247501601,0.667031534317791,0.214516129032258,310,0.941029833536278,0.0934455159566454
Tdurum_contig11862_341,chr7A,259647856,0.927122157400363,0.216129032258065,310,0.994532217349929,0.0195999711703294
Ra_c8425_1331,chr7A,261044837,0.964909924028352,0.183870967741935,310,0.995634372541971,-0.00983683861193896
Excalibur_c48973_1688,chr7A,280935326,0.647384768085483,0.158064516129032,310,0.93919268000923,0.0773979853210562
Tdurum_contig76441_240,chr7A,285225672,0.274173538028866,0.209677419354839,310,0.840742604906267,0.234168959558701
RAC875_c37071_73,chr7A,296344858,0.94638781389376,0.211290322580645,310,0.994532217349929,-0.015210993618588
Tdurum_contig28843_80,chr7A,296345296,0.496170157097161,0.203225806451613,310,0.900088337238189,0.159257766726192
Excalibur_c26782_423,chr7A,432819293,0.889944708766887,0.383870967741935,310,0.990150938867781,-0.0331443377921232
Excalibur_rep_c68850_592,chr7A,505791672,0.493409312411607,0.195161290322581,310,0.897893156571895,0.155267494226123
wsnp_Ex_c558_1105911,chr7A,515632441,0.243245384834108,0.196774193548387,310,0.829406872253407,0.287080684062204
BS00015354_51|Kukri_c64283_212,chr7A,541306840,0.565962092014302,0.193548387096774,310,0.92096426159172,0.137557630402576
BS00065462_51,chr7A,542734798,0.0381448517230882,0.183870967741935,310,0.647591385115366,0.487552515453537
BobWhite_c66165_77,chr7A,543557005,0.688809825169988,0.104838709677419,310,0.943354107384678,0.154513569744481
Excalibur_c12916_123,chr7A,574041546,0.602150257061223,0.495161290322581,310,0.92350985534583,-0.0860879668473444
IAAV8081,chr7A,576110262,0.792791841033788,0.387096774193548,310,0.964599194611458,-0.0413748958533802
RAC875_c4732_1672|wsnp_Ku_c4591_8286583,chr7A,576512294,0.735100283853129,0.32258064516129,310,0.950796002076229,0.0451195788131429
RAC875_c21280_2176,chr7A,585401984,0.0376159331633525,0.22258064516129,310,0.647275939271342,0.35935334416348
wsnp_Ra_c21280_30656003,chr7A,585402124,0.649864863379173,0.204838709677419,310,0.93919268000923,0.108998385640248
Ra_c1227_2718,chr7A,585467638,0.385863699689888,0.235483870967742,310,0.865982761147894,0.190773241866182
Kukri_c47141_79,chr7A,587249974,0.167934540983542,0.141935483870968,310,0.793606925316825,0.244179112323813
GENE-4270_242,chr7A,592585602,0.566471490262728,0.130645161290323,310,0.92096426159172,-0.130423485146807
wsnp_Ra_c40910_48252997,chr7A,597726092,0.250313745606584,0.256451612903226,310,0.83894592148146,0.236905945483258
wsnp_RFL_Contig1510_707132,chr7A,598682800,0.992921890709264,0.316129032258064,310,0.996258731030831,-0.00118986403328591
Ex_c7397_545,chr7A,598683110,0.0131049248183615,0.496774193548387,310,0.596738290288927,0.478411644584952
Ex_c7397_535,chr7A,598683120,0.00343062947840157,0.474193548387097,310,0.35658366401974,0.543743392889411
Excalibur_rep_c79404_164,chr7A,598683580,0.365286561564143,0.238709677419355,310,0.865982761147894,0.204271354849794
wsnp_Ex_c1482_2834254,chr7A,599333457,0.0467739505183636,0.374193548387097,310,0.671947728178442,-0.477360807024866
wsnp_Ex_c1482_2835474,chr7A,599336465,0.69278582207149,0.424193548387097,310,0.943354107384678,-0.0610941928361086
wsnp_Ex_c6059_10615895,chr7A,599364299,0.337241272710513,0.235483870967742,310,0.863682114611568,0.220443581487032
wsnp_Ra_c16813_25556454,chr7A,600982250,0.133953354054169,0.248387096774194,310,0.776051070864646,0.3312029167151
TA005578-0927,chr7A,604620635,0.0293103265436313,0.259677419354839,310,0.613170055432755,0.435058401754347
BS00035807_51,chr7A,604756468,0.186973932183581,0.25,310,0.797063666079024,0.304270499191333
BS00059928_51,chr7A,605590060,0.544048436825207,0.245161290322581,310,0.917308043924273,0.126407601146283
BS00075525_51,chr7A,606081784,0.531464939242448,0.241935483870968,310,0.914274055919141,0.134940541981749
wsnp_Ex_c8614_14453388,chr7A,608297993,0.103343303316212,0.290322580645161,310,0.744814967788403,0.283128310051723
wsnp_Ex_rep_c68405_67220388,chr7A,610070466,0.928288492089824,0.325806451612903,310,0.994532217349929,-0.0122769920737795
Ra_c72413_1987,chr7A,610070856,0.210810316438352,0.193548387096774,310,0.812671425125922,0.196988515351634
wsnp_Ex_c38981_46383475,chr7A,610715364,0.299195889667884,0.254838709677419,310,0.849713811241242,0.214522424101688
wsnp_Ex_c19582_28564743,chr7A,611247295,0.778963260305576,0.0516129032258065,310,0.963745869752483,0.0918625998588567
wsnp_Ex_c19005_27918129,chr7A,611514975,0.120825773801669,0.261290322580645,310,0.765245031429273,0.283730175514492
BS00044260_51,chr7A,611515954,0.911570479523871,0.0532258064516129,310,0.992081934566427,-0.0315341668813645
Ku_c5901_1487,chr7A,611909139,0.795600546685024,0.164516129032258,310,0.964599194611458,-0.0427938710884561
RAC875_c13696_226,chr7A,613241025,2.94798433414692e-05,0.159677419354839,310,0.0104181766368752,-0.615103271411838
BS00092631_51,chr7A,613484154,0.373122452601007,0.0741935483870968,310,0.865982761147894,0.215744051489182
Kukri_c6676_172,chr7A,613488811,0.768232381115463,0.0580645161290323,310,0.958662865417389,0.0825027983164404
Kukri_c16922_106,chr7A,615341146,0.217116525781876,0.285483870967742,310,0.823119363372803,0.244238543406624
CAP7_c1522_255,chr7A,619318726,0.421967563974279,0.301612903225806,310,0.872618358536817,0.150779416466676
wsnp_CAP11_c827_513472,chr7A,619598078,0.235006589618001,0.298387096774194,310,0.823905142997663,0.201377256046321
Ku_c2990_1997,chr7A,623951492,0.372792942137764,0.104838709677419,310,0.865982761147894,-0.200557590134693
CAP8_c3496_118,chr7A,628258831,0.386159862336235,0.206451612903226,310,0.865982761147894,0.20141342582351
wsnp_Ex_c15341_23592177,chr7A,637162608,0.351336734176055,0.169354838709677,310,0.865982761147894,-0.184336720150277
wsnp_Ex_c15341_23592075,chr7A,637162710,0.309382059393977,0.111290322580645,310,0.85049860005368,-0.227892967361385
wsnp_JD_c5102_6225151,chr7A,645455423,0.0743195010216173,0.461290322580645,310,0.712688614716031,0.25874684173138
RAC875_c35723_106,chr7A,659821504,0.905089029845853,0.325806451612903,310,0.990150938867781,0.0204269755818558
RAC875_c43295_135,chr7A,663534731,0.856471959161965,0.275806451612903,310,0.985369286006082,0.0306134737875823
Excalibur_c14451_389,chr7A,673729628,0.00232619300863673,0.282258064516129,310,0.274025536417407,0.542256821180551
tplb0045p11_893,chr7A,673763752,0.0944721583606718,0.220967741935484,310,0.735945774332881,0.329279927135119
RAC875_c24411_889,chr7A,677625516,0.0845224922268703,0.167741935483871,310,0.712688614716031,-0.285177665226094
wsnp_Ex_c9428_15641609,chr7A,677736623,0.00112430096504122,0.261290322580645,310,0.198663980522783,0.507241070413919
IAAV5268,chr7A,682233957,0.542367888596266,0.148387096774194,310,0.917308043924273,0.15643867596819
RAC875_rep_c119304_226,chr7A,692358395,0.791294607724878,0.00645161290322581,310,0.964599194611458,0.195437615161239
wsnp_Ku_c44760_51961180,chr7A,692637444,0.169383643686989,0.220967741935484,310,0.793606925316825,0.221736598283577
BS00065529_51,chr7A,692955614,0.629420137744164,0.295161290322581,310,0.932111634579771,-0.0689843563532477
BobWhite_c19346_434,chr7A,696459217,0.015965667367895,0.437096774193548,310,0.613170055432755,0.323179949053355
Tdurum_contig43216_852,chr7A,705563849,0.721894344305128,0.22258064516129,310,0.948221829235937,0.0751557345063389
Tdurum_contig61864_1352,chr7A,705594059,0.98423482982417,0.112903225806452,310,0.996258731030831,0.00558425640713267
JD_c1314_1184,chr7A,711613052,0.481884388716745,0.245161290322581,310,0.893297315944996,-0.115035271677996
BS00081057_51,chr7A,712784880,0.718391039525118,0.230645161290323,310,0.948221829235937,-0.0607655629861625
Kukri_c28968_130,chr7A,720270650,0.396696857970702,0.0693548387096774,310,0.865982761147894,-0.217393419084878
wsnp_Ra_c7112_12318340,chr7A,720981510,0.523852841898503,0.432258064516129,310,0.913726128814379,0.100498913614572
Tdurum_contig12454_585,chr7A,723972206,0.426940682601568,0.0338709677419355,310,0.876028187371884,-0.376038209773803
Tdurum_contig59633_56,chr7A,723980490,0.208399036048273,0.241935483870968,310,0.812671425125922,-0.194108006265928
BS00010677_51,chr7A,723986356,0.433543730754459,0.146774193548387,310,0.8789271838063,-0.164579646594348
RAC875_c90330_82,chr7A,725491311,0.657026277232964,0.458064516129032,310,0.940814774611545,-0.119895720363445
RFL_Contig2814_385,chr7A,737730734,0.390936353110471,0.0725806451612903,310,0.865982761147894,0.219321544044746
Tdurum_contig45618_1089,chr7A,737884396,0.388274325857511,0.0774193548387097,310,0.865982761147894,0.206557895309231
RAC875_c18550_228,chr7A,737885505,0.974069807897503,0.261290322580645,310,0.996258731030831,0.00643828800211566
Tdurum_contig28435_107,chr7A,738022186,0.721313424369594,0.119354838709677,310,0.948221829235937,-0.0944355620794539
Excalibur_c8486_419,chr7B,16481,0.15478524680791,0.17741935483871,310,0.793606925316825,0.252369532141614
GENE-2935_114,chr7B,2281105,0.219438571763815,0.0225806451612903,310,0.823119363372803,-0.49185294869217
RFL_Contig6075_1128,chr7B,2885702,0.297789155387752,0.338709677419355,310,0.848699092855092,-0.2213624750664
RAC875_rep_c78258_214,chr7B,3383560,0.0246707607461279,0.187096774193548,310,0.613170055432755,0.478173500712785
Tdurum_contig25857_274,chr7B,3822839,0.283459992199392,0.370967741935484,310,0.843697817893676,-0.152754705391615
Kukri_c41117_824,chr7B,3832150,0.1368874999015,0.124193548387097,310,0.785290773027361,0.334820780221797
Tdurum_contig98005_272,chr7B,4662572,0.390243021743486,0.329032258064516,310,0.865982761147894,0.124228562304495
Tdurum_contig85266_280,chr7B,5558560,0.562934878666261,0.353225806451613,310,0.92096426159172,-0.0841210198613993
Ra_c39042_935,chr7B,12171340,0.307454950806221,0.432258064516129,310,0.850192328755232,-0.132297387270455
BS00021952_51,chr7B,43286870,0.697961906164432,0.17741935483871,310,0.943354107384678,0.0669792392380799
GENE-4376_439,chr7B,43290208,0.0528732237136415,0.17258064516129,310,0.692051750385219,0.343336881345536
RAC875_c30123_913,chr7B,79041916,0.0914189128745903,0.404838709677419,310,0.735945774332881,0.215740059327246
Excalibur_c32859_652,chr7B,87150682,0.642976413334656,0.425806451612903,310,0.93919268000923,0.0588321460160444
GENE-4507_56,chr7B,130466305,0.546412800612214,0.337096774193548,310,0.917308043924273,-0.0946563454924814
GENE-4507_113,chr7B,130466358,0.42858582806966,0.0838709677419355,310,0.876028187371884,0.191499070189387
wsnp_Ex_rep_c66351_64532511,chr7B,130480340,0.649868568645582,0.419354838709677,310,0.93919268000923,-0.0663634853649313
wsnp_Ra_c31052_40235870,chr7B,130634075,0.0721852684472088,0.261290322580645,310,0.712688614716031,-0.328088899947488
wsnp_Ex_rep_c69954_68913284,chr7B,130634178,0.38306582937601,0.285483870967742,310,0.865982761147894,-0.144407412207258
wsnp_Ex_c27666_36847022,chr7B,130636566,0.390232682510788,0.267741935483871,310,0.865982761147894,-0.126561450172559
Tdurum_contig50984_599,chr7B,429421995,0.24801469665695,0.498387096774194,310,0.83894592148146,-0.186528553726305
Tdurum_contig54532_206,chr7B,440575969,0.0808502144353288,0.137096774193548,310,0.712688614716031,0.447006632417143
wsnp_Ex_c65605_63952614,chr7B,454540269,0.443574201011622,0.269354838709677,310,0.8789271838063,-0.114586150196324
Tdurum_contig48695_527,chr7B,460005311,0.873868040380719,0.225806451612903,310,0.986661231535291,0.0227016493181651
wsnp_Ku_c19037_28455905,chr7B,460023036,0.562055970641301,0.396774193548387,310,0.92096426159172,-0.0850436622616257
Tdurum_contig81318_116,chr7B,470087643,0.662827023074308,0.295161290322581,310,0.941029833536278,-0.0637263735120399
Excalibur_c17078_400,chr7B,470612372,0.330005248878704,0.290322580645161,310,0.863682114611568,-0.143211997110704
RFL_Contig3306_194,chr7B,486378939,0.761063641549224,0.135483870967742,310,0.95647187383889,0.0667448513274636
Excalibur_c16687_476,chr7B,491053428,0.528010408391588,0.220967741935484,310,0.914274055919141,0.101558657173612
Kukri_c48870_115,chr7B,491053591,0.642806888943346,0.312903225806452,310,0.93919268000923,0.0675126222681968
BobWhite_rep_c49587_1290,chr7B,491345170,0.593653380639931,0.282258064516129,310,0.92350985534583,-0.0801374912372381
RAC875_rep_c106651_635,chr7B,532301752,0.105609456151631,0.251612903225806,310,0.744814967788403,-0.236845808478648
Kukri_c34355_722,chr7B,543184224,0.0550890260171689,0.198387096774194,310,0.703739611647022,-0.320097745503617
wsnp_Ex_c10550_17231658,chr7B,632289892,0.235327299732793,0.196774193548387,310,0.823905142997663,0.192297410640236
GENE-4624_79,chr7B,633507557,0.563203514404603,0.185483870967742,310,0.92096426159172,-0.102019400933926
wsnp_Ex_rep_c70700_69597262,chr7B,634181119,0.324264423982645,0.340322580645161,310,0.859797242191137,-0.17697869217055
RAC875_c24101_284,chr7B,636880918,0.123981477895404,0.179032258064516,310,0.765997452591536,-0.264249142512377
Tdurum_contig97814_355,chr7B,648091240,0.353517108614363,0.290322580645161,310,0.865982761147894,-0.174737978268951
BS00022053_51,chr7B,648696805,0.252928266985306,0.435483870967742,310,0.83894592148146,-0.148536803614348
Kukri_c25451_119,chr7B,651534868,0.188468145546896,0.290322580645161,310,0.797063666079024,0.215178876819891
Kukri_c29415_392,chr7B,651535852,0.536006137461144,0.404838709677419,310,0.916918602551138,0.078231020856407
RAC875_c45062_305,chr7B,658493608,0.906159890862039,0.462903225806452,310,0.990150938867781,0.0152805356214429
BobWhite_c9774_101,chr7B,666983983,0.548775008448071,0.35,310,0.917308043924273,0.100066097667494
Tdurum_contig44993_359,chr7B,670628424,0.166184612775172,0.0564516129032258,310,0.793606925316825,0.424855792099656
Excalibur_c16856_432,chr7B,685802816,0.0146954408318296,0.191935483870968,310,0.603880091856812,-0.525446510472563
Tdurum_contig4658_346,chr7B,687058202,0.921464083529102,0.214516129032258,310,0.994532217349929,0.0199384748345466
BobWhite_c1802_456,chr7B,687058274,0.972358000468586,0.114516129032258,310,0.996258731030831,0.0081541541213781
Ra_c21094_506,chr7B,687836118,0.668324240604151,0.0483870967741935,310,0.941029833536278,0.138290540073967
Kukri_c10430_1138,chr7B,700204215,0.707041048170561,0.138709677419355,310,0.943354107384678,0.0679213626764295
wsnp_Ex_rep_c68762_67626384,chr7B,707835747,0.529236564280387,0.0612903225806452,310,0.914274055919141,0.181296239427652
Tdurum_contig17062_665,chr7B,708306460,0.251430649726588,0.2,310,0.83894592148146,-0.205344110170344
Excalibur_c7338_563,chr7B,708309524,0.0766829566803996,0.141935483870968,310,0.712688614716031,0.386992173425043
wsnp_Ex_c1721_3261986,chr7B,708641818,0.124700001991255,0.440322580645161,310,0.7673338661121,0.27309977598793
BobWhite_c12048_145,chr7B,708642117,0.295162476388118,0.37741935483871,310,0.848699092855092,-0.142439223480224
TA005284-0990,chr7B,712320916,0.853708585919349,0.0370967741935484,310,0.985369286006082,-0.0648004433834686
CAP7_c2649_283,chr7B,714646871,0.0457230115183408,0.0370967741935484,310,0.662234109450067,0.702263540539661
RAC875_rep_c117259_207,chr7B,716558650,0.271052347567638,0.0774193548387097,310,0.840742604906267,0.25854976578097
tplb0035h03_1251,chr7B,717851388,0.241459648705356,0.0774193548387097,310,0.829406872253407,0.269379016328529
BS00040283_51,chr7B,717910972,0.63460352289525,0.0612903225806452,310,0.932898856036528,0.131201086648282
Excalibur_c4948_454,chr7B,718170078,0.202273607783018,0.1,310,0.812671425125922,0.277764106655439
BobWhite_c4729_243,chr7B,718253809,0.0401720686415055,0.0403225806451613,310,0.648217088385006,0.716918632331087
BS00022810_51,chr7B,719591810,0.08054857521161,0.109677419354839,310,0.712688614716031,0.459205115456101
Tdurum_contig8402_460,chr7B,719763877,0.19958760193278,0.0580645161290323,310,0.812671425125922,0.345753545862856
Tdurum_contig8402_638,chr7B,719764055,0.630695320139939,0.0354838709677419,310,0.932111634579771,0.168701264780246
Excalibur_c4042_223,chr7B,724890148,0.7539299858281,0.067741935483871,310,0.952247523201039,0.0863024868129756
BobWhite_c12316_383,chr7D,7357620,0.707201381640935,0.0419354838709677,310,0.943354107384678,-0.142790434109472
Kukri_c20938_270,chr7D,7986459,0.154692010530655,0.106451612903226,310,0.793606925316825,0.450528337610336
D_F5XZDLF02H192C_184,chr7D,9278177,0.39322368597183,0.0467741935483871,310,0.865982761147894,-0.305762024179955
Excalibur_c27950_459,chr7D,54998126,0.0729758764541781,0.488709677419355,310,0.712688614716031,-0.2361019151991
BobWhite_c40479_283,chr7D,59309787,0.412039340294608,0.237096774193548,310,0.868324098776036,-0.15140416113465
BobWhite_rep_c65034_450,chr7D,90543595,0.153021928697161,0.17258064516129,310,0.793606925316825,-0.264583046159395
RAC875_c13942_2973,chr7D,94763397,0.683957367269117,0.162903225806452,310,0.942298613525216,-0.0665779679243883
Kukri_c20975_765,chr7D,102982144,0.946584829618182,0.370967741935484,310,0.994532217349929,-0.0158020835403079
wsnp_Ex_c4637_8299644,chr7D,103122012,0.170686357864646,0.35,310,0.793606925316825,0.200385342288072
CAP12_c2046_153,chr7D,104536964,0.453152757014391,0.395161290322581,310,0.879737993102466,-0.125945367330701
D_contig35184_357,chr7D,105305853,0.260419080115441,0.398387096774194,310,0.840742604906267,-0.176021131772274
RAC875_c4453_2678,chr7D,105647896,0.352656198707318,0.401612903225806,310,0.865982761147894,-0.150062516169555
Ku_c30772_1151,chr7D,105649400,0.945778951882447,0.238709677419355,310,0.994532217349929,-0.0127171685431904
D_GDEEGVY02FN6KZ_98,chr7D,105673995,0.27029766229884,0.446774193548387,310,0.840742604906267,-0.17809269962288
wsnp_Ex_c20320_29383733,chr7D,105679359,0.118278942083358,0.459677419354839,310,0.765245031429273,-0.250492067013965
RAC875_c1863_3196,chr7D,105679820,0.631761592048097,0.319354838709677,310,0.932111634579771,0.0801643492470703
Kukri_c11890_709,chr7D,106099353,0.581769428834487,0.366129032258065,310,0.92350985534583,-0.134480014341648
RAC875_c53629_483,chr7D,144584842,0.442396580216716,0.22258064516129,310,0.8789271838063,-0.115013299345861
wsnp_Ex_c2123_3988735,chr7D,172976023,0.904111922071487,0.293548387096774,310,0.990150938867781,0.0160455500929615
wsnp_CAP11_c2839_1425826,chr7D,213831428,0.508859090371559,0.0870967741935484,310,0.905498024777606,0.158685049066683
IAAV7925,chr7D,255040936,0.505471711139446,0.067741935483871,310,0.90429962390457,0.196610034589
wsnp_Ex_c23001_32223579,chr7D,268178205,0.766269147522795,0.0274193548387097,310,0.957659270029521,-0.16872247587925
wsnp_bm138650D_Ta_2_2,chr7D,268870177,0.903262054542803,0.0967741935483871,310,0.990150938867781,0.0285410103131554
IACX7714,chr7D,389487508,0.782668547308892,0.0919354838709677,310,0.963745869752483,0.0689046368480533
wsnp_cd454041D_Ta_2_1,chr7D,392298332,0.679998236908029,0.119354838709677,310,0.942298613525216,0.0796999363138227
IAAV4133,chr7D,394409246,0.408826344710789,0.103225806451613,310,0.868324098776036,0.197043502763883
wsnp_Ex_c6664_11531767,chr7D,395093667,0.734038069186415,0.0306451612903226,310,0.950796002076229,-0.178439499658168
Kukri_rep_c109239_223,chr7D,396358142,0.219782341121183,0.082258064516129,310,0.823119363372803,0.337022240560202
wsnp_Ex_rep_c66483_64738995,chr7D,396358712,0.902930881626231,0.0596774193548387,310,0.990150938867781,0.039319928182536
Kukri_c58234_519,chr7D,416191413,0.0615021345704697,0.0548387096774194,310,0.703739611647022,-0.552028954790828
Ex_c8238_637,chr7D,464338258,0.0806049706978169,0.0596774193548387,310,0.712688614716031,0.45811589003894
wsnp_Ex_c17914_26681837,chr7D,504182022,0.756937594225572,0.283870967741935,310,0.953178048852883,-0.0647989168063532
TA001185-0966,chr7D,519574795,0.83881278155284,0.196774193548387,310,0.983503371812235,0.0378754933317396
RFL_Contig471_835,chr7D,526524314,0.539517812388039,0.288709677419355,310,0.917308043924273,0.0816667886587297
BS00051607_51,chr7D,529494695,0.178079320572046,0.240322580645161,310,0.797063666079024,0.239084678678964
BS00066128_51,chr7D,531229184,0.351642235688377,0.280645161290323,310,0.865982761147894,0.123670264950398
wsnp_Ex_c145_285194,chr7D,533549451,0.280308649569361,0.254838709677419,310,0.840742604906267,0.182046795497357
Ku_c32426_324,chr7D,552228822,0.352821600669724,0.0870967741935484,310,0.865982761147894,-0.211500125970197
BS00022610_51,chr7D,553528968,0.503984672759039,0.190322580645161,310,0.90354734811181,0.153319531133491
RAC875_c16367_81,chr7D,572091412,0.27496469336152,0.290322580645161,310,0.840742604906267,-0.176602039537215
tplb0049k01_89,chr7D,573162684,0.682473627461983,0.27258064516129,310,0.942298613525216,-0.0574725915983052
Kukri_c22576_148,chr7D,573744387,0.181554466024584,0.317741935483871,310,0.797063666079024,-0.209588161542015
Excalibur_c7895_385,chr7D,573803660,0.0633246170072872,0.287096774193548,310,0.703739611647022,-0.292245453098204
BobWhite_c11549_468,chr7D,574260504,0.0247942240941598,0.180645161290323,310,0.613170055432755,-0.525363167037057
Kukri_c61816_202,chr7D,574331477,0.284753079628949,0.441935483870968,310,0.843697817893676,-0.165879952718115
D_contig57690_497,chr7D,585248188,0.132716439541367,0.111290322580645,310,0.775017693341279,-0.390181569075196
tplb0057p21_1365,chr7D,585668368,0.0829003248032904,0.329032258064516,310,0.712688614716031,-0.256150709937884
Excalibur_c30730_1503,chr7D,601674848,0.094648094978943,0.130645161290323,310,0.735945774332881,-0.316428948157835
BS00000744_51,chrUn,2128412,0.665083842138087,0.390322580645161,310,0.941029833536278,-0.0690248229338835
BS00086387_51,chrUn,5306850,0.0250273122099193,0.017741935483871,310,0.613170055432755,1.02474722103311
Ex_c45438_377,chrUn,35000738,0.612537380003007,0.383870967741935,310,0.92350985534583,-0.101010090295318
IAAV4595,chrUn,42458587,0.242748860947744,0.235483870967742,310,0.829406872253407,-0.206377669556417
BobWhite_c15849_189,chrUn,94654791,0.018397853859139,0.130645161290323,310,0.613170055432755,-0.602415712998777
RAC875_c58425_286,chrUn,208301821,0.726867349864041,0.335483870967742,310,0.949981218350414,-0.0506476568725702
