SNP,Chr,Pos,P.value,MAF,nobs,H&B.P.Value,Effect
BS00093327_51,chr1A,1354675,0.187933832205035,0.406808803301238,1454,0.723173506818241,0.0263275121319815
Excalibur_c9509_1180,chr1A,1354748,0.260811030822604,0.479367262723521,1454,0.762097117625954,0.0206827743894813
Tdurum_contig44888_837,chr1A,1355110,0.316064736785918,0.477647867950481,1454,0.787941735906161,0.0195159011588544
RAC875_rep_c110533_92,chr1A,1357290,0.418433963117231,0.340440165061898,1454,0.834290930948841,-0.0150814834714303
Kukri_c2408_857,chr1A,1360891,0.456633553501502,0.446011004126547,1454,0.84261843687899,0.0153081575472349
BS00033749_51,chr1A,1816397,0.385161224118836,0.406121045392022,1454,0.820227974940059,0.0176155702756446
tplb0025b13_1721,chr1A,4167188,0.144043694475632,0.162310866574966,1454,0.675133178086054,-0.0313984583611848
CAP12_c8501_370,chr1A,4718945,0.503695992436856,0.25,1454,0.854411945118847,0.0196987976891023
BS00056550_51,chr1A,6999797,0.409183664196395,0.062242090784044,1454,0.83011198006318,-0.0315392285219502
RAC875_c57939_78,chr1A,12439180,0.00325320102813283,0.372077028885832,1454,0.147320544305339,0.0802493817122425
RAC875_c34888_65,chr1A,12909949,0.930803735601001,0.310178817056396,1454,0.97610100938099,-0.00261947811051755
BobWhite_c6558_234,chr1A,12915431,0.329005874234557,0.49484181568088,1454,0.794567749058482,0.0250477954548884
wsnp_Ex_c4876_8692783,chr1A,13228692,0.320053162583654,0.0546767537826685,1454,0.787941735906161,-0.0386382973095962
BS00074370_51,chr1A,13552412,0.304179474489004,0.219050894085282,1454,0.787888505892113,0.0321998042315741
BobWhite_c27474_124,chr1A,13674933,0.747160628618721,0.262723521320495,1454,0.93699987989303,-0.00887651284347513
Jagger_rep_c10343_173,chr1A,14484241,0.103856601993668,0.326685006877579,1454,0.613314485031008,0.0397143082454541
D_contig08749_250,chr1A,20208049,0.0536610427574806,0.227991746905089,1454,0.496434882473655,0.0618520149358872
CAP7_c4833_55,chr1A,25868810,0.684653164095881,0.0725584594222834,1454,0.927036123339021,0.0203919322882444
RAC875_c16820_419,chr1A,27603266,5.05824152553156e-09,0.104883081155433,1454,2.23447819390357e-06,0.174658515118516
BobWhite_c4328_1345,chr1A,28461062,0.0753363700420778,0.102819807427785,1454,0.554664024434798,-0.0698658906779546
Excalibur_c7026_2635,chr1A,28467461,0.788639548334049,0.331499312242091,1454,0.947976926466847,0.007499342661621
Tdurum_contig13946_329,chr1A,33724809,0.65893280186666,0.261348005502063,1454,0.916798630628653,-0.0104027890373999
wsnp_CAP11_c23_61357,chr1A,65077856,0.0204598298512688,0.320495185694635,1454,0.347620378338384,-0.0733911736437776
IAAV4243,chr1A,71367943,0.647561668681328,0.276134800550206,1454,0.913149944732761,-0.0162324183453748
BS00087437_51,chr1A,113855345,0.000171803281617225,0.234525447042641,1454,0.0137989272098926,-0.0918755291466937
BS00062869_51,chr1A,248549559,0.332014009416868,0.0801237964236589,1454,0.794944111977785,0.0277662470988211
wsnp_Ex_c44049_50205904,chr1A,336951094,0.535460813007876,0.112792297111417,1454,0.860144778713561,-0.0195944204438607
TA004725-0348,chr1A,397284657,0.881900765017035,0.22283356258597,1454,0.966768783309532,0.00485839767740259
IACX3496,chr1A,470800686,0.837960178192559,0.222145804676754,1454,0.954043579166399,0.00903713735819167
BS00033469_51,chr1A,472323049,0.0570982942086394,0.0873452544704264,1454,0.505363173078314,0.108673998569863
Kukri_c3582_87,chr1A,473918642,0.0751565048749323,0.18707015130674,1454,0.554664024434798,-0.07715460625802
GENE-0112_64,chr1A,473977326,0.303819111661652,0.111760660247593,1454,0.787888505892113,-0.0522560891141914
RAC875_c2734_135,chr1A,479860652,0.441872193699001,0.410935350756534,1454,0.84261843687899,-0.0223644574789716
BS00067421_51,chr1A,479992930,0.981920612936505,0.252407152682256,1454,0.993905301888024,0.00120974108526184
BS00012283_51,chr1A,480067827,0.0951128446505084,0.239339752407153,1454,0.595973037224994,-0.0581588736383054
BS00023101_51,chr1A,480068381,2.11874397982878e-07,0.258596973865199,1454,4.15980068039718e-05,-0.162162620288949
wsnp_JD_c13903_13781269,chr1A,480068628,0.726523031862229,0.0732462173314993,1454,0.930162345495243,0.0120497290307959
BS00021889_51,chr1A,480889849,0.846321763438654,0.0704951856946355,1454,0.957004401389383,-0.00684912173775842
wsnp_BE495786A_Ta_2_1,chr1A,480890263,0.249277109265726,0.0983493810178817,1454,0.756067101427406,0.034519969667766
IACX4378,chr1A,481526778,0.329114897985788,0.154057771664374,1454,0.794567749058482,0.0386755770528033
wsnp_Ex_c4539_8148835,chr1A,481528464,0.109484816610764,0.0990371389270977,1454,0.614159578090795,-0.0521107979031363
Excalibur_c30591_637,chr1A,481964686,0.253156140056676,0.1292984869326,1454,0.756067101427406,0.0417890971062889
RAC875_c31276_1128,chr1A,483405666,0.425261992333362,0.243466299862448,1454,0.836102667122392,0.0404203309497575
wsnp_Ex_c5192_9203100,chr1A,484060367,0.201592627995597,0.0649931224209078,1454,0.726606406910838,0.0762757120370416
wsnp_Ex_c12336_19686808,chr1A,484062365,0.75728672674834,0.0502063273727648,1454,0.940819928947525,-0.0123169255812847
BS00021714_51,chr1A,489169148,0.550877148937968,0.264099037138927,1454,0.869131062116785,-0.0220666688378444
Ra_c4159_2716,chr1A,489617658,0.0119856954659413,0.190165061898212,1454,0.288231390048779,-0.0906134688822107
BobWhite_c12568_900,chr1A,490253962,0.635759686610177,0.100756533700138,1454,0.910671445101788,-0.0238951900076678
Kukri_c25215_124,chr1A,491269251,0.107250183800472,0.0949105914718019,1454,0.614159578090795,0.0505327996439711
BobWhite_c37384_208,chr1A,498821176,9.91262995936601e-06,0.299174690508941,1454,0.00109472607113748,0.111279003038995
BobWhite_c7337_717,chr1A,511557116,0.0460464885683643,0.0900962861072902,1454,0.472612252569,0.0976508015001336
wsnp_Ex_c1997_3757721,chr1A,513064456,0.137985465882906,0.325653370013755,1454,0.665248435856463,-0.0443217941780958
wsnp_JD_c6544_7697578,chr1A,513066693,0.489581377128466,0.329779917469051,1454,0.849280944434318,-0.0184943789320045
Jagger_c5280_407,chr1A,513066859,0.370512251129506,0.423314993122421,1454,0.812096039355113,0.0322319580103994
wsnp_Ku_c23012_32893918,chr1A,514746340,0.330262726027661,0.289546079779917,1454,0.794567749058482,-0.0278948091736169
Excalibur_c49946_169,chr1A,520448683,0.440089624487028,0.267193947730399,1454,0.84261843687899,0.0189648269931659
BS00039377_51,chr1A,521739732,0.393297234445317,0.105226960110041,1454,0.824243775465329,-0.0295362684108618
BobWhite_c27438_81,chr1A,527160340,0.314763820599573,0.107634112792297,1454,0.787941735906161,-0.0298992180997644
wsnp_Ku_c5210_9289260,chr1A,527160478,0.488157983864022,0.129642365887208,1454,0.849280944434318,-0.020427193398838
wsnp_Ku_c5210_9290700,chr1A,527163793,0.122949882103685,0.105226960110041,1454,0.653949218470889,-0.0517631802043734
wsnp_Ra_c11594_18777085,chr1A,529465274,0.874589897342512,0.121733149931224,1454,0.966751501503596,-0.00553532049929473
Excalibur_c7370_179,chr1A,530229961,0.745904605623455,0.391678129298487,1454,0.936089089585686,0.00769943222907798
IAAV8743,chr1A,532099147,0.500788071328183,0.446011004126547,1454,0.854411945118847,-0.0107028466285257
BS00110627_51,chr1A,535721747,0.405467996909612,0.262035763411279,1454,0.825416993708853,-0.0180515485808641
RAC875_c21411_162,chr1A,539294401,0.421546385169212,0.13273727647868,1454,0.834290930948841,-0.0181844668231488
Jagger_c6890_167,chr1A,540738981,0.877114929611729,0.412310866574966,1454,0.966768783309532,-0.00403335156278217
RAC875_c12348_720,chr1A,540937942,0.452683595470685,0.208046767537827,1454,0.84261843687899,-0.0182125845913816
Ra_c29200_300,chr1A,545236493,0.433683132084008,0.294360385144429,1454,0.842107796035651,-0.018924404544002
Ra_c8027_1021,chr1A,549334497,0.590825824702628,0.24656121045392,1454,0.890016395779662,-0.0158652417657663
BobWhite_rep_c49755_131,chr1A,549894332,0.529389052403105,0.28920220082531,1454,0.857968261110831,-0.0146590968749933
BS00030043_51,chr1A,549999988,0.675711900154085,0.270976616231087,1454,0.923954939577672,-0.0106712659637864
BS00066212_51,chr1A,550613782,0.404769891738776,0.301925722145805,1454,0.82520289136238,-0.0204536046846329
Tdurum_contig78830_745,chr1A,558465541,0.869923526392619,0.194291609353508,1454,0.966327865282459,-0.00428280841699546
wsnp_RFL_Contig3951_4390396,chr1A,560345683,0.444226526464366,0.254814305364512,1454,0.84261843687899,0.0237628065302928
Tdurum_contig51167_390,chr1A,565387073,0.800099059179612,0.350068775790922,1454,0.948897562783932,0.00533947135714996
Excalibur_c88792_93,chr1A,576699754,0.608600695494919,0.276134800550206,1454,0.8984105504925,0.0109130453975332
wsnp_Ex_c3264_6017750,chr1A,579495807,0.626133081075903,0.315680880330124,1454,0.909540281582375,0.0103591174944562
wsnp_Ku_c816_1684613,chr1A,579800618,0.947935186628513,0.0928473177441541,1454,0.981829703852628,0.00282469353822279
Tdurum_contig8224_378,chr1A,579800877,0.0883329199564661,0.1207015130674,1454,0.583930962175968,0.0460998673916677
Excalibur_c41553_213,chr1A,580101627,0.53304455055353,0.185694635488308,1454,0.857968261110831,0.0153362547004576
wsnp_Ex_c41553_48351921,chr1A,580104194,0.226886813916318,0.133768913342503,1454,0.737978664773785,0.0353422861060224
Kukri_c2338_533|wsnp_Ex_c7684_13109335,chr1A,580105699,0.244677017457023,0.128266850068776,1454,0.756067101427406,0.0344370859695893
Excalibur_c16947_114,chr1A,580529487,0.993829706152398,0.0502063273727648,1454,0.99608456651803,-0.000288249320286482
TA001430-0733,chr1A,580738176,0.0996345342138151,0.0694635488308116,1454,0.608670681093698,0.0826875620610679
IAAV4238,chr1A,584049510,0.301473751151134,0.0533012379642366,1454,0.787888505892113,-0.0529647927238024
BS00035273_51,chr1A,586167981,0.939009282200315,0.078404401650619,1454,0.979474263074355,0.00278762869088389
BS00075271_51,chr1A,586624992,0.369680905291219,0.483837689133425,1454,0.811696470153656,-0.0597179972336335
RFL_Contig3395_1311,chr1A,588535850,0.850552425580101,0.128610729023384,1454,0.957832468028185,-0.00464126422857625
BS00021780_51,chr1A,590952711,0.98567389061789,0.0746217331499312,1454,0.994680619487042,0.000658426458018724
BobWhite_c44947_277,chr1A,593735900,0.13830864937685,0.37414030261348,1454,0.665248435856463,-0.0287053134948856
wsnp_Ex_rep_c67492_66096650,chr1A,595126027,0.098453132150833,0.103851444291609,1454,0.60420995597046,0.0569068943942668
BS00050522_51,chr1B,22335,0.231708881043573,0.403370013755158,1454,0.744329984277875,0.0206327800115584
Ku_c3169_1250,chr1B,5151885,0.141959827623636,0.273039889958735,1454,0.670703249761938,-0.0333940786054647
RAC875_c3692_2287,chr1B,8142192,0.854538544486474,0.324965612104539,1454,0.959225237177568,-0.00609153055790301
CAP11_c852_603,chr1B,8667979,0.479063655442583,0.454607977991747,1454,0.849280944434318,-0.0145265302839093
RAC875_rep_c70613_78,chr1B,12778945,0.378701665326236,0.437757909215956,1454,0.818083744822873,-0.0165188361486095
Tdurum_contig44861_1253,chr1B,24100217,0.869482194025305,0.446698762035763,1454,0.966327865282459,0.00297701295661668
BS00065737_51,chr1B,38915610,0.891530044924982,0.427785419532325,1454,0.971708840746741,-0.00226336921671866
Ra_c29142_340,chr1B,50691940,0.879820411915603,0.0849381017881706,1454,0.966768783309532,0.00615681605353657
Excalibur_c4058_1121,chr1B,57086380,0.208154844102315,0.06292984869326,1454,0.726606406910838,0.0595367266808324
Kukri_c65759_98,chr1B,283865024,0.708821298417717,0.333218707015131,1454,0.930162345495243,0.0116547031772427
IAAV5269,chr1B,311474930,0.936878296796211,0.175722145804677,1454,0.979474263074355,-0.00300165408747688
IAAV8661,chr1B,311756323,0.96940926510295,0.0639614855570839,1454,0.990994376026226,0.00141217871817645
Kukri_c2535_98,chr1B,323187964,0.306534419551751,0.123452544704264,1454,0.787941735906161,-0.0377302052886961
Kukri_c62848_106,chr1B,323371934,0.0379798802794849,0.169876203576341,1454,0.45483602069228,0.0832305595327156
BS00062942_51,chr1B,325756734,0.726072848789629,0.138239339752407,1454,0.930162345495243,0.0127098910194121
CAP7_c1241_128,chr1B,334516236,0.404758700123973,0.211829436038514,1454,0.82520289136238,0.0245416403312788
Kukri_c49091_415,chr1B,341648517,0.617534558906706,0.478679504814305,1454,0.9040460361128,-0.027613810228786
BS00022670_51,chr1B,341955467,0.982834466924497,0.168844566712517,1454,0.993905301888024,0.000730169471779618
RAC875_c44575_561,chr1B,343628061,0.266278461807379,0.478335625859697,1454,0.767381735576108,0.0433347406860491
RAC875_c44575_396,chr1B,343628226,0.692922366992356,0.0990371389270977,1454,0.929683995805234,0.0232932862450852
IAAV2546|wsnp_Ku_c30982_40765341,chr1B,343800079,0.381462009236622,0.18878954607978,1454,0.819040550623716,0.034506913873777
wsnp_Ku_c66585_65967792,chr1B,376231351,0.902180268881033,0.176066024759285,1454,0.972567531605772,-0.00558560981875189
Tdurum_contig65023_587,chr1B,376367714,0.262125884200562,0.181568088033012,1454,0.762097117625954,0.0586274291032751
JD_c10376_670,chr1B,380749208,0.295703771257152,0.174346629986245,1454,0.784388665056215,0.0417398997114731
Kukri_rep_c95031_104,chr1B,381979642,0.254877747290477,0.106946354883081,1454,0.75640732904506,0.0615930891406293
Kukri_c8308_245,chr1B,388396521,0.712338805695523,0.140646492434663,1454,0.930162345495243,0.0207755599631838
Tdurum_contig84184_124|wsnp_Ex_c15934_24341135,chr1B,388904013,0.52804243715182,0.18019257221458,1454,0.857968261110831,0.0325966585695596
Kukri_rep_c70738_896,chr1B,389675488,0.571588140268224,0.172971114167813,1454,0.879878994584922,0.0239219166411573
BS00041010_51,chr1B,389681588,0.0152939244077946,0.128610729023384,1454,0.323660549286506,0.161993684021581
Tdurum_contig10326_151,chr1B,396633638,0.234945981548166,0.152682255845942,1454,0.744329984277875,-0.0357274167083226
Kukri_rep_c108436_534,chr1B,398246044,0.426198981322993,0.094566712517194,1454,0.83630716313676,-0.0292504931769493
BS00062740_51,chr1B,398251099,0.0332479439027551,0.101100412654746,1454,0.428825670628966,0.113151307564124
Tdurum_contig42217_127,chr1B,415831210,0.0227560453225746,0.421595598349381,1454,0.368898459495315,-0.0570329691273059
Tdurum_contig43910_687,chr1B,415841752,0.251801840269553,0.424690508940853,1454,0.756067101427406,-0.0294076417701739
wsnp_BE442716B_Ta_2_2,chr1B,416367185,0.083683989679301,0.105226960110041,1454,0.574487050672928,-0.0446966222263354
BS00022581_51,chr1B,420891509,0.000543555104949286,0.183287482806052,1454,0.0360701677989758,-0.0783429660772113
BobWhite_c11460_291,chr1B,421760674,0.720006027513106,0.0708390646492435,1454,0.930162345495243,-0.0216489771694626
Tdurum_contig57127_56,chr1B,422242469,0.859120730840487,0.154401650618982,1454,0.960801475566545,0.00886314108308994
Tdurum_contig8081_2331,chr1B,422259364,0.146433081595867,0.165749656121045,1454,0.677701965669771,0.0723520517544856
BS00071083_51,chr1B,428575338,0.0127603515188493,0.248968363136176,1454,0.292825209529956,-0.0570656481101661
BS00076696_51,chr1B,428575404,0.0135747045175341,0.259284731774415,1454,0.300112272966869,-0.0547709048847249
Kukri_c12151_467,chr1B,428578789,0.34658025667004,0.109009628610729,1454,0.804740228036742,-0.0332391077811085
Tdurum_contig28305_106,chr1B,434454031,0.0325706946201181,0.266850068775791,1454,0.426314202916656,-0.0523778494074705
BS00110480_51,chr1B,435014214,0.00688362031270525,0.237964236588721,1454,0.229497303633022,-0.0679946621459138
IACX5764,chr1B,437206836,0.0665945049853347,0.312242090784044,1454,0.533483459174204,-0.0567297001383125
Tdurum_contig48171_189,chr1B,445021239,0.0478162324393594,0.244154057771664,1454,0.472612252569,-0.044406028242669
BS00073132_51,chr1B,454685170,0.839361656152908,0.272352132049519,1454,0.95449236876564,-0.00530832509479851
wsnp_Ra_c2027_3945713,chr1B,464716376,0.0187714548778644,0.109353507565337,1454,0.339880298031748,0.11093510118144
Ra_c3083_982,chr1B,465069906,0.0497875549876257,0.107977991746905,1454,0.478122878603992,0.100520439383999
IAAV5704,chr1B,465205324,0.664064685806592,0.0973177441540578,1454,0.920315529270783,0.0231539711864031
wsnp_Ex_c34966_43196962,chr1B,465207721,0.0753094250923132,0.156121045392022,1454,0.554664024434798,0.0570924191562128
RAC875_c46646_549,chr1B,479560518,0.576687861605847,0.203232462173315,1454,0.881164688253154,0.0194142203245917
Excalibur_s102212_259,chr1B,482244929,0.927318912596036,0.391678129298487,1454,0.97555728929516,0.00207081796833819
CAP8_c9553_109,chr1B,482246415,0.637006172125529,0.384800550206327,1454,0.910671445101788,0.0106705757147658
Kukri_c667_1073,chr1B,482247845,0.868887728719344,0.0911279229711142,1454,0.966327865282459,0.00464550063221481
CAP7_c3456_113,chr1B,483824929,0.41943485325625,0.377922971114168,1454,0.834290930948841,-0.0183289072908721
Excalibur_rep_c105376_485,chr1B,484685232,0.829955448949929,0.209766162310867,1454,0.952911811757326,0.00729472667848796
BS00023142_51,chr1B,484687372,0.814698782045485,0.394773039889959,1454,0.948960282052981,-0.00546858561091668
BS00034925_51|Tdurum_contig28316_442,chr1B,485203357,0.810799756799792,0.395804676753783,1454,0.948897562783932,0.00563125870720071
BS00067146_51,chr1B,488628573,0.305465622984247,0.121733149931224,1454,0.787888505892113,-0.0249161251257117
wsnp_Ku_c19618_29134473,chr1B,490545756,0.37920050835658,0.370357634112792,1454,0.818083744822873,-0.018352416501088
RAC875_c87890_234,chr1B,495275022,0.403261434580482,0.15130674002751,1454,0.824725642249666,-0.0195987791521617
Tdurum_contig59449_249,chr1B,495276116,0.67338242156454,0.390990371389271,1454,0.922467643258969,-0.00980090954679724
wsnp_Ex_c23992_33235984,chr1B,540458499,0.580957956229959,0.109009628610729,1454,0.882971228219661,0.0185013800087823
BS00065126_51,chr1B,548030097,0.578009372517047,0.223177441540578,1454,0.881988394851142,-0.0155394998115739
Tdurum_contig83770_218,chr1B,551693240,0.34348041551305,0.104883081155433,1454,0.801756795523856,-0.0293186742162739
Tdurum_contig42749_3287,chr1B,557183418,0.0521035348028521,0.233837689133425,1454,0.487824804348164,-0.0445532961470825
BS00023071_51,chr1B,609474528,0.629351598058124,0.142365887207703,1454,0.910671445101788,0.0127455835440884
RAC875_c52957_154,chr1B,611027568,0.358074262609396,0.420563961485557,1454,0.809101306944761,-0.0243717753058093
Excalibur_c44818_109,chr1B,611027714,0.304544840472045,0.134456671251719,1454,0.787888505892113,-0.0244069146981758
RFL_Contig2176_1111,chr1B,611028387,0.0159800921933154,0.47111416781293,1454,0.323660549286506,-0.0548809405517687
RFL_Contig2176_932,chr1B,611028566,0.0216088062245578,0.355570839064649,1454,0.360214722630129,0.0445433633300532
BS00064162_51,chr1B,611145616,1.3991775514952e-06,0.0790921595598349,1454,0.000247234673349202,0.155120883067035
Tdurum_contig96049_200,chr1B,613632313,0.39516388648473,0.454951856946355,1454,0.824243775465329,-0.0172414189614116
BS00022775_51,chr1B,614467582,0.264419329369912,0.171595598349381,1454,0.764695507359467,-0.0302699013445764
BobWhite_c48071_144,chr1B,624345061,0.584344377500185,0.416781292984869,1454,0.884778504749637,-0.011637183148629
RAC875_c16136_1597,chr1B,632415952,0.793669803953348,0.4439477303989,1454,0.948897562783932,-0.0111887313682928
Tdurum_contig49651_546,chr1B,637979778,0.058615192777538,0.154057771664374,1454,0.510212047477388,-0.048219456056307
BS00022411_51,chr1B,639185133,0.776679792797654,0.429504814305365,1454,0.945144463869898,-0.00592167762100004
Ra_c17685_927,chr1B,641746937,0.727069184685133,0.0770288858321871,1454,0.930162345495243,0.0125295768245977
BobWhite_c36862_84,chr1B,642008969,0.797677284451224,0.146836313617607,1454,0.948897562783932,-0.00900658145090105
CAP12_c6260_64|Kukri_c63336_621,chr1B,643756710,0.23518262614051,0.105226960110041,1454,0.744329984277875,0.0320600472024015
BobWhite_c2844_569|BS00039135_51,chr1B,646331263,0.0410747963389878,0.063273727647868,1454,0.462247542343208,-0.0860246423290398
BS00094237_51,chr1B,647594072,0.335770745394133,0.062585969738652,1454,0.798146202692349,-0.0320674095463476
CAP11_c6406_104,chr1B,647594448,0.27720270723208,0.147524071526823,1454,0.771365643589111,0.0374754815763296
Tdurum_contig10036_1057,chr1B,650372614,0.309356254880304,0.482462173314993,1454,0.787941735906161,-0.0192503431673856
Tdurum_contig93532_89,chr1B,650732830,0.576784186754638,0.133768913342503,1454,0.881164688253154,0.0174740386345604
TA004946-0577,chr1B,650733704,0.292922125925597,0.1292984869326,1454,0.784232418955348,0.0331813202312521
wsnp_Ex_c27176_36393952,chr1B,651094835,0.475896889515576,0.293672627235213,1454,0.848842270415289,0.0180676889273457
Kukri_c4453_1248,chr1B,651095088,0.197770384151695,0.302957359009629,1454,0.726528625355603,0.0221698113144093
Tdurum_contig50988_500,chr1B,655761835,0.177518633521042,0.211829436038514,1454,0.706772838580336,0.0331357112832187
BobWhite_c23617_167,chr1B,655818576,0.494469415670595,0.143741403026135,1454,0.851746130906326,0.0210161972368645
Jagger_c3757_131,chr1B,655819171,0.655143473358134,0.113823933975241,1454,0.914771519713424,0.0162805638661929
RFL_Contig1823_1044,chr1B,655955235,0.329042930091346,0.169532324621733,1454,0.794567749058482,0.025990832279982
BS00068077_51,chr1B,660645333,0.826004358607027,0.103851444291609,1454,0.95278776807322,0.00773683414639592
BS00071893_51,chr1B,667040658,0.797149767486941,0.125515818431912,1454,0.948897562783932,-0.00827545268367125
Tdurum_contig57153_1356,chr1B,669462262,0.905531746461139,0.0577716643741403,1454,0.972567531605772,0.00733338156829788
CAP12_c1085_283,chr1B,669989968,0.946543209564363,0.181568088033012,1454,0.981742614849436,-0.00198740041628476
Tdurum_contig10475_87,chr1B,669990181,0.878861353850531,0.12757909215956,1454,0.966768783309532,-0.00677810139898938
IACX8074,chr1B,670565745,0.0169756403246919,0.334938101788171,1454,0.32962589509594,0.0638929734510114
IACX2234,chr1B,671612273,3.85883151562709e-10,0.113823933975241,1454,2.27285176270436e-07,-0.176806847827124
wsnp_CAP12_c1337_682282,chr1B,672141700,0.598953451701422,0.112448418156809,1454,0.895767956550777,-0.0438398197382384
BobWhite_c9963_51,chr1B,672661803,0.175223719607928,0.0739339752407153,1454,0.706772838580336,0.0496106398661933
Kukri_c1565_111,chr1B,674269701,0.542813734019237,0.0591471801925722,1454,0.864879953121724,-0.0259494414795149
Tdurum_contig4904_2923,chr1B,674537343,0.837733698672869,0.361072902338377,1454,0.954043579166399,-0.00470648286174935
Kukri_c44604_203,chr1B,682090700,0.780405143860027,0.0828748280605227,1454,0.945144463869898,0.0117451538511517
Ku_c11537_539,chr1B,694408430,0.0233471615626393,0.0529573590096286,1454,0.371661571902555,0.0962353354833194
Kukri_c7822_144,chr1D,119937,0.635644717870926,0.317400275103164,1454,0.910671445101788,-0.0115282535878798
BobWhite_c47810_111,chr1D,146722,0.0277505886469137,0.0735900962861073,1454,0.400264019873714,-0.0802926828121358
D_GDS7LZN02IXNP1_255,chr1D,176881,0.76915337647579,0.355914718019257,1454,0.94354571933868,-0.00599611194462213
BS00093325_51,chr1D,201744,0.608212783604843,0.297111416781293,1454,0.8984105504925,0.0114741448220705
RAC875_c48669_292,chr1D,201983,0.630352710025793,0.19222833562586,1454,0.910671445101788,0.00999036662085828
RAC875_c10925_1887,chr1D,206331,0.729604992126698,0.370357634112792,1454,0.930162345495243,0.00681172181645806
wsnp_Ex_c278_538285,chr1D,4107550,0.820881581278461,0.393053645116919,1454,0.949900297392954,-0.00459507147491678
RAC875_c2070_566,chr1D,4108163,0.615203374777567,0.392365887207703,1454,0.902877378099636,-0.0102406339673813
Kukri_c83523_57,chr1D,4819665,0.064264636438208,0.264099037138927,1454,0.531251348644176,-0.0617989825690159
wsnp_Ex_c1969_3705930,chr1D,9178798,0.314954249757038,0.218019257221458,1454,0.787941735906161,-0.0204349618870019
BobWhite_rep_c49356_206,chr1D,9181696,0.45225012648989,0.201513067400275,1454,0.84261843687899,-0.0151551695024104
IAAV8085,chr1D,9252704,0.267732824893198,0.149243466299862,1454,0.767993346730976,-0.0296652070148262
wsnp_Ex_c1085_2078686,chr1D,9490728,0.0675238760182868,0.339408528198074,1454,0.533483459174204,0.0548158425424887
wsnp_Ex_c1358_2600929,chr1D,9889218,0.605631804097434,0.0790921595598349,1454,0.898043178175316,0.01787798460151
wsnp_Ex_c1358_2602235,chr1D,9890524,0.439400716501425,0.0746217331499312,1454,0.84261843687899,0.0285106092547167
wsnp_Ra_c2633_5017265,chr1D,9894028,0.716456615532519,0.0749656121045392,1454,0.930162345495243,-0.0132045921204416
wsnp_Ku_c13622_21660346,chr1D,11487828,0.426909485653287,0.187414030261348,1454,0.83630716313676,0.0169401414385
Ku_c13622_482,chr1D,11488050,0.928076855294377,0.480398899587345,1454,0.97555728929516,-0.00347023649237599
wsnp_Ex_rep_c67198_65703538,chr1D,11549768,0.832213723732672,0.387895460797799,1454,0.953027640852645,-0.004758169018519
Kukri_c17177_1575,chr1D,11552558,0.00608772133060928,0.0870013755158184,1454,0.206865453676665,-0.0755160928172289
BobWhite_c33756_74,chr1D,11670552,0.356963377101313,0.402338376891334,1454,0.809101306944761,0.0198796939496155
RAC875_c23587_548,chr1D,13032856,0.0184829436566182,0.472489683631362,1454,0.339880298031748,-0.100684263429372
Ku_c12842_664,chr1D,13713082,0.508451807610069,0.205983493810179,1454,0.854411945118847,-0.0179580217647519
Ex_c6145_1877,chr1D,13910970,0.803193498367583,0.0615543328748281,1454,0.948897562783932,0.0134575602257101
RAC875_c7752_549,chr1D,13912290,2.6442390203893e-06,0.0928473177441541,1454,0.000424760940820718,0.147909129788694
D_F5XZDLF02I14SZ_56,chr1D,14840658,0.719337420275811,0.062242090784044,1454,0.930162345495243,0.0192546259211213
D_GBF1XID01CJH0V_94,chr1D,15541438,0.200442677382678,0.0581155433287483,1454,0.726606406910838,0.0719315622244423
BS00022178_51,chr1D,17161138,0.37088936262568,0.119325997248968,1454,0.812096039355113,0.0266990228236885
BS00023049_51,chr1D,18034111,0.53228482788583,0.174002751031637,1454,0.857968261110831,0.0163260784374479
Kukri_c19257_78,chr1D,18034210,0.458828925063568,0.122077028885832,1454,0.84274184720713,0.0235894124677678
Kukri_c46169_294,chr1D,19078051,0.663245761746619,0.416781292984869,1454,0.919902088701944,0.00785554417344869
Excalibur_c48750_124,chr1D,19528319,0.69096175027691,0.167812929848693,1454,0.927757912415882,-0.0100804221368396
IAAV5327,chr1D,19530369,0.48044386441583,0.426753782668501,1454,0.849280944434318,-0.0236192572030234
wsnp_Ex_rep_c101500_86856679,chr1D,32547194,0.421015292073255,0.211141678129298,1454,0.834290930948841,-0.0198808165083637
RAC875_c62_1546|RFL_Contig5594_1283,chr1D,33651304,0.769860647231861,0.409559834938102,1454,0.94354571933868,0.00708671284418472
RAC875_c62_1514,chr1D,33651336,0.487413092216291,0.4353507565337,1454,0.849280944434318,0.0219234670918524
BS00000721_51,chr1D,33651744,0.297016728130147,0.213892709766162,1454,0.784388665056215,-0.0260933533543852
wsnp_BE405518D_Ta_2_3,chr1D,33651984,0.283215425445229,0.211485557083906,1454,0.776071353672888,-0.0271038369956287
RAC875_c62_321,chr1D,33652851,0.166988630410821,0.259628610729023,1454,0.704514581099634,-0.0338812342068167
IACX11290,chr1D,34571815,0.942723276244978,0.0749656121045392,1454,0.981339095465207,0.00229092108103224
BS00002178_51,chr1D,34811486,0.057954686464773,0.201169188445667,1454,0.506960054372544,0.0484596321962627
BS00012936_51,chr1D,35723926,0.0288622086529007,0.196354883081155,1454,0.404758116584727,0.0593136945599362
D_GDS7LZN02JVIW1_263,chr1D,35740701,0.592129918069065,0.137895460797799,1454,0.890932196714588,0.0141598767385798
CAP11_c3218_126,chr1D,36043189,0.111123191619554,0.157496561210454,1454,0.618321360188236,0.0478205738599158
BS00105568_51,chr1D,36045951,0.10688061568431,0.193603851444292,1454,0.614159578090795,0.0398791788897199
wsnp_CAP12_c633_339740,chr1D,37765713,0.0236726222521423,0.14958734525447,1454,0.373477888567281,0.0622458128292322
CAP7_c1609_203,chr1D,39898481,0.126040428812616,0.255845942228336,1454,0.653949218470889,0.0326169542894981
BS00065478_51,chr1D,39912847,0.701884339418343,0.274759284731774,1454,0.930162345495243,0.00863742993891137
BS00086679_51,chr1D,40083959,0.0868221793266108,0.24828060522696,1454,0.583326201027077,0.0411357504137335
BS00034563_51,chr1D,40089836,0.192096933258112,0.273383768913342,1454,0.723173506818241,0.0296890052954524
BobWhite_c555_1485,chr1D,40090195,0.255098772693278,0.232118294360385,1454,0.75640732904506,0.0276680785849699
BS00011451_51,chr1D,40092595,0.155051391159325,0.280261348005502,1454,0.695370071519106,0.0314861155686046
BS00074824_51,chr1D,40195159,0.0697770650800292,0.269257221458047,1454,0.540772254370226,0.0420802201237436
IAAV4760,chr1D,42691775,0.934174592396513,0.0691196698762036,1454,0.977894848794217,-0.00596987228880419
IAAV4794,chr1D,44855708,0.440809071653079,0.0608665749656121,1454,0.84261843687899,-0.0528967766158381
BS00100990_51,chr1D,45136819,0.983336367237741,0.0605226960110041,1454,0.993905301888024,0.0012111614445196
Kukri_rep_c72587_123,chr1D,45779727,0.164533375680197,0.104195323246217,1454,0.702247523736494,0.0589172128531548
Kukri_c53398_200,chr1D,48947800,0.652663778305486,0.0674002751031637,1454,0.914557411788892,0.0289560247243435
BS00077237_51,chr1D,49084981,0.566697570313102,0.0674002751031637,1454,0.876842913085159,-0.0406749219698757
Kukri_c5113_1082,chr1D,49113902,0.133401836039694,0.391678129298487,1454,0.665248435856463,-0.0508792499025432
RAC875_rep_c81479_191,chr1D,49114668,0.10469563241452,0.078748280605227,1454,0.613314485031008,0.0678268251390062
BS00033405_51,chr1D,50810410,0.73117874450877,0.0667125171939477,1454,0.930162345495243,0.0256019114772439
Excalibur_c4030_1770,chr1D,51161845,0.468549409581504,0.063273727647868,1454,0.847503599062203,-0.0316955196431739
RAC875_c35094_476,chr1D,51565938,0.447086402214731,0.0502063273727648,1454,0.84261843687899,0.0625496950220672
BS00072193_51,chr1D,52050649,0.537270378908257,0.0588033012379642,1454,0.860704224416038,-0.0407712429875267
Kukri_c20844_116,chr1D,52392217,0.865018234639279,0.0656808803301238,1454,0.964693336261001,0.0105016637571431
BS00074817_51,chr1D,53588898,0.218290853102205,0.0674002751031637,1454,0.731901320967086,-0.0642487484336378
D_contig16934_681,chr1D,53591999,0.391619075295958,0.0639614855570839,1454,0.824243775465329,0.0636662126570968
IACX6432,chr1D,57088704,0.562699151770543,0.0536451169188446,1454,0.872183685244342,-0.0499973072676756
wsnp_BE445121D_Ta_2_2,chr1D,57314473,0.636516868042738,0.0704951856946355,1454,0.910671445101788,0.0277229070689362
Excalibur_c5958_1270,chr1D,58111306,0.525260163112242,0.0735900962861073,1454,0.857968261110831,0.0269953644464422
Excalibur_c5958_1398,chr1D,58111434,3.88380753254965e-06,0.0729023383768913,1454,0.000571890659167936,-0.149374403514574
BS00094471_51,chr1D,58809326,0.82788492124461,0.0680880330123796,1454,0.95278776807322,0.0181611009299925
BS00024812_51,chr1D,112441745,0.743859653867736,0.348349381017882,1454,0.935516020202341,-0.0127484106884737
Kukri_c18350_151,chr1D,172527877,0.0830424495682268,0.0663686382393398,1454,0.574487050672928,0.0615846945278964
RAC875_c19509_174,chr1D,193934385,0.276819993094961,0.0598349381017882,1454,0.771365643589111,-0.0578715479483165
wsnp_Ex_rep_c70574_69491038,chr1D,216049707,0.477979518023927,0.148211829436039,1454,0.848842270415289,0.0194643933983336
Excalibur_c54055_694,chr1D,312106829,0.943967730444533,0.240371389270977,1454,0.981339095465207,0.00191433010871478
RAC875_rep_c105196_532,chr1D,329638192,0.901108556159123,0.15646492434663,1454,0.972567531605772,0.00353797358183883
Excalibur_c33661_412,chr1D,341579717,0.0259023014248479,0.157496561210454,1454,0.385832265369046,0.0585205873135735
wsnp_Ku_c53270_57959459,chr1D,355119524,0.102802595254453,0.234525447042641,1454,0.613314485031008,0.0497218807761897
BS00071465_51,chr1D,358398125,0.739758701152644,0.122077028885832,1454,0.934343647015017,0.0118183086077295
BS00038418_51,chr1D,359836800,0.152472188288924,0.223177441540578,1454,0.687291726292164,0.0343783742290533
IAAV4656,chr1D,361141537,0.331524333876274,0.0887207702888583,1454,0.794944111977785,0.0427695737024969
D_contig14507_369,chr1D,369511242,0.665249071894305,0.158872077028886,1454,0.921234412254888,0.0131013182509889
wsnp_Ex_c26626_35864468,chr1D,411773833,0.643962305236887,0.109009628610729,1454,0.913149944732761,0.0163476167087815
BobWhite_c3283_54,chr1D,411994616,0.57604784582781,0.0677441540577717,1454,0.881164688253154,-0.0243902317287414
Kukri_c12758_1488,chr1D,414251873,0.0795822465691221,0.0921595598349381,1454,0.569690023677495,0.0668414231519048
BS00040568_51,chr1D,439237091,0.470040136374503,0.0577716643741403,1454,0.847511143850761,0.0291199913689368
CAP11_c1701_324,chr1D,439396010,0.378938185294315,0.0591471801925722,1454,0.818083744822873,0.0350340743821853
BS00022188_51,chr1D,465703299,0.48511774096497,0.171939477303989,1454,0.849280944434318,-0.0182947982337325
Kukri_c3365_1192,chr1D,471972623,0.924509233850905,0.190165061898212,1454,0.97555728929516,0.00248637014927056
Excalibur_c20462_128,chr1D,477183304,0.276384715975529,0.297799174690509,1454,0.771365643589111,-0.019504626420737
RAC875_c68124_105,chr1D,477331667,0.191938598187106,0.139270976616231,1454,0.723173506818241,-0.0353852332325637
D_contig10329_117|Excalibur_c17937_1157,chr1D,478815749,0.97744068070529,0.297799174690509,1454,0.993279246485772,0.000586162294899495
RAC875_c51493_471,chr1D,479894522,0.0394097347994515,0.270288858321871,1454,0.458138167043624,-0.0394492898461394
CAP7_c6937_354,chr1D,480215313,0.394259290916287,0.201169188445667,1454,0.824243775465329,-0.0257111106957257
wsnp_Ku_c23598_33524490,chr2A,4150148,0.487807902238201,0.274415405777166,1454,0.849280944434318,-0.0149321378222567
Excalibur_c386_894,chr2A,4275967,0.189579612071107,0.354539202200825,1454,0.723173506818241,-0.0257330742598469
wsnp_Ex_c997_1906900,chr2A,5528827,0.0957293917867659,0.134456671251719,1454,0.597716732463658,-0.04578111324596
wsnp_Ku_c33374_42877546,chr2A,5531907,0.679134950474924,0.078060522696011,1454,0.924523464937744,-0.0130774764243
Kukri_c27040_309,chr2A,30844971,0.646494971471852,0.102475928473177,1454,0.913149944732761,0.0134987279530279
BobWhite_c9564_154,chr2A,60480967,0.46323677931887,0.424002751031637,1454,0.846472997990117,-0.0302358043432491
BobWhite_c1611_1685,chr2A,62090230,0.215823004667982,0.257565337001376,1454,0.731901320967086,0.0249193069371252
BS00039209_51,chr2A,73598217,0.0762418313374742,0.10041265474553,1454,0.556691388319491,0.0635649081072138
Tdurum_contig48302_532,chr2A,76225305,0.342122734467532,0.0715268225584594,1454,0.800392867071165,0.0440002475529724
Excalibur_c15733_252,chr2A,76226142,0.112642617386771,0.0584594222833563,1454,0.621998452882576,0.0855147391114954
Excalibur_c3108_5476,chr2A,76412639,0.0542857335170893,0.111072902338377,1454,0.497009798573558,0.061264523567921
wsnp_BE497494A_Td_2_1,chr2A,79772005,0.812036787583399,0.152682255845942,1454,0.948897562783932,0.00693111449614037
wsnp_Ex_c41913_48628389,chr2A,86161281,0.771523869070561,0.146836313617607,1454,0.944101576625818,0.00890504408895154
BS00074780_51,chr2A,88038316,0.367897712194743,0.15302613480055,1454,0.811696470153656,-0.0272018393381543
Kukri_c29034_492,chr2A,89375701,0.152954172265888,0.0732462173314993,1454,0.687709980645865,-0.0768987207249054
BobWhite_c3644_491,chr2A,89387690,0.592998351187111,0.15646492434663,1454,0.891010277676551,-0.015519479631724
Tdurum_contig56511_144,chr2A,90197856,0.770442101604967,0.18191196698762,1454,0.94354571933868,-0.00698237011609493
Tdurum_contig44062_733,chr2A,91270892,0.236440503017576,0.175722145804677,1454,0.744329984277875,-0.0342498886063254
Excalibur_c21269_176,chr2A,95428717,0.0777189641536085,0.0911279229711142,1454,0.562792626180756,-0.0832134494028338
BobWhite_c5562_219,chr2A,95437852,0.752146340482295,0.078404401650619,1454,0.939813176368194,-0.0161319350782634
BobWhite_c26259_248,chr2A,101650624,0.715179060866918,0.173658872077029,1454,0.930162345495243,-0.0106450071944906
Tdurum_contig30569_579,chr2A,102169489,0.907619614950718,0.186382393397524,1454,0.972567531605772,-0.00297920261633955
Tdurum_contig28682_120,chr2A,102768046,0.297393681078561,0.177785419532325,1454,0.784388665056215,-0.0314001009476783
Excalibur_c21872_135,chr2A,102769471,0.813115904336224,0.0742778541953232,1454,0.948897562783932,0.00744672420541548
RAC875_rep_c119471_174|Tdurum_contig62073_376,chr2A,103379714,0.807461817189363,0.0519257221458047,1454,0.948897562783932,-0.0122239691229407
TA002645-0060,chr2A,131769179,0.0514295256161839,0.0594910591471802,1454,0.487824804348164,-0.0908642158164525
Excalibur_c18417_241,chr2A,195049743,0.800776028805243,0.0835625859697386,1454,0.948897562783932,-0.0101170781618016
BS00039797_51,chr2A,210511211,0.277908817168156,0.397524071526823,1454,0.772114591094545,0.0352806737313216
RAC875_rep_c101788_71,chr2A,377697739,0.313264492108511,0.18363136176066,1454,0.787941735906161,0.0306036913281744
IAAV2090,chr2A,421339395,0.467682844205115,0.0653370013755158,1454,0.847503599062203,0.0326028374355936
tplb0047f03_349,chr2A,438830037,0.128647599130296,0.0925034387895461,1454,0.655101751190871,0.0473271461627611
Kukri_c57491_156,chr2A,508666408,0.957518674425667,0.117606602475928,1454,0.98637526627411,-0.00183290620749332
wsnp_Ex_c31900_40635609,chr2A,510294239,0.865876418398386,0.230398899587345,1454,0.964693336261001,-0.00415423457380015
BobWhite_c2002_100,chr2A,541486812,0.0883071469749824,0.0907840440165062,1454,0.583930962175968,0.059787971547415
wsnp_BE403597A_Ta_2_1,chr2A,573136296,7.16544771368095e-08,0.357977991746905,1454,1.68138640791208e-05,0.112384383514592
wsnp_BE406351A_Ta_2_3,chr2A,575052769,0.0363844252546233,0.235557083906465,1454,0.446467218228607,0.0429081223600818
CAP12_c6044_69,chr2A,575146330,0.759279135538571,0.421251719394773,1454,0.941506128067828,0.0121986687465068
BobWhite_c28819_733,chr2A,580673465,0.395666435169326,0.388239339752407,1454,0.824243775465329,0.0294440165015715
wsnp_CAP11_c838_518859,chr2A,584175181,0.621687547190904,0.376203576341128,1454,0.906800928348633,0.0153222897407588
BS00041816_51,chr2A,617159317,0.732050230778211,0.0543328748280605,1454,0.930162345495243,-0.0141505099294861
BS00022241_51,chr2A,670881819,0.396992322919495,0.180536451169188,1454,0.824243775465329,-0.0211279319387181
BS00081195_51,chr2A,683403062,0.308245250489626,0.121045392022008,1454,0.787941735906161,-0.0313902286361643
Kukri_c44255_832,chr2A,708770014,0.202583437498721,0.129986244841816,1454,0.726606406910838,0.0363738891135093
BS00029332_51,chr2A,712971442,0.898705675777997,0.0797799174690509,1454,0.97191046283237,0.00465190852325215
BobWhite_c11081_1619,chr2A,716729497,0.467624350210338,0.0515818431911967,1454,0.847503599062203,0.031009433283816
RAC875_c83712_84,chr2A,717763964,0.676914587913004,0.15646492434663,1454,0.924349363865749,-0.0130290579482626
wsnp_Ex_c59095_60108185,chr2A,723736722,0.497396595531703,0.154401650618982,1454,0.852473117657147,0.0176949914203988
wsnp_Ex_c59095_60108097,chr2A,723736810,0.519329548876923,0.0801237964236589,1454,0.857968261110831,0.0221515414788342
wsnp_Ra_c32271_41304469,chr2A,723738030,0.509960663354388,0.174002751031637,1454,0.854411945118847,0.0165146803231657
BobWhite_c16923_64,chr2A,726859048,0.728499088118807,0.242090784044017,1454,0.930162345495243,-0.00662313192066044
BS00057059_51,chr2A,736842476,0.531830560454399,0.0563961485557084,1454,0.857968261110831,-0.0246173828737497
BS00024921_51,chr2A,740644564,0.717188790638947,0.0828748280605227,1454,0.930162345495243,0.0118676406536302
wsnp_CAP11_c1711_934478,chr2A,741852418,0.457382274136628,0.417125171939477,1454,0.84261843687899,0.0208415506608404
RAC875_c19904_308,chr2A,742458348,0.668812349365464,0.497592847317744,1454,0.922467643258969,-0.00857209345072008
RAC875_c104160_61,chr2A,742459079,0.87874937490793,0.497936726272352,1454,0.966768783309532,-0.00302456911000348
BS00077768_51,chr2A,746382095,0.197073183106881,0.0914718019257221,1454,0.725475655312205,-0.0425156650404883
Excalibur_c22696_316,chr2A,747870924,0.193182245627548,0.190165061898212,1454,0.723173506818241,-0.0304047663269529
Excalibur_c99029_69,chr2A,750152199,0.731491991424522,0.352132049518569,1454,0.930162345495243,0.0101284274677127
Kukri_c2687_1407,chr2A,750187115,0.0223826648095762,0.138583218707015,1454,0.366205265912233,-0.0710991969688557
Excalibur_c44834_80,chr2A,766213417,0.421630900587049,0.352475928473177,1454,0.834290930948841,0.017158921804441
RAC875_c27530_860,chr2A,768108224,0.406043957041495,0.0598349381017882,1454,0.825638287793235,0.0267837727562119
wsnp_Ex_c10555_17235832,chr2A,768113938,0.553351694896085,0.0577716643741403,1454,0.869131062116785,-0.0199601189014249
wsnp_Ex_c3695_6740339,chr2A,768617031,0.242088810814973,0.0870013755158184,1454,0.751794250808535,-0.0423324967883065
Kukri_c89717_64,chr2A,774081045,0.506107505969498,0.406808803301238,1454,0.854411945118847,0.0157076083207315
BobWhite_rep_c63940_205,chr2A,781419567,0.639632603478139,0.25,1454,0.912241479921006,-0.0134360861577072
RAC875_c42539_151,chr2A,785365717,0.319178233106736,0.385488308115543,1454,0.787941735906161,0.0350403852870897
BS00070466_51,chr2A,785417292,0.855228053250633,0.10041265474553,1454,0.959225237177568,0.00610815783974594
BobWhite_c1105_299,chr2A,786338839,0.362513610045585,0.132049518569464,1454,0.811696470153656,-0.0230448769115252
RFL_Contig4560_1503,chr2A,789490031,0.245411552928573,0.0718707015130674,1454,0.756067101427406,-0.0401566579957695
Kukri_c40204_617,chr2B,1142148,0.286429627994795,0.433287482806052,1454,0.777451847414443,-0.0191027200908778
Kukri_c30847_344,chr2B,1143112,0.0628344296843063,0.257221458046768,1454,0.524997231865093,-0.0413321992391147
Excalibur_c39493_251,chr2B,5488537,0.397358746036161,0.102819807427785,1454,0.824243775465329,-0.0328685781633347
Excalibur_c4705_660,chr2B,5522156,0.270288218045921,0.226616231086657,1454,0.768358858402266,0.035320627745044
Excalibur_c17250_751,chr2B,5530076,0.226638923079745,0.134456671251719,1454,0.737978664773785,-0.0449455110655315
Ra_c1501_1220,chr2B,5612130,0.356962266975639,0.468707015130674,1454,0.809101306944761,-0.0186756190611312
Kukri_c3701_1980,chr2B,9354246,0.396604838331012,0.229711141678129,1454,0.824243775465329,-0.0235475061823536
BobWhite_c12144_216,chr2B,9829982,0.68554117316765,0.337345254470426,1454,0.927516032218549,-0.0115770169271485
BobWhite_rep_c64787_359,chr2B,10422988,0.562621157662673,0.193259972489684,1454,0.872183685244342,-0.0182488241641607
BobWhite_c7145_355,chr2B,10423162,0.882368680752116,0.184662998624484,1454,0.966768783309532,-0.0051204330681287
BS00072058_51,chr2B,12253959,0.9212453083588,0.171939477303989,1454,0.974501192979875,0.00211083132738388
BobWhite_c26803_89,chr2B,13170105,0.669559124537055,0.490715268225585,1454,0.922467643258969,0.0091920401566199
IAAV8700,chr2B,16395651,0.222700936673725,0.460453920220083,1454,0.735537486172845,-0.0339822321477197
BS00065556_51,chr2B,16461614,0.689254684890935,0.294360385144429,1454,0.927638536017063,-0.00741048398015565
Excalibur_c41459_96,chr2B,17264592,0.108941459464178,0.282668500687758,1454,0.614159578090795,-0.0348244756957587
Excalibur_c4748_360,chr2B,17271730,0.0432726817205402,0.402682255845942,1454,0.463411082425422,-0.0528907016925482
RAC875_c2300_1021,chr2B,17275697,7.6123889435748e-08,0.485557083906465,1454,1.68138640791208e-05,-0.0979234382788625
wsnp_Ex_rep_c66551_64836462,chr2B,20125018,0.177993159687747,0.271320495185695,1454,0.706772838580336,-0.031132217291006
wsnp_CAP11_c3271_1608092,chr2B,20193729,0.762250354541725,0.166781292984869,1454,0.943204745430832,0.00853982319836888
Excalibur_rep_c108189_683,chr2B,20334636,0.51807011976027,0.170220082530949,1454,0.857968261110831,0.0171468939680661
tplb0058j01_762,chr2B,20378527,0.81146600870158,0.185006877579092,1454,0.948897562783932,0.00633556798479873
Kukri_c3067_398,chr2B,20564047,0.581609448156929,0.0856258596973865,1454,0.882971228219661,-0.0162188437944693
BS00011149_51,chr2B,20865880,0.0769163254075279,0.253094910591472,1454,0.559305131667085,0.0416026276373156
Excalibur_c40567_1893,chr2B,23500473,0.356770050363031,0.159559834938102,1454,0.809101306944761,0.0216425334090822
TA001263-0453,chr2B,23500700,0.829308198809628,0.490371389270977,1454,0.95278776807322,-0.00579400517932527
BS00067046_51,chr2B,27388075,0.751266341134837,0.142709766162311,1454,0.939481687746113,-0.0118659721325614
wsnp_Ex_rep_c70756_69644826,chr2B,39254175,0.841470224901644,0.19050894085282,1454,0.955577048458358,-0.00443328271782306
BS00077914_51,chr2B,39825194,0.954496955334096,0.262723521320495,1454,0.985735823658696,0.00111306958005919
Kukri_c25245_998,chr2B,40520522,0.768454947514882,0.145116918844567,1454,0.94354571933868,0.0064030495408014
BS00071995_51,chr2B,40522277,0.418029424006009,0.155089408528198,1454,0.834290930948841,0.0217122613542351
RAC875_rep_c105164_545,chr2B,40523265,0.488417458189229,0.168500687757909,1454,0.849280944434318,0.0175277900142792
Kukri_c29807_476,chr2B,40525793,0.447708125578817,0.204951856946355,1454,0.84261843687899,0.0187115930838111
wsnp_JD_c5064_6183978,chr2B,40530774,0.726114873796888,0.266162310866575,1454,0.930162345495243,0.00670503137224721
BobWhite_rep_c63363_160,chr2B,41124578,0.665901148946795,0.411966987620358,1454,0.921415293805001,-0.0149762225224137
BobWhite_c5072_107,chr2B,41735829,0.497374828149494,0.203232462173315,1454,0.852473117657147,0.0150947802084893
JD_c49544_37,chr2B,41908983,0.905545576235883,0.215268225584594,1454,0.972567531605772,0.00262833676040586
wsnp_CAP11_rep_c8489_3665230,chr2B,41909106,0.320538741429791,0.177097661623109,1454,0.787941735906161,0.0235523332261014
RAC875_rep_c79427_59,chr2B,42008046,0.224469344622314,0.220082530949106,1454,0.737978664773785,-0.0265682271381227
Ex_c67274_1225,chr2B,43375346,0.377352372613297,0.298830811554333,1454,0.818083744822873,-0.0163952244435723
wsnp_Ex_c19260_28187434,chr2B,47995758,0.760815710511005,0.241059147180193,1454,0.94274990215494,-0.00689099936433379
Kukri_c26288_419,chr2B,55482559,0.118772357867974,0.323590096286107,1454,0.639124518071265,0.0374103521188722
wsnp_Ex_c4349_7841003,chr2B,56101655,0.100024892282841,0.320495185694635,1454,0.608670681093698,0.0442507484370616
RAC875_c34516_70,chr2B,64110277,0.235177959513287,0.115543328748281,1454,0.744329984277875,0.035783438259422
Excalibur_c6502_397,chr2B,64188823,0.206125841318966,0.0608665749656121,1454,0.726606406910838,0.0647701707002497
BobWhite_c10578_272,chr2B,65267267,0.0573718211622727,0.0749656121045392,1454,0.505363173078314,0.0719060239414695
RAC875_c24914_462,chr2B,71254294,0.479815098051347,0.0591471801925722,1454,0.849280944434318,-0.0251161770276394
BobWhite_c44986_217,chr2B,71554374,0.170100587845023,0.06292984869326,1454,0.704514581099634,0.0731643245931863
wsnp_Ku_c34759_44069854,chr2B,74336879,0.0615451886751582,0.255502063273728,1454,0.52407364054747,0.0450456589661314
CAP12_rep_c5926_115,chr2B,74424768,0.16950213981037,0.131361760660248,1454,0.704514581099634,0.0402255877933975
Kukri_c43403_346,chr2B,75544735,0.360702584792539,0.0983493810178817,1454,0.811696470153656,0.0336396419103266
Jagger_c8098_88,chr2B,75644344,0.0551886548040645,0.155089408528198,1454,0.502671922880319,0.0528782851462815
Kukri_c17483_568,chr2B,75650270,0.285897910661785,0.0890646492434663,1454,0.77732328743756,0.0324027928756756
Excalibur_rep_c101660_546,chr2B,75900831,0.171329663638467,0.0925034387895461,1454,0.706772838580336,0.0577921293565034
Tdurum_contig29620_207,chr2B,75901178,0.130896483374037,0.142022008253095,1454,0.660840246062638,0.0420866405560645
Kukri_c12616_353,chr2B,75902716,0.827874539989462,0.0873452544704264,1454,0.95278776807322,0.00937201021797307
Excalibur_c7136_823,chr2B,76309122,0.818302410855388,0.0612104539202201,1454,0.949900297392954,0.00795703879155241
Kukri_rep_c69288_529,chr2B,86137201,0.601234180231591,0.157152682255846,1454,0.895767956550777,0.0125032996153074
Kukri_c44_1704,chr2B,88113280,0.0557461236209591,0.269257221458047,1454,0.503556716213507,0.0447623843020395
GENE-1741_103,chr2B,89813541,0.809827611293348,0.332530949105915,1454,0.948897562783932,-0.00460075163809037
BS00030497_51,chr2B,90291782,0.465613077826145,0.490371389270977,1454,0.847503599062203,0.0190084892969082
Tdurum_contig47202_1699,chr2B,90589409,0.383794892991758,0.461829436038514,1454,0.819040550623716,0.0206565292324719
JD_c11869_1297,chr2B,90589480,0.365837680795889,0.499312242090784,1454,0.811696470153656,-0.0203099550618902
BS00022966_51,chr2B,91759484,0.149393686648683,0.447730398899587,1454,0.68388249820783,-0.0384524041479963
Tdurum_contig45350_605,chr2B,92995167,0.511781043202077,0.495873452544704,1454,0.854411945118847,0.0167586254637584
BS00023221_51,chr2B,93003967,0.139299332918444,0.392022008253095,1454,0.665248435856463,-0.0418290448776872
Kukri_c36879_83,chr2B,94574870,0.703589138611756,0.25515818431912,1454,0.930162345495243,-0.00929737485516924
BobWhite_c30112_275,chr2B,96247720,0.973834759833905,0.376891334250344,1454,0.992825385709701,0.000830250839484847
CAP7_c1018_75,chr2B,96247811,0.439305820357261,0.290921595598349,1454,0.84261843687899,-0.0160629228328801
RAC875_c26415_350,chr2B,97148945,0.00332023668575717,0.103163686382393,1454,0.147320544305339,-0.0790541858841447
RAC875_c76533_442,chr2B,97203902,0.955982646713577,0.210110041265475,1454,0.986118702126615,-0.00173775537765408
Tdurum_contig36804_98,chr2B,100395373,0.371565358473563,0.201513067400275,1454,0.812569292602457,-0.021223218833633
Kukri_c5904_80,chr2B,101304536,0.454455850637934,0.125515818431912,1454,0.84261843687899,-0.0314179377142807
RAC875_c3302_1411,chr2B,101861071,0.417133019119394,0.365887207702889,1454,0.834290930948841,-0.0227462644547032
Excalibur_c25430_183,chr2B,103035608,0.573287813204168,0.178129298486933,1454,0.880869187766753,-0.0212860403230337
Tdurum_contig81323_291,chr2B,103720137,0.386583626568396,0.363136176066025,1454,0.821454454960617,-0.0234973378083012
Kukri_c49522_254,chr2B,103727547,0.607445945857325,0.0900962861072902,1454,0.8984105504925,-0.0150998973457437
RFL_Contig2231_1297,chr2B,104067472,0.898713791015589,0.425034387895461,1454,0.97191046283237,0.00334884685902637
BS00103461_51,chr2B,104068633,0.34127811147445,0.25515818431912,1454,0.800392867071165,0.0384195447556905
Excalibur_c27716_544,chr2B,104307842,0.157028377960437,0.272696011004127,1454,0.698275981523593,-0.0357402312042971
Tdurum_contig7800_228,chr2B,104848870,0.170247722767144,0.355226960110041,1454,0.704514581099634,-0.0403629440644977
BS00071690_51,chr2B,104849132,0.604017616365222,0.376547455295736,1454,0.898043178175316,-0.0150699511227046
Kukri_c4790_154,chr2B,105438546,0.85104526021746,0.232118294360385,1454,0.957832468028185,0.00738256150656014
RAC875_c35438_474,chr2B,106532905,0.695764422112772,0.101100412654746,1454,0.930162345495243,0.0127108027303393
Excalibur_c2496_1141,chr2B,107864011,0.77555718701685,0.0753094910591472,1454,0.945144463869898,-0.00973997225635692
wsnp_JG_c609_370792,chr2B,108526605,0.394563927449215,0.422283356258597,1454,0.824243775465329,-0.023661943058741
GENE-1365_16,chr2B,114257203,0.686696332057463,0.093878954607978,1454,0.927516032218549,-0.0147795607196777
wsnp_Ra_c11493_18637928,chr2B,114836612,0.711868032157828,0.202888583218707,1454,0.930162345495243,0.0139316809179917
BobWhite_c38833_197,chr2B,116746451,0.303821247583892,0.115543328748281,1454,0.787888505892113,-0.0259234818979834
Ku_c4042_576,chr2B,117211953,0.401626423698726,0.455639614855571,1454,0.824243775465329,-0.0250893339079781
TA001821-0411,chr2B,117569460,0.259335291873231,0.094566712517194,1454,0.762097117625954,-0.0365692987285868
wsnp_Ex_c269_517710,chr2B,117634038,0.401505790470521,0.103163686382393,1454,0.824243775465329,-0.0232544474678118
wsnp_Ex_c269_518324,chr2B,117634838,0.951144284675647,0.402682255845942,1454,0.983176229468379,0.00203875940725595
Tdurum_contig77602_931,chr2B,119853739,0.352407762720518,0.0660247592847318,1454,0.807658257752472,-0.0459409323057898
GENE-1430_599,chr2B,120623845,0.720802291209722,0.09353507565337,1454,0.930162345495243,0.0114364049139013
BS00070001_51,chr2B,121257360,0.172575097904886,0.0522696011004127,1454,0.706772838580336,-0.0723946034011185
IAAV980,chr2B,121941872,0.539600946248715,0.446011004126547,1454,0.862873187349754,-0.0183309576683612
BS00022969_51,chr2B,122306623,0.192283791780236,0.423658872077029,1454,0.723173506818241,-0.03857543269676
BS00083078_51,chr2B,130369869,0.0678253427741141,0.0763411279229711,1454,0.533483459174204,-0.0663265280352121
BS00063577_51,chr2B,131791843,0.489733932427551,0.0966299862448418,1454,0.849280944434318,-0.025882659332737
RAC875_c79857_301,chr2B,134309712,0.0201576158076029,0.453920220082531,1454,0.347620378338384,-0.0659354897675115
Ra_c106376_879,chr2B,134399177,0.0186916694884379,0.252751031636864,1454,0.339880298031748,-0.0832014679247806
BobWhite_c45336_321,chr2B,135559232,0.552043935372163,0.351444291609354,1454,0.869131062116785,-0.0155404428935881
wsnp_BE499478B_Ta_2_1,chr2B,139021946,0.109552470914441,0.419876203576341,1454,0.614159578090795,-0.0370625723202274
wsnp_Ex_rep_c67257_65786614,chr2B,139023769,0.0403221048788654,0.423314993122421,1454,0.462247542343208,-0.0558597867752511
BobWhite_c22301_230,chr2B,139680274,0.215486381896262,0.202888583218707,1454,0.731901320967086,-0.0283355264509062
RFL_Contig1385_1575,chr2B,140478883,0.204444866349277,0.43191196698762,1454,0.726606406910838,-0.0358305890487927
GENE-4359_102,chr2B,143360251,0.78535775367633,0.414718019257221,1454,0.946537886846476,0.00765786151348635
GENE-1196_146,chr2B,145564854,0.0798214016968827,0.197042640990371,1454,0.569690023677495,-0.0400939021117459
wsnp_CAP12_rep_c4678_2134259,chr2B,145770594,0.232343621064377,0.400962861072902,1454,0.744329984277875,0.0308613920160994
Kukri_c9387_112,chr2B,145839476,0.457028153694921,0.382049518569464,1454,0.84261843687899,-0.0191690580040671
Ra_c2110_1660,chr2B,145846258,0.487730518465638,0.454951856946355,1454,0.849280944434318,-0.0190139990708715
BS00022940_51,chr2B,146345398,0.923786906780116,0.460110041265475,1454,0.97555728929516,0.00205531966552996
RFL_Contig1139_817,chr2B,147365292,0.328966509058564,0.388583218707015,1454,0.794567749058482,-0.0315894514236277
RFL_Contig1139_602,chr2B,147365507,0.143273061601264,0.116231086657497,1454,0.673307180450622,-0.0526780522774537
Ku_c103035_323,chr2B,148428948,0.0485339538079251,0.397867950481431,1454,0.472612252569,-0.0585077850688904
Tdurum_contig10994_617,chr2B,149111982,0.135540692653485,0.304332874828061,1454,0.665248435856463,-0.0440817274976339
D_GA8KES402HPK9H_258,chr2B,150319045,0.0320573799853107,0.3707015130674,1454,0.422726794283911,-0.0660347497162803
tplb0031k24_254,chr2B,150803012,0.425385567483322,0.389958734525447,1454,0.836102667122392,-0.0185856207823427
BS00087793_51,chr2B,150806434,0.913578206186535,0.404401650618982,1454,0.972654083953408,-0.00298821096927782
IAAV4434,chr2B,152310781,0.339135315811646,0.416437414030261,1454,0.800069563470197,-0.0235764171971695
Kukri_c6973_344,chr2B,152586653,0.672913825909456,0.178473177441541,1454,0.922467643258969,-0.00998325609277551
RAC875_c1226_652,chr2B,156005735,0.655199524786312,0.0835625859697386,1454,0.914771519713424,-0.0155245314553909
Excalibur_c45094_602,chr2B,156953869,0.991250201452634,0.389958734525447,1454,0.99608456651803,0.000303107098915234
BS00073426_51,chr2B,158161365,0.866529781695175,0.489683631361761,1454,0.964812932738106,-0.00450576572673356
RAC875_c32503_134,chr2B,165555012,0.494702327434087,0.455983493810179,1454,0.851746130906326,-0.019755380667398
RAC875_c32503_241,chr2B,165555119,0.400657174490395,0.290577716643741,1454,0.824243775465329,-0.0286194718178763
BS00031814_51|IAAV4497,chr2B,165951394,0.17754750426649,0.290921595598349,1454,0.706772838580336,-0.031539231928619
Kukri_c42244_809,chr2B,173299340,0.476419752878463,0.450137551581843,1454,0.848842270415289,-0.0202498484297848
IAAV5331,chr2B,179447301,0.208062190083701,0.078404401650619,1454,0.726606406910838,0.0527592064382869
BS00091007_51,chr2B,181704087,0.87094581624867,0.377922971114168,1454,0.966684206853894,0.00431140881324765
wsnp_BE445278B_Ta_2_3,chr2B,204725257,0.61392376989371,0.380674002751032,1454,0.90249858685706,0.0167026071404592
wsnp_Ex_c4218_7618252,chr2B,376283799,0.913759040331044,0.465268225584594,1454,0.972654083953408,-0.00288124109540888
Kukri_c91621_319,chr2B,381759921,0.256343938025499,0.487620357634113,1454,0.757457756674008,-0.0332017171327976
RAC875_c19043_841,chr2B,383351493,0.397141742297323,0.397524071526823,1454,0.824243775465329,0.0352237863182694
BobWhite_c10453_396,chr2B,383352782,0.686125378946736,0.255502063273728,1454,0.927516032218549,0.0179475069567729
wsnp_Ku_c691_1430065,chr2B,383689469,0.363721325266854,0.398555708390646,1454,0.811696470153656,-0.027361954426226
wsnp_Ex_c2497_4666526,chr2B,383689722,0.00275183850553953,0.380674002751032,1454,0.138928532551096,0.0590590020897928
wsnp_Ex_c2905_5358140,chr2B,384571875,0.975109992071433,0.391334250343879,1454,0.992825385709701,-0.00113338693265774
BobWhite_c13455_112,chr2B,386103109,0.449169349941606,0.372764786795048,1454,0.84261843687899,0.0244950615586319
wsnp_Ex_c22693_31898036,chr2B,388001195,0.133725186902393,0.216987620357634,1454,0.665248435856463,0.0666604632380583
wsnp_Ex_c1541_2943791,chr2B,388494507,0.815922812558731,0.401994497936726,1454,0.949724128240619,-0.0075911455317268
wsnp_Ku_c22272_32093892,chr2B,388546256,0.395475807709335,0.131361760660248,1454,0.824243775465329,0.021234072699853
wsnp_Ku_c33652_43115283,chr2B,390116195,0.374615040199374,0.323933975240715,1454,0.816208108547834,0.0224957235331509
wsnp_Ex_c14735_22823373,chr2B,392576076,0.933461082552804,0.346286107290234,1454,0.977727168269593,0.00284055898875124
wsnp_Ku_c13756_21844262,chr2B,392576672,0.213484741614961,0.300550206327373,1454,0.731901320967086,0.0333647385766476
Kukri_c5609_565,chr2B,397116183,0.453869471917837,0.372764786795048,1454,0.84261843687899,0.0256083104702682
RAC875_c20366_376,chr2B,398588258,0.772705710369437,0.162654745529574,1454,0.94423996557593,0.0120846945502784
wsnp_Ex_c482_957514,chr2B,404997987,0.513473363088809,0.0797799174690509,1454,0.855143668782211,-0.0198232720089138
Kukri_c34231_167,chr2B,405478335,0.722989496697863,0.415061898211829,1454,0.930162345495243,-0.0101972289836425
RFL_Contig3353_125,chr2B,410485927,0.892253614139791,0.25,1454,0.971708840746741,-0.0058371615029742
Excalibur_c60716_53,chr2B,415561118,0.610346316659151,0.388927097661623,1454,0.899484521715363,0.0144615187706094
Kukri_c57399_314,chr2B,422191032,0.126472785805516,0.377235213204952,1454,0.653949218470889,-0.0425233726483718
Excalibur_rep_c111672_114|wsnp_Ex_rep_c103248_88252209,chr2B,423208491,0.782538964709485,0.316024759284732,1454,0.945144463869898,0.00788052223362001
wsnp_Ex_rep_c103248_88252281,chr2B,423208563,0.76488688939203,0.168500687757909,1454,0.94354571933868,0.0119268013092011
wsnp_Ex_c20529_29609310,chr2B,423209932,0.440067605078168,0.225928473177442,1454,0.84261843687899,0.0337542243545883
wsnp_Ex_rep_c69928_68889412,chr2B,423394311,0.00767381173888421,0.337345254470426,1454,0.242136166832293,-0.0854246835020618
Excalibur_rep_c106537_63|wsnp_JD_c21530_18862386,chr2B,423864478,0.457472226561311,0.390646492434663,1454,0.84261843687899,-0.0256444847177093
wsnp_Ex_c52405_56014689,chr2B,423865562,0.727440321123324,0.355914718019257,1454,0.930162345495243,-0.00954054514840763
wsnp_Ex_c19819_28827344,chr2B,429087875,0.169446256822137,0.356258596973865,1454,0.704514581099634,-0.04819721336969
wsnp_Ku_rep_c83117_78896856,chr2B,429089569,0.0166246230425434,0.149243466299862,1454,0.32962589509594,-0.0628512294667267
Kukri_rep_c107732_99,chr2B,429405787,0.552386115934767,0.224209078404402,1454,0.869131062116785,0.0146217397353503
Excalibur_c33079_199,chr2B,430124549,0.237761815490038,0.28576341127923,1454,0.744902709168258,-0.0468328436117602
wsnp_Ex_c51661_55531646,chr2B,431942675,0.646837014003035,0.289889958734525,1454,0.913149944732761,-0.0133889086233125
BobWhite_c1654_440,chr2B,434396917,0.362913453620019,0.108665749656121,1454,0.811696470153656,0.0264874013392244
IAAV8980,chr2B,435023442,0.218463246588181,0.388583218707015,1454,0.731901320967086,-0.0417593679727375
Kukri_rep_c70962_1545,chr2B,436619955,0.854939593480784,0.4353507565337,1454,0.959225237177568,0.00624057039955517
Excalibur_rep_c107546_206|wsnp_Ex_c45595_51343969,chr2B,436685441,0.195044284199287,0.270976616231087,1454,0.724818684744351,-0.0492663012828345
Ku_c14053_772,chr2B,436686599,0.0482741132259242,0.402682255845942,1454,0.472612252569,-0.0631591504489748
wsnp_Ex_c18750_27627600,chr2B,436687010,0.914394194736309,0.276822558459422,1454,0.972654083953408,-0.00315873498296071
RAC875_c60230_122,chr2B,440484529,0.108035978706934,0.236932599724897,1454,0.614159578090795,-0.0757501010991675
tplb0034a02_1566,chr2B,440751028,0.01749692152385,0.386519944979367,1454,0.331278015167143,-0.0881824521203427
wsnp_Ex_rep_c66524_64799410,chr2B,441508567,0.00784686075028756,0.453232462173315,1454,0.243252683258914,0.0909367901319058
wsnp_Ex_rep_c108679_91802578,chr2B,441515403,0.0971061317129076,0.409559834938102,1454,0.603795908825442,-0.0599704228533113
Excalibur_c11125_1525,chr2B,441986391,0.531447206196845,0.296423658872077,1454,0.857968261110831,-0.015573623886624
Kukri_c47082_109,chr2B,442200428,0.766428652807516,0.396148555708391,1454,0.94354571933868,-0.00859897657260689
IAAV3255,chr2B,442208134,0.985585522782048,0.282668500687758,1454,0.994680619487042,-0.000474309396725658
wsnp_Ex_c28243_37383894,chr2B,442410942,0.0818038158158012,0.422971114167813,1454,0.573600565660796,-0.0639331839471424
tplb0038i24_1548,chr2B,442414343,0.616729680629754,0.146836313617607,1454,0.903616372862998,0.0133197864790269
CAP12_c6259_207,chr2B,442416751,0.921557155330714,0.133768913342503,1454,0.974501192979875,0.00310117597821957
Kukri_rep_c91092_72,chr2B,442418021,0.546760042246937,0.407152682255846,1454,0.867114170118397,-0.0224267975991594
wsnp_CAP11_c1956_1045077,chr2B,444843952,0.909166333319286,0.402682255845942,1454,0.972654083953408,-0.00411864125976535
BobWhite_rep_c50998_607,chr2B,445754012,0.318574295906597,0.0718707015130674,1454,0.787941735906161,-0.0326437727743611
wsnp_Ex_c29434_38471452,chr2B,446031062,0.000551157063142244,0.347317744154058,1454,0.0360701677989758,0.0620581126593391
wsnp_Ex_rep_c104478_89183627,chr2B,446614453,0.656060024568097,0.392022008253095,1454,0.914771519713424,-0.0106384792198142
CAP8_c3701_331,chr2B,446884124,0.94062465526564,0.333218707015131,1454,0.98000222043301,-0.002198387433058
RAC875_c3039_101,chr2B,448972010,0.391458309259666,0.454951856946355,1454,0.824243775465329,-0.0287283771403821
Kukri_c20819_497|wsnp_Ex_c25438_34703568,chr2B,448974935,0.594958445201794,0.402338376891334,1454,0.893195898616457,-0.0192380813036621
BS00066545_51,chr2B,451671316,0.0471155439973727,0.422971114167813,1454,0.472612252569,-0.0629275583747173
wsnp_CAP8_c775_527730,chr2B,451899721,0.469041723508373,0.194635488308116,1454,0.847503599062203,-0.0264054651535375
wsnp_CAP8_c775_527759,chr2B,451899750,0.661109228429707,0.379986244841816,1454,0.917659078268101,0.0135525865376849
wsnp_CAP11_c5255_2442548,chr2B,451899991,0.0220476080614211,0.457702888583219,1454,0.364094611631132,-0.0737457418674055
wsnp_JD_c352_546108,chr2B,452059695,0.106630175731481,0.410935350756534,1454,0.614159578090795,-0.0602597106775278
Kukri_c8595_834,chr2B,452541234,0.145634691235784,0.0856258596973865,1454,0.677701965669771,0.0434096135626492
Kukri_c8595_953|wsnp_Ex_c12634_20096724,chr2B,452541446,0.00292444538275147,0.09353507565337,1454,0.143541527536718,-0.129351349319059
BobWhite_c7326_70,chr2B,454778400,0.816966992034941,0.0804676753782669,1454,0.949724128240619,0.00818909291756853
BobWhite_c31986_324,chr2B,456394185,0.161198824221639,0.371733149931224,1454,0.698610637227933,0.0618054721549726
wsnp_JD_c9810_10594505,chr2B,456987855,0.00890191508824963,0.131705639614856,1454,0.262161399348952,-0.0709310584910856
BobWhite_c27816_523,chr2B,458224557,0.0176231654927625,0.410247592847318,1454,0.331278015167143,-0.08528729115217
Excalibur_c22285_762,chr2B,492493648,0.839434714805775,0.256189821182944,1454,0.95449236876564,-0.00527380570359171
Ku_c6050_678,chr2B,527641078,0.912838996996553,0.0766850068775791,1454,0.972654083953408,-0.00878976670306031
Tdurum_contig64416_441,chr2B,528569946,0.575152656144727,0.242778541953232,1454,0.881164688253154,0.0194413179810553
wsnp_Ex_c29445_38480890,chr2B,530602951,0.172871453211111,0.0605226960110041,1454,0.706772838580336,0.0630451792836197
Kukri_c25281_99,chr2B,539255935,8.70817787400838e-06,0.113136176066025,1454,0.00102582335355819,0.125182313478932
wsnp_Ku_c4004_7311479,chr2B,541691751,0.906412981040153,0.114855570839065,1454,0.972567531605772,-0.0100593771437758
Excalibur_c84741_99,chr2B,544851508,0.978101804688875,0.175034387895461,1454,0.993279246485772,-0.000877142112578611
Ex_c55735_1012,chr2B,602264831,0.173589245778979,0.107634112792297,1454,0.706772838580336,-0.0414971251578713
Kukri_rep_c112675_676|wsnp_Ex_c55735_58127324,chr2B,602265433,0.798500413345467,0.404057771664374,1454,0.948897562783932,0.00512430017255738
wsnp_Ex_rep_c67561_66188180,chr2B,645740965,0.0108439843364336,0.459766162310867,1454,0.270604229459195,-0.0499119701762112
Tdurum_contig12459_491,chr2B,649815840,0.216106445829985,0.309147180192572,1454,0.731901320967086,-0.0386612656276384
BS00057475_51,chr2B,650488808,0.018890687995628,0.377235213204952,1454,0.339880298031748,-0.049695999409014
Tdurum_contig22828_244,chr2B,651771674,0.00917566250911489,0.445667125171939,1454,0.262240634651427,-0.049898208623425
BS00079013_51,chr2B,658079744,0.26913864613305,0.143053645116919,1454,0.768358858402266,0.0300459475472472
wsnp_Ex_c9628_15927045,chr2B,658140718,0.0260699989452267,0.442916093535076,1454,0.385832265369046,0.0616638267355256
RAC875_c3947_441,chr2B,658444286,0.088564514919728,0.242778541953232,1454,0.583930962175968,0.0446331367795061
BobWhite_c12134_1140,chr2B,658449223,0.780230682198569,0.213204951856946,1454,0.945144463869898,-0.0068943987507275
BobWhite_c5543_492,chr2B,662694186,0.106817617915013,0.210453920220083,1454,0.614159578090795,0.0442921895566961
BobWhite_c22106_204,chr2B,662948543,0.00850535632808963,0.194979367262724,1454,0.254728214097193,0.0719261890626761
wsnp_Ex_c58274_59638635,chr2B,663428891,0.0472065630930601,0.0698074277854195,1454,0.472612252569,0.0631061431514972
Tdurum_contig76090_916,chr2B,664249819,0.172977205870095,0.225584594222834,1454,0.706772838580336,0.0316106490210153
wsnp_Ex_c18503_27349536,chr2B,665036395,0.014352199805853,0.201513067400275,1454,0.313090580949904,0.0661535018798567
Tdurum_contig5691_596,chr2B,666308911,0.103226245100338,0.201513067400275,1454,0.613314485031008,0.0436645917387111
Tdurum_contig5691_526,chr2B,666308981,0.0484337731641101,0.202544704264099,1454,0.472612252569,0.0548226454927416
BS00094373_51,chr2B,668476964,0.381728864849387,0.0852819807427785,1454,0.819040550623716,0.0395600832732335
tplb0049b10_696,chr2B,669500070,0.126570816478237,0.200137551581843,1454,0.653949218470889,0.0431816205912412
Tdurum_contig62800_207,chr2B,670067447,0.19525392978965,0.203232462173315,1454,0.724818684744351,0.0356202565508887
Tdurum_contig18858_324,chr2B,673052911,0.390058328435328,0.061898211829436,1454,0.824243775465329,0.0369559511653765
JD_c8871_331,chr2B,685899987,0.0203159280555486,0.159215955983494,1454,0.347620378338384,0.0742868458905726
wsnp_Ra_c10658_17500498,chr2B,685900594,0.0125441805026503,0.0949105914718019,1454,0.29165219668662,0.108791948948792
IAAV2633,chr2B,691726284,0.0671217542698231,0.117606602475928,1454,0.533483459174204,0.0575322638562028
wsnp_Ex_c5123_9088111,chr2B,692712833,0.00341115778413311,0.179848693259972,1454,0.147320544305339,0.0898800775343069
wsnp_Ku_c9901_16493072,chr2B,692715018,0.0122209168010814,0.172627235213205,1454,0.288231390048779,0.0761961047066499
BS00046165_51,chr2B,693549242,0.0169047492432313,0.133081155433287,1454,0.32962589509594,0.0938769103855179
Excalibur_c36280_764,chr2B,693550500,0.000851467819998193,0.132049518569464,1454,0.0518808151012692,0.105758998875043
BobWhite_c38001_528,chr2B,708723812,0.04784644811554,0.0663686382393398,1454,0.472612252569,0.0904648762785349
BS00025649_51,chr2B,711741987,0.0682242189208678,0.185694635488308,1454,0.533483459174204,0.0503693862964525
Excalibur_c2484_2113,chr2B,712442143,0.136462094642008,0.0591471801925722,1454,0.665248435856463,0.0510601330900897
Tdurum_contig56876_365,chr2B,721733507,0.00920142577724305,0.447386519944979,1454,0.262240634651427,-0.114101602550903
BS00081109_51,chr2B,728733841,0.0388682734151297,0.141334250343879,1454,0.45483602069228,0.0600865949278102
Kukri_c64884_106,chr2B,729793265,0.112542420460214,0.440852819807428,1454,0.621998452882576,-0.0739116287357433
Kukri_c38497_174,chr2B,731053947,0.401275027009703,0.157496561210454,1454,0.824243775465329,0.02397489110934
RAC875_c54085_51,chr2B,732976868,0.0473228856166508,0.167812929848693,1454,0.472612252569,0.0520675078141899
BS00035380_51,chr2B,734577169,0.0190425294313204,0.18363136176066,1454,0.339880298031748,0.0681311566159764
Excalibur_rep_c111396_152,chr2B,734577832,0.0255049122703981,0.189821182943604,1454,0.385832265369046,0.0649162549422861
BS00012382_51,chr2B,734578554,0.00552094266620514,0.117606602475928,1454,0.206865453676665,0.0858641185101767
BobWhite_c15453_1010,chr2B,735073178,0.0108004860467922,0.172971114167813,1454,0.270604229459195,0.0788779668361954
BS00030364_51,chr2B,744255572,0.498385784334049,0.253782668500688,1454,0.853340776083589,0.0169392467966745
CAP11_c2941_210,chr2B,745906250,0.213797146989775,0.266850068775791,1454,0.731901320967086,0.0312082393830764
RFL_Contig3713_280,chr2B,760066263,0.619338458895205,0.0959422283356259,1454,0.9051869783853,-0.0151661587442593
BobWhite_c33464_133,chr2B,760220092,0.134981565655648,0.332187070151307,1454,0.665248435856463,-0.0255866430985634
RFL_Contig2751_1562,chr2B,768826241,0.414328160311532,0.448762035763411,1454,0.834290930948841,-0.0156297857164382
Tdurum_contig14482_423,chr2B,771094080,0.920332653126116,0.191196698762036,1454,0.974501192979875,0.00280216674115508
BS00072349_51,chr2B,771280632,0.0315027166009494,0.078060522696011,1454,0.422726794283911,-0.0671216990998129
BobWhite_c24069_257,chr2B,773226077,0.532277503226178,0.102132049518569,1454,0.857968261110831,0.0197216055805924
Excalibur_c910_946,chr2B,773622725,0.708289853383342,0.0722145804676754,1454,0.930162345495243,0.0160323690259858
Ra_c12604_447,chr2B,774176278,0.583140069221991,0.153370013755158,1454,0.883712266136585,0.0175307996185481
RAC875_c21269_1225,chr2B,774200442,0.0619872047959373,0.110729023383769,1454,0.52407364054747,0.0814074372879077
BobWhite_c12911_649,chr2B,775075291,0.147055719960859,0.09353507565337,1454,0.677701965669771,0.0600676204229877
BobWhite_c39769_102,chr2B,775267851,0.227603926813785,0.159215955983494,1454,0.737978664773785,0.0336615368284345
BS00039187_51,chr2B,775944587,0.626197692452733,0.259628610729023,1454,0.909540281582375,0.0126540816812728
RAC875_c7735_338,chr2B,776412867,0.780618285526876,0.232118294360385,1454,0.945144463869898,0.00632307911181584
Kukri_c94792_127,chr2B,780018349,0.861099023571178,0.0560522696011004,1454,0.961796444153143,0.00884841975531359
RAC875_c12741_101,chr2B,780403527,0.182828714734289,0.444979367262724,1454,0.714730838352851,-0.0599208171344969
RAC875_c35873_1894,chr2B,791032693,0.118999415079483,0.43707015130674,1454,0.639124518071265,-0.0322288043386898
BS00012463_51,chr2B,791033894,0.309639191082245,0.372077028885832,1454,0.787941735906161,0.020835586411998
RFL_Contig2324_729,chr2B,791203465,0.308362862179312,0.103507565337001,1454,0.787941735906161,-0.0280028936335661
BS00065264_51,chr2B,796608972,0.956807720400379,0.0508940852819807,1454,0.98637526627411,-0.00196889020220503
BS00071755_51,chr2D,16051460,0.232137225481647,0.0729023383768913,1454,0.744329984277875,-0.0436263411610724
RAC875_c52926_871,chr2D,16510981,0.646157515252721,0.228335625859697,1454,0.913149944732761,-0.00932570231366725
BS00047901_51,chr2D,16868665,0.00849877323585889,0.0639614855570839,1454,0.254728214097193,0.108510611824206
wsnp_JD_c69_109951,chr2D,17292338,0.334133971326408,0.0856258596973865,1454,0.79787229473089,0.0347863313735903
RAC875_c16897_367,chr2D,18953272,0.118443835204143,0.132393397524072,1454,0.639124518071265,-0.0497066259962828
Kukri_rep_c113120_104,chr2D,22008879,4.97407442316698e-06,0.0825309491059147,1454,0.000676091500441235,-0.166915753329489
Ex_c14755_1390,chr2D,22009818,0.268856337661024,0.113823933975241,1454,0.768358858402266,-0.0457874763194894
BS00022276_51,chr2D,31231724,0.00588448726752048,0.128610729023384,1454,0.206865453676665,-0.0779081918433242
D_contig05584_210,chr2D,33724378,0.473572007794853,0.457015130674003,1454,0.848619350532485,0.0345275061523864
CAP12_c812_220,chr2D,34725223,0.133732416721869,0.168156808803301,1454,0.665248435856463,0.0490684548475926
RAC875_c7319_195,chr2D,36096235,0.0627202560243584,0.0887207702888583,1454,0.524997231865093,-0.0607223037165561
wsnp_CAP12_c1503_764765,chr2D,37575041,0.267085323927168,0.122077028885832,1454,0.767381735576108,0.0315218468908807
Excalibur_c39215_100,chr2D,56989437,0.963151072887517,0.244497936726272,1454,0.989373080583505,-0.00133475791509596
D_GBUVHFX02GV41H_67,chr2D,58984014,0.885992467537458,0.474209078404402,1454,0.967582626785345,-0.00548917537801685
Excalibur_c59090_145,chr2D,61033250,0.733317247536207,0.108321870701513,1454,0.930785120411959,-0.00980685375974311
Kukri_c20972_618,chr2D,61724514,0.165620269800788,0.254126547455296,1454,0.703488021004789,0.0323064646610796
Excalibur_c15048_488,chr2D,63306587,0.27490404442569,0.111416781292985,1454,0.770849127085204,-0.0340402532469994
wsnp_Ku_c3107_5818628,chr2D,63474471,0.944684664055641,0.0890646492434663,1454,0.981339095465207,-0.00219957941746785
wsnp_Ex_c1944_3663988,chr2D,63475865,0.193856119197166,0.144773039889959,1454,0.723173506818241,-0.0436449636059635
wsnp_Ex_c1944_3664205,chr2D,63476082,0.813325249380925,0.093191196698762,1454,0.948897562783932,-0.00737483255141846
Excalibur_c1944_1017,chr2D,63476218,0.1056719308556,0.0949105914718019,1454,0.614159578090795,0.04186895150458
RAC875_c65419_229,chr2D,63476391,0.274188908708816,0.12414030261348,1454,0.770849127085204,-0.028453614483551
Kukri_c16477_181,chr2D,64355476,0.369788148541988,0.477991746905089,1454,0.811696470153656,-0.0312267734982328
Kukri_c16477_157,chr2D,64355500,0.363251539929273,0.496905089408528,1454,0.811696470153656,-0.0288589104415848
BobWhite_c16655_421,chr2D,65241964,0.76425337814769,0.174690508940853,1454,0.94354571933868,-0.00700234513897158
wsnp_Ex_c6400_11123059,chr2D,65601481,0.30498777097044,0.202200825309491,1454,0.787888505892113,-0.0238330188722191
BS00073229_51,chr2D,67632176,0.16044394268425,0.062585969738652,1454,0.698610637227933,-0.0637139000984739
Excalibur_c2496_1752,chr2D,74452313,0.447992088369628,0.112104539202201,1454,0.84261843687899,0.026816944355744
RAC875_rep_c72220_143,chr2D,81281046,0.22924405723603,0.251375515818432,1454,0.741894229186931,0.0362913955423956
D_contig77859_59,chr2D,81410710,0.753985034491925,0.204264099037139,1454,0.939813176368194,-0.0100631802239519
Kukri_c26576_329,chr2D,82724851,0.0823659523616576,0.182599724896836,1454,0.574487050672928,0.0528577551232203
Kukri_c43943_587,chr2D,95579933,0.678671482359708,0.240371389270977,1454,0.924523464937744,-0.00960743093123284
Excalibur_c62824_402,chr2D,100497677,0.29346254544602,0.0608665749656121,1454,0.784388665056215,-0.0539332924804441
Excalibur_c65531_147,chr2D,240687708,0.992343137666399,0.349381017881706,1454,0.99608456651803,0.0002380577246619
Excalibur_c31302_230,chr2D,272501525,0.156004300364629,0.216643741403026,1454,0.696110097839141,-0.0286716622426155
wsnp_Ex_c25311_34578436,chr2D,323580280,0.898350824893379,0.159215955983494,1454,0.97191046283237,0.00322519014760303
BS00027456_51,chr2D,355048394,0.500411198407773,0.0897524071526823,1454,0.854411945118847,-0.0221421181206214
BS00000905_51,chr2D,372826720,0.822917093561967,0.094566712517194,1454,0.951010140172659,-0.00697721018112496
wsnp_Ku_c8712_14751858,chr2D,476510310,0.100583949563871,0.173658872077029,1454,0.608670681093698,-0.050255500790513
wsnp_Ex_c8303_14001708,chr2D,484597631,0.0404212216928975,0.412310866574966,1454,0.462247542343208,0.0801762427608281
wsnp_Ex_rep_c66522_64795143,chr2D,555317716,0.0930308158367707,0.0649931224209078,1454,0.585584015162861,-0.0586355074157234
RAC875_rep_c85788_126,chr2D,575297699,0.735560591276601,0.235557083906465,1454,0.932045156892126,-0.0108054704633957
RAC875_c76186_510,chr2D,580358189,0.756957403116958,0.0770288858321871,1454,0.940819928947525,-0.0128148185039976
RFL_Contig3172_1512,chr2D,580435936,0.0320036157224387,0.103851444291609,1454,0.422726794283911,0.095028450298166
Excalibur_c62255_986,chr2D,582833850,0.00364749814929771,0.226616231086657,1454,0.153455457852596,0.0860862034117744
Excalibur_c21486_352,chr2D,583255270,0.511199734664751,0.0588033012379642,1454,0.854411945118847,0.0291330793494602
wsnp_RFL_Contig2659_2346243,chr2D,598730639,0.0593706120703293,0.116231086657497,1454,0.514254272197411,-0.0539344205709682
BobWhite_c6365_965,chr2D,605118755,0.138854894649644,0.078748280605227,1454,0.665248435856463,-0.0603069522087214
RFL_Contig5204_503,chr2D,610136629,0.0913296610507948,0.121389270976616,1454,0.585584015162861,0.0574707254223092
Kukri_c31121_1460,chr2D,610846860,0.317674379898351,0.241059147180193,1454,0.787941735906161,-0.0228057163106179
Excalibur_c44325_339,chr2D,611561802,0.0841527355700221,0.124828060522696,1454,0.574487050672928,-0.0531942834622079
RAC875_c79540_228,chr2D,611843724,0.572145424322623,0.104195323246217,1454,0.879878994584922,-0.0180120589265194
Kukri_c25786_210,chr2D,611844255,0.731864700174944,0.153370013755158,1454,0.930162345495243,-0.00930081488717782
RAC875_rep_c120698_93,chr2D,612118868,0.24182294991916,0.11726272352132,1454,0.751794250808535,0.0287633348868912
Excalibur_c18353_55,chr2D,612119051,0.0151384749992406,0.230398899587345,1454,0.323660549286506,-0.0688076332924474
RAC875_c14766_952,chr2D,612135679,0.803820398699795,0.0814993122420908,1454,0.948897562783932,0.00932534685730246
Excalibur_c8720_321,chr2D,613642981,0.860205263550359,0.0677441540577717,1454,0.961405882791578,-0.00743346672512857
wsnp_BE426620D_Ta_2_2,chr2D,613653184,0.481167193369112,0.111416781292985,1454,0.849280944434318,0.019811920784603
Kukri_c89993_379,chr2D,615559803,0.599739492340438,0.0584594222833563,1454,0.895767956550777,-0.017215131236056
RFL_Contig2460_547,chr2D,616005424,0.25557921305231,0.123452544704264,1454,0.756463097928697,0.028422878994002
Excalibur_c1451_351,chr2D,616006909,0.672553371303445,0.0735900962861073,1454,0.922467643258969,-0.0169980220574875
BS00084880_51,chr2D,617544748,0.472874301773063,0.117606602475928,1454,0.848619350532485,0.0226909028638893
D_GDS7LZN02G73QS_245,chr2D,618274152,0.0839084688982342,0.101100412654746,1454,0.574487050672928,0.0513698709636614
Kukri_c40146_77,chr2D,618519846,0.104504792107687,0.383425034387895,1454,0.613314485031008,-0.0613551560262735
BS00087054_51,chr2D,619269851,0.978099378316989,0.202888583218707,1454,0.993279246485772,-0.000720937826223178
wsnp_Ex_c21593_30744815,chr2D,620658752,0.17473494428425,0.0756533700137552,1454,0.706772838580336,0.0448794644813724
BS00100106_51,chr2D,620838585,0.25891656459441,0.0990371389270977,1454,0.762097117625954,-0.0388559461270734
RAC875_c56980_68,chr2D,621354531,0.544173211674164,0.106258596973865,1454,0.865485207046127,0.021217240601473
Excalibur_c31806_491,chr2D,639613237,0.206170967712654,0.142365887207703,1454,0.726606406910838,-0.0387227101975469
Kukri_c16094_406,chr2D,641092837,0.993610186900809,0.0808115543328748,1454,0.99608456651803,-0.000280543672808165
RFL_Contig2862_1287,chr2D,641094295,0.789830071493413,0.27544704264099,1454,0.948118027397324,0.00693956344802515
Excalibur_c77068_190,chr2D,645018722,0.896468726280626,0.44222833562586,1454,0.97191046283237,-0.00494624699882706
RFL_Contig1732_264,chr2D,646607449,0.241304915393819,0.223521320495186,1454,0.751794250808535,0.0308118306790917
RAC875_c67940_296,chr2D,647207324,0.281060217182622,0.151994497936726,1454,0.775989693377647,-0.0305612059957596
Kukri_c498_2381,chr2D,654403596,0.828700617592017,0.0591471801925722,1454,0.95278776807322,-0.00698292604592154
BobWhite_c5756_516,chr2D,654991065,0.0346374010661296,0.252063273727648,1454,0.437191569840752,-0.048377111459633
BS00086534_51,chr2D,655648075,0.0719604791572616,0.257909215955983,1454,0.550450937969183,-0.0433292914138015
Kukri_c1526_616,chr2D,655808124,0.454892537127165,0.454264099037139,1454,0.84261843687899,0.0223765220403038
Excalibur_c10461_394,chr2D,655998129,0.400325922534932,0.320495185694635,1454,0.824243775465329,-0.0200615884293995
Excalibur_rep_c67599_2154,chr2D,656452099,0.753085145820195,0.156808803301238,1454,0.939813176368194,-0.00904356238666537
tplb0062k24_584,chr3A,1339838,0.969732568883158,0.104883081155433,1454,0.990994376026226,0.00145762678470618
IAAV4876,chr3A,3681326,0.0480250882666641,0.0502063273727648,1454,0.472612252569,-0.0791710987086987
Excalibur_c11079_101,chr3A,3687599,0.99726389339685,0.093878954607978,1454,0.998936350846026,0.000123127320389216
tplb0050o09_968,chr3A,3757850,0.678770125208411,0.138583218707015,1454,0.924523464937744,-0.0115809566521623
Excalibur_c19658_127,chr3A,3893832,0.957906031084535,0.139614855570839,1454,0.98637526627411,-0.00213114357425326
Excalibur_c11301_305,chr3A,3896569,0.482638601295468,0.152682255845942,1454,0.849280944434318,0.0285880325301413
Kukri_rep_c89183_282,chr3A,4861746,0.780101357053611,0.0962861072902338,1454,0.945144463869898,-0.0101768325884528
RAC875_c7060_67,chr3A,4862416,0.558155671703606,0.0980055020632737,1454,0.871816081179226,-0.0189575030372975
wsnp_Ex_c10014_16476905,chr3A,5992953,0.733776837993129,0.0949105914718019,1454,0.930785120411959,-0.012329440456238
Excalibur_c11824_103,chr3A,6326188,0.889750790885078,0.0894085281980743,1454,0.97048743672465,-0.00571952444123625
wsnp_Ex_rep_c67635_66292689,chr3A,6326519,0.433532376513934,0.11726272352132,1454,0.842107796035651,-0.0239064107508895
Excalibur_c12875_864,chr3A,6330439,0.968671404296295,0.140302613480055,1454,0.990994376026226,0.00108370525951251
BS00066230_51,chr3A,6868533,0.9936375707158,0.148899587345254,1454,0.99608456651803,0.000224095812477287
Kukri_c2123_1254,chr3A,7265060,0.141958754947862,0.148555708390646,1454,0.670703249761938,-0.0402355313181975
BS00088103_51,chr3A,8932995,0.345051985390972,0.0808115543328748,1454,0.804223162160916,0.0317701219378286
Tdurum_contig52302_649,chr3A,17926801,0.0266674685078523,0.274071526822558,1454,0.38943319713533,-0.0507008317949165
Tdurum_contig52302_92,chr3A,17927358,0.0506611377120199,0.422283356258597,1454,0.483882326146698,-0.0449152571670339
Kukri_c10511_94,chr3A,50917289,0.568165653043016,0.121389270976616,1454,0.878227439335704,-0.0173447515674141
Kukri_c62467_362,chr3A,50918022,0.0330487109078064,0.114511691884457,1454,0.428825670628966,-0.0710060698692399
Kukri_rep_c73936_154,chr3A,51162762,0.789496956504016,0.077372764786795,1454,0.948118027397324,0.00793063067602606
BobWhite_c9704_273,chr3A,52213865,0.0810465330580179,0.0890646492434663,1454,0.570554676946286,-0.0712251488077804
wsnp_Ex_c21950_31124594,chr3A,52370420,0.00704962557625877,0.220770288858322,1454,0.230679414689801,-0.0608123336413016
JG_c3077_214,chr3A,52420539,0.473373488829001,0.0567400275103164,1454,0.848619350532485,0.0265386640627305
BS00021694_51,chr3A,53683759,0.580667213068701,0.133425034387895,1454,0.882971228219661,0.0173097525409016
BS00094366_51,chr3A,53684310,0.88308935549772,0.133425034387895,1454,0.966768783309532,0.00449258525730656
IAAV2646,chr3A,53960110,0.9773181432738,0.133768913342503,1454,0.993279246485772,-0.000897899185737572
wsnp_Ra_c16846_25598885,chr3A,144269218,0.315263808858098,0.183287482806052,1454,0.787941735906161,-0.0243144859436359
wsnp_Ex_c10272_16842803,chr3A,181349358,0.140968004697498,0.183975240715268,1454,0.669598022313117,-0.0362627324209832
BobWhite_c47722_613,chr3A,311854750,0.687107236091727,0.134112792297111,1454,0.927516032218549,0.010306299591365
BS00037400_51,chr3A,439998429,0.233469616201258,0.234181568088033,1454,0.744329984277875,-0.0273686017406476
BS00089400_51,chr3A,442662335,0.190033955536907,0.230742778541953,1454,0.723173506818241,-0.0300203945449802
wsnp_CAP11_c2438_1258747,chr3A,480573113,0.711823762034569,0.254814305364512,1454,0.930162345495243,0.00785312536866556
BS00095423_51,chr3A,490762484,0.73086912160461,0.291953232462173,1454,0.930162345495243,0.0071723376368773
wsnp_Ex_c28310_37444843,chr3A,496454492,0.250859964523573,0.0653370013755158,1454,0.756067101427406,0.0351496380150706
Tdurum_contig57693_581,chr3A,519596973,0.111276849201958,0.0567400275103164,1454,0.618321360188236,0.0727410872562793
RAC875_rep_c75768_245,chr3A,525727952,0.629608110486948,0.126891334250344,1454,0.910671445101788,0.0165860954814931
Tdurum_contig42827_1693,chr3A,611873680,0.525699000019073,0.24484181568088,1454,0.857968261110831,0.0144179455828386
GENE-1634_405,chr3A,636113871,0.00970893813862006,0.0873452544704264,1454,0.267573188109763,-0.0799316317506609
Excalibur_c18747_1292,chr3A,642665101,0.0376613455295518,0.240027510316369,1454,0.45483602069228,0.0525110459975942
IAAV969,chr3A,642679130,0.0198211549534583,0.246905089408528,1454,0.347620378338384,0.0538114894724728
CAP7_rep_c12940_130,chr3A,643394742,0.092891669562421,0.207359009628611,1454,0.585584015162861,0.0402678485015517
wsnp_Ex_c27317_36522052,chr3A,682178196,0.180780047524005,0.295735900962861,1454,0.713032017801155,0.0318256154756149
IAAV1410,chr3A,682180709,0.271391385573269,0.251031636863824,1454,0.768507337031997,0.0232436509902527
wsnp_Ra_c132_291198,chr3A,682430651,0.580914738312815,0.101444291609354,1454,0.882971228219661,0.0202276835376054
Tdurum_contig59585_656|wsnp_JD_c29019_23208078,chr3A,682432792,0.702717240674649,0.103163686382393,1454,0.930162345495243,0.0136362669059746
BobWhite_c5337_225,chr3A,683847798,0.91873348765493,0.49312242090784,1454,0.974431016018164,-0.00795645441917259
BS00097265_51,chr3A,698464202,0.0558557534679385,0.0759972489683631,1454,0.503556716213507,0.0678763897153321
BS00074926_51,chr3A,742634155,0.126490863565125,0.0515818431911967,1454,0.653949218470889,-0.0635463489831984
Tdurum_contig67686_633,chr3A,744519119,0.911837119590162,0.444291609353508,1454,0.972654083953408,-0.00259683455037063
wsnp_Ex_c28679_37784735,chr3A,747603616,0.161064161066961,0.358321870701513,1454,0.698610637227933,0.0291374209892865
RAC875_s113853_61,chr3B,1936570,0.604408452903067,0.176409903713893,1454,0.898043178175316,-0.019194346563566
Excalibur_c57482_242,chr3B,3821410,0.944495279807916,0.078060522696011,1454,0.981339095465207,-0.00229689364881658
BobWhite_c5611_281,chr3B,3822948,0.159068158843305,0.214924346629986,1454,0.698610637227933,-0.0352006273560548
Tdurum_contig50954_475,chr3B,3941853,0.938270519427169,0.12242090784044,1454,0.979474263074355,0.0018888157373862
Kukri_c12817_59,chr3B,4190096,0.722838203812566,0.192572214580468,1454,0.930162345495243,-0.00927264512104742
Ex_c4578_544,chr3B,4655338,0.331589266064421,0.49484181568088,1454,0.794944111977785,-0.0221176848247779
RAC875_rep_c118986_60,chr3B,6517115,0.326611786195226,0.404401650618982,1454,0.794567749058482,0.0341715942173622
wsnp_Ex_c16919_25506076,chr3B,7651071,0.769496436161425,0.150962861072902,1454,0.94354571933868,0.00723827533406407
Excalibur_c8314_405,chr3B,10877181,0.14927907145669,0.104195323246217,1454,0.68388249820783,0.0375667843082148
Tdurum_contig14251_320,chr3B,11235481,0.514666847394604,0.253782668500688,1454,0.855518644728378,0.0152849221430849
RFL_Contig5709_3005,chr3B,13020455,0.583108942059303,0.351100412654746,1454,0.883712266136585,0.0124768696635229
CAP7_c1576_371,chr3B,13839037,0.25030068126613,0.413686382393398,1454,0.756067101427406,0.0227590702995677
tplb0041e10_1230,chr3B,19580794,0.0609156808469809,0.0952544704264099,1454,0.522514602216579,-0.0697217234220027
Tdurum_contig22897_107,chr3B,28249938,0.441938148621976,0.146148555708391,1454,0.84261843687899,0.0266155943205888
wsnp_Ex_c4063_7344641,chr3B,72169384,0.146648712782255,0.147180192572215,1454,0.677701965669771,-0.0332832023166567
Ku_c56846_964,chr3B,72680858,0.0348862542996865,0.201169188445667,1454,0.437191569840752,-0.0573980919267569
wsnp_Ku_c13069_20938717,chr3B,74068047,0.169433867068285,0.11898211829436,1454,0.704514581099634,-0.0552333098040272
Kukri_c48750_1372,chr3B,74069930,0.809881162622949,0.126203576341128,1454,0.948897562783932,-0.00778045278543438
wsnp_Ex_c11246_18191331,chr3B,75787307,0.559614031082202,0.0735900962861073,1454,0.871816081179226,-0.0208510310008787
BS00065429_51,chr3B,78993759,0.295864579187026,0.0753094910591472,1454,0.784388665056215,-0.0355608144636808
RAC875_c86306_256,chr3B,79633533,0.801514163667125,0.0718707015130674,1454,0.948897562783932,0.00861054099675584
Kukri_c48410_604,chr3B,141816811,0.718563391730962,0.402338376891334,1454,0.930162345495243,0.00764303272152134
wsnp_JD_c9902_10674626,chr3B,153808061,0.364165683577719,0.174346629986245,1454,0.811696470153656,0.0206844670700725
BS00045195_51,chr3B,168855051,0.315589279174966,0.260316368638239,1454,0.787941735906161,0.0247224785778517
RAC875_c21086_130,chr3B,244829588,0.446975248457705,0.146148555708391,1454,0.84261843687899,0.0273981657453426
GENE-4829_238,chr3B,245563450,0.5262764846596,0.0797799174690509,1454,0.857968261110831,-0.018297849791838
Tdurum_contig3182_132,chr3B,246737866,0.690347863532789,0.262723521320495,1454,0.927638536017063,-0.00875091903318648
Kukri_c14113_98,chr3B,247056235,0.521310722518993,0.295048143053645,1454,0.857968261110831,0.0145302677780119
RAC875_s119223_94,chr3B,250994037,0.0303757241213105,0.207702888583219,1454,0.417346823994654,0.0651584372402585
BS00049570_51,chr3B,253746004,0.431649841175206,0.31121045392022,1454,0.84093193975368,0.0185893119933684
RAC875_c8755_314,chr3B,254185065,0.403078341328697,0.308459422283356,1454,0.824725642249666,0.0196904493987837
BS00091577_51,chr3B,254185364,0.750293771459107,0.235213204951857,1454,0.939481687746113,-0.00747449322619786
RAC875_rep_c86918_170,chr3B,263288655,0.0926765646454472,0.0825309491059147,1454,0.585584015162861,-0.0485172268634116
BobWhite_rep_c53979_427,chr3B,270430990,0.546410166236769,0.346629986244842,1454,0.867114170118397,0.0120681374530935
IAAV8536,chr3B,442698226,0.805625558970936,0.282668500687758,1454,0.948897562783932,-0.00522689973652213
wsnp_Ex_c1116_2138756,chr3B,480585332,0.223200459029948,0.34525447042641,1454,0.735811961018504,0.024813746914262
BS00082644_51,chr3B,481745930,0.483990813670639,0.0522696011004127,1454,0.849280944434318,-0.0304680736205261
TA005793-0515,chr3B,490162710,0.796213288852857,0.401994497936726,1454,0.948897562783932,-0.00570375782580612
BS00045330_51,chr3B,494048201,0.81010318840177,0.49484181568088,1454,0.948897562783932,-0.018815365047999
BobWhite_c35249_110,chr3B,507821802,0.354359367859296,0.295048143053645,1454,0.807803219396095,0.0211281540936543
TA002241-1114,chr3B,508130723,0.0664999690974678,0.196354883081155,1454,0.533483459174204,0.0617270639387399
BS00037898_51,chr3B,508496640,0.208333362871807,0.298486932599725,1454,0.726606406910838,0.0287444933778431
wsnp_Ex_c7172_12318529,chr3B,508836747,0.905245531795039,0.303645116918845,1454,0.972567531605772,0.00244795316855928
wsnp_Ex_c5457_9632050,chr3B,513051696,0.87735958495379,0.237276478679505,1454,0.966768783309532,0.00353155454962284
BS00036352_51,chr3B,513053489,0.283142494145291,0.276134800550206,1454,0.776071353672888,0.0252685997634003
wsnp_Ex_c2920_5385184,chr3B,520221779,0.505105949419449,0.0680880330123796,1454,0.854411945118847,-0.0249581600790929
RAC875_c32792_231,chr3B,521006321,0.540962078726156,0.0522696011004127,1454,0.863486895310856,-0.0269443831777911
BobWhite_c24718_225,chr3B,525432136,0.11732643266488,0.0687757909215956,1454,0.637894789288746,-0.0614910948479652
Ex_c5074_1539,chr3B,570228048,0.709455795115701,0.0567400275103164,1454,0.930162345495243,-0.0146023907067026
Excalibur_c5921_1315,chr3B,576003677,0.486869365745823,0.488995873452545,1454,0.849280944434318,-0.0435174957186746
Kukri_rep_c107421_115,chr3B,594656729,0.158932628170862,0.433287482806052,1454,0.698610637227933,0.0279668147607062
BS00005265_51,chr3B,594935164,0.837838493531395,0.0608665749656121,1454,0.954043579166399,0.00728288821771628
Jagger_c5649_59,chr3B,595356881,0.704100335400381,0.0615543328748281,1454,0.930162345495243,-0.0142286690980331
Tdurum_contig4913_705,chr3B,598452145,0.288608674310556,0.346629986244842,1454,0.778582484743134,0.0226946064502798
BobWhite_c32864_250,chr3B,617462379,0.703212483817271,0.0825309491059147,1454,0.930162345495243,0.0120868419987836
wsnp_Ra_c69_149518,chr3B,753609407,0.0617797336674546,0.202544704264099,1454,0.52407364054747,-0.0502813705646119
Excalibur_c33274_498,chr3B,755676302,0.087773760887509,0.459422283356259,1454,0.583930962175968,-0.0305774619815864
Tdurum_contig11443_1022,chr3B,755676651,0.382012853920734,0.18019257221458,1454,0.819040550623716,-0.0292355275209246
Tdurum_contig55751_315,chr3B,758822591,0.366669743270255,0.349381017881706,1454,0.811696470153656,-0.0177327052470133
BS00030651_51,chr3B,781879073,0.457994682534607,0.312242090784044,1454,0.84261843687899,-0.0163294374906862
RFL_Contig4186_914,chr3B,787799347,0.324062662386728,0.15474552957359,1454,0.793100726367518,0.0258594688719782
Tdurum_contig28053_218,chr3B,811836284,0.796645597189258,0.094566712517194,1454,0.948897562783932,0.00975299301813948
BS00071041_51,chr3B,812182698,0.239665110552837,0.062242090784044,1454,0.749536726277633,0.0398616945155919
GENE-2712_367,chr3B,812302124,0.813570915459907,0.43878954607978,1454,0.948897562783932,-0.00851429939535819
RAC875_c37741_476,chr3B,836174029,0.970066418728655,0.227303988995873,1454,0.990994376026226,0.000692358507768276
RAC875_c37741_218,chr3B,836174889,0.724426711601835,0.27888583218707,1454,0.930162345495243,-0.00639409988408879
wsnp_JD_c18509_16968425,chr3B,841311388,0.93070477921175,0.415405777166437,1454,0.97610100938099,0.00264467638665877
Tdurum_contig59566_4435,chr3B,841312024,0.128442290004913,0.0505502063273728,1454,0.655101751190871,0.0658717647109182
IAAV8659,chr3B,842939157,0.28591241103242,0.0763411279229711,1454,0.77732328743756,0.0483081254759803
Kukri_c48601_98,chr3B,844119703,0.938611257415519,0.197042640990371,1454,0.979474263074355,-0.00197116162880207
Tdurum_contig14350_431,chr3D,77091,0.585564835575992,0.0866574965612105,1454,0.885867349711283,-0.0209511938713263
BobWhite_c18256_809,chr3D,743093,0.783382340713739,0.215268225584594,1454,0.945516800574574,0.0072151521564372
Kukri_rep_c94244_339,chr3D,803716,0.850836202006623,0.234525447042641,1454,0.957832468028185,0.0038163137642826
BS00098760_51,chr3D,1051628,0.518657303060043,0.236588720770289,1454,0.857968261110831,-0.0155761021677776
BS00080157_51,chr3D,1476240,0.601135466099081,0.127235213204952,1454,0.895767956550777,-0.0213892218191383
RAC875_c22383_248,chr3D,1481100,0.270881820116178,0.062585969738652,1454,0.768358858402266,-0.0522011472982484
IAAV1578,chr3D,2714182,0.634812001776437,0.497936726272352,1454,0.910671445101788,0.0104920977711274
tplb0053a24_1247,chr3D,3588508,0.342202574361056,0.495185694635488,1454,0.800392867071165,-0.0293491026040797
Excalibur_c9485_351,chr3D,3695097,0.361079301031532,0.164374140302613,1454,0.811696470153656,0.020442007777099
Excalibur_c20559_98,chr3D,3695344,0.528481610483668,0.313273727647868,1454,0.857968261110831,0.0137680069022892
Excalibur_c12875_1643,chr3D,5008394,0.803898334835066,0.212861072902338,1454,0.948897562783932,0.00576830889411362
wsnp_JD_c396_603720,chr3D,5433044,0.700426444733812,0.133768913342503,1454,0.930162345495243,-0.0118794053455122
D_contig79290_372,chr3D,31799415,0.502737262359398,0.178473177441541,1454,0.854411945118847,0.01714202823592
Kukri_c5252_107,chr3D,34080877,0.38527969394468,0.112104539202201,1454,0.820227974940059,-0.0211458556198885
wsnp_Ex_c18250_27065775,chr3D,126064001,0.546578658151077,0.105226960110041,1454,0.867114170118397,-0.0192506426732244
wsnp_Ex_rep_c78526_74641162,chr3D,162446861,0.285520726096369,0.109353507565337,1454,0.77732328743756,0.0320776618295495
Kukri_c43208_335,chr3D,178478493,0.659484146186976,0.0749656121045392,1454,0.91684381299165,0.0154234588327684
wsnp_Ex_c54003_57045475,chr3D,267619256,0.359109390599847,0.112104539202201,1454,0.810403950434136,-0.02877576033152
Ra_c4231_465,chr3D,344728534,0.542525563668699,0.0739339752407153,1454,0.864879953121724,-0.0200838287943874
IAAV1270,chr3D,378358338,0.266778985529046,0.424002751031637,1454,0.767381735576108,0.0257662237060252
BobWhite_c27541_67,chr3D,378927754,0.634294566155232,0.266850068775791,1454,0.910671445101788,0.00908395918767368
tplb0029j24_2118,chr3D,418236443,0.42346539543528,0.156121045392022,1454,0.836102667122392,0.0170240627867351
RAC875_c494_436,chr3D,424883434,0.368420861741089,0.128266850068776,1454,0.811696470153656,0.0229498041776068
RFL_Contig383_1347,chr3D,508864621,0.65644045670437,0.123796423658872,1454,0.914771519713424,0.0125344442686277
Kukri_c8913_385,chr3D,516319262,0.47798418735892,0.128610729023384,1454,0.848842270415289,0.0193928005553374
BS00054496_51,chr3D,539622336,0.0731111072412576,0.256189821182944,1454,0.552082591860265,0.0434187579291621
RAC875_c101793_136,chr3D,551216475,0.134647358048201,0.236588720770289,1454,0.665248435856463,0.0358009597929474
D_GDRF1KQ02GV96X_70,chr3D,556604263,0.147169133718762,0.0612104539202201,1454,0.677701965669771,-0.047376051180736
CAP12_c2615_128,chr3D,582172173,0.319795550851842,0.432943603851444,1454,0.787941735906161,0.026308586763875
RAC875_c5606_501,chr3D,604572945,0.826488045716643,0.0808115543328748,1454,0.95278776807322,0.00767796215796679
CAP7_c4219_186,chr3D,606219075,0.397689046242607,0.145460797799175,1454,0.824243775465329,-0.0238776824592737
CAP7_c4219_359,chr3D,606219247,0.523956553137675,0.150962861072902,1454,0.857968261110831,-0.0180699096995465
Kukri_c92813_223,chr3D,606569015,0.351617868583665,0.197386519944979,1454,0.807658257752472,-0.0242779564299163
tplb0060a09_1160,chr3D,608879318,0.182245197655498,0.35041265474553,1454,0.714730838352851,0.0496299962519231
Jagger_c3292_145,chr3D,611260936,0.472850414227621,0.172627235213205,1454,0.848619350532485,0.0215034042890103
wsnp_Ex_c12369_19730765,chr3D,613343797,0.930361993681439,0.198074277854195,1454,0.97610100938099,-0.00261827779962687
RAC875_c5222_411,chr3D,613758364,0.00272675270052129,0.171251719394773,1454,0.138928532551096,0.0685540821277879
BS00073760_51,chr3D,613957933,0.707637165212287,0.354539202200825,1454,0.930162345495243,-0.00811817342577825
BobWhite_rep_c52911_146,chr3D,614179926,0.190471782833788,0.354539202200825,1454,0.723173506818241,0.0398181132046815
IAAV686,chr3D,614247171,0.0705796839678125,0.196354883081155,1454,0.5437627931482,-0.0383513456217734
IAAV7013,chr3D,614386580,0.981302240863167,0.0529573590096286,1454,0.993905301888024,0.000848911964996368
BS00024422_51,chr3D,615044922,0.106912932805012,0.267193947730399,1454,0.614159578090795,-0.0401641305320233
wsnp_Ex_c7451_12757458,chr3D,615289194,0.196682088760056,0.480742778541953,1454,0.725475655312205,0.0254047364654681
Excalibur_c51976_119,chr3D,615289784,0.0471071965295369,0.288170563961486,1454,0.472612252569,-0.0421236522974198
TA006354-0937,chr3D,615292492,0.0914808132825584,0.229711141678129,1454,0.585584015162861,-0.0442078411558526
RAC875_c6578_645,chr3D,615711956,0.514118375596691,0.0918156808803301,1454,0.855411647532348,0.0211545484585294
Excalibur_c42667_427,chr3D,615962873,0.165526215215176,0.063273727647868,1454,0.703488021004789,-0.0445419248607877
BobWhite_c5246_196,chr3D,615963084,0.379642711236421,0.410935350756534,1454,0.818083744822873,-0.0157351936925636
Excalibur_c6906_804,chr3D,616940285,0.846518324488741,0.442916093535076,1454,0.957004401389383,-0.00348673320970505
wsnp_Ku_c7264_12545135,chr3D,616954599,0.0161189181308503,0.241746905089409,1454,0.323660549286506,-0.0612631988111669
CAP12_c2073_98,chr3D,617434955,0.124999793305596,0.40990371389271,1454,0.653949218470889,0.0247209659633683
wsnp_CAP11_c1051_622082,chr3D,617435205,0.207475826706787,0.263755158184319,1454,0.726606406910838,-0.0293815182620421
CAP11_c1051_121,chr3D,617435313,0.0857180801620044,0.291609353507565,1454,0.580321255349662,-0.0388677786388989
BS00024440_51,chr3D,617440108,0.0431185133664078,0.264099037138927,1454,0.463411082425422,-0.0489680055532808
Excalibur_c46790_502,chr3D,617673993,0.0383037475618809,0.248968363136176,1454,0.45483602069228,-0.0510775024118431
BS00066691_51,chr3D,617751247,0.0757034721518145,0.278541953232462,1454,0.555054088349611,-0.0407412405849321
Kukri_c12013_443,chr3D,617752442,0.235723271242994,0.347661623108666,1454,0.744329984277875,0.0459625866409823
Kukri_c12013_90,chr3D,617752796,0.660349078976909,0.318431911966988,1454,0.917324546031603,0.0117870044796078
Kukri_rep_c87658_1542,chr3D,617752952,0.768378927576709,0.420220082530949,1454,0.94354571933868,0.00649096732223242
wsnp_Ex_c5061_8986366,chr3D,617753058,0.874484296244974,0.213548830811554,1454,0.966751501503596,-0.00302661738408361
Excalibur_c54670_110,chr3D,617757062,0.0646054692338992,0.365543328748281,1454,0.531251348644176,-0.0444991086788136
RAC875_c51595_177,chr3D,617757520,0.0492558854254227,0.254126547455296,1454,0.475601910091377,-0.0488284213286487
BS00064063_51|D_contig04964_668,chr3D,617766333,0.375094791213421,0.281636863823934,1454,0.816246916347433,-0.01960552494387
RAC875_c43838_146,chr3D,617840095,0.0517994127597384,0.285419532324622,1454,0.487824804348164,-0.043044570379795
Excalibur_c56069_128,chr3D,617840557,0.424088378002284,0.293672627235213,1454,0.836102667122392,-0.0171683869278709
RFL_Contig2432_953,chr3D,618256005,0.0108731750376926,0.272008253094911,1454,0.270604229459195,-0.0579805621446923
BS00078532_51,chr3D,618417590,0.035816725767259,0.271320495185695,1454,0.442574506508718,-0.0526083297930917
BS00078092_51,chr3D,618417763,0.426840624815741,0.358321870701513,1454,0.83630716313676,-0.0157908616615465
BS00035307_51,chr4A,3424618,0.450172681719891,0.187414030261348,1454,0.84261843687899,0.0215231782297565
IAAV2216,chr4A,4642490,0.790555279307146,0.209766162310867,1454,0.948344316724866,0.00688920546005889
Kukri_c2963_272,chr4A,9987483,0.0260416381097812,0.179848693259972,1454,0.385832265369046,0.0542128110316629
Excalibur_c12032_1101,chr4A,10712266,0.125782123340186,0.18019257221458,1454,0.653949218470889,0.0381935577444068
BS00022177_51,chr4A,12242671,0.168019394387046,0.182599724896836,1454,0.704514581099634,0.0337077165021196
wsnp_Ra_c14920_23225219,chr4A,13178397,0.307714722611036,0.165749656121045,1454,0.787941735906161,0.0256968697194733
RAC875_c16405_84,chr4A,29280763,0.955053610698182,0.0639614855570839,1454,0.985735823658696,-0.00212913519157887
Kukri_c16916_1073,chr4A,30513653,0.892742155689879,0.110729023383769,1454,0.971708840746741,-0.00366321834263239
wsnp_Ex_c5690_9994334,chr4A,39010175,0.787889161252873,0.369669876203576,1454,0.94771963780383,0.00997583463816909
wsnp_Ku_rep_c76865_75281903,chr4A,60651660,0.530020385141227,0.335625859697387,1454,0.857968261110831,0.0134487753579862
wsnp_Ex_c8131_13754852,chr4A,120070361,0.27973436404367,0.486932599724897,1454,0.773537748458787,-0.079812444896902
RAC875_c27776_86,chr4A,129834424,0.605810678203156,0.199793672627235,1454,0.898043178175316,-0.0150280625842036
wsnp_Ex_c9464_15689857,chr4A,534414030,0.495044299061006,0.114167812929849,1454,0.851746130906326,0.0170938390723565
IAAV125,chr4A,544012642,0.0629877833363892,0.296423658872077,1454,0.524997231865093,-0.0405820153593535
BS00010925_51,chr4A,587784360,0.981377236094931,0.0546767537826685,1454,0.993905301888024,-0.000937765026066018
BobWhite_rep_c49931_364,chr4A,603282322,0.906749833469483,0.493466299862448,1454,0.972567531605772,0.00878113681335435
BS00023151_51,chr4A,609381583,0.6724013365932,0.167469050894085,1454,0.922467643258969,-0.0123140112148725
BobWhite_c12128_187,chr4A,613169667,0.72880778022498,0.445323246217331,1454,0.930162345495243,-0.00717810604417934
Tdurum_contig42257_4485,chr4A,613283992,0.22523794137364,0.270976616231087,1454,0.737978664773785,0.022479621018876
wsnp_Ex_c24474_33721784,chr4A,614813951,0.576970879631522,0.466643741403026,1454,0.881164688253154,-0.0108068068756069
wsnp_Ku_c4924_8816643,chr4A,615129189,0.0159611506357573,0.333562585969739,1454,0.323660549286506,-0.0464058534365623
BobWhite_c35402_66,chr4A,617281994,0.494008591206278,0.211485557083906,1454,0.851746130906326,0.0165708570779461
Tdurum_contig13489_292,chr4A,617282086,0.754828271158712,0.196354883081155,1454,0.939813176368194,0.00779045065929651
Kukri_c4594_825,chr4A,619215413,0.775629228501966,0.0698074277854195,1454,0.945144463869898,-0.0144435601928414
Kukri_c5039_2269,chr4A,621255217,0.416466078284449,0.0928473177441541,1454,0.834290930948841,-0.0380367369460792
Excalibur_c20024_806,chr4A,621256874,0.751253292858411,0.136176066024759,1454,0.939481687746113,-0.0135545411423763
wsnp_Ex_c41074_47988141,chr4A,621266258,0.175200450018469,0.0677441540577717,1454,0.706772838580336,0.0417723564952195
Excalibur_c2618_1412,chr4A,621666044,0.114614190662562,0.130674002751032,1454,0.628954269878097,0.0447691206923686
Kukri_c25832_794,chr4A,623952035,0.806074501896436,0.205983493810179,1454,0.948897562783932,-0.00731262833519608
JD_c4438_839,chr4A,627277193,0.487109422962656,0.196354883081155,1454,0.849280944434318,-0.0203598586713518
BobWhite_c20282_164,chr4A,627325347,0.182780698439378,0.456671251719395,1454,0.714730838352851,0.0553270468637095
BS00010144_51,chr4A,629639764,0.314194955931705,0.140990371389271,1454,0.787941735906161,-0.0382860330705874
Kukri_c17942_239,chr4A,629640229,0.319238867238884,0.137895460797799,1454,0.787941735906161,-0.0427954400173469
CAP11_c1989_183,chr4A,633388836,0.712568813444778,0.37242090784044,1454,0.930162345495243,0.00707676669229329
BobWhite_c33898_150,chr4A,634064111,0.104571820531446,0.43019257221458,1454,0.613314485031008,0.0323992044435393
Kukri_c33315_159,chr4A,634134455,0.81464118053826,0.105914718019257,1454,0.948960282052981,0.00884402681831986
BS00059503_51,chr4A,642560750,0.457492384371852,0.281636863823934,1454,0.84261843687899,-0.0190695528948197
Kukri_c96159_197,chr4A,646700185,0.167024015365429,0.0680880330123796,1454,0.704514581099634,-0.0537303107529041
Excalibur_c4325_1440,chr4A,647082974,0.184188791121387,0.0701513067400275,1454,0.716303881942262,-0.0511059261559055
Tdurum_contig15586_563,chr4A,647183147,0.220129241146736,0.0656808803301238,1454,0.731901320967086,-0.0494396927856435
wsnp_Ex_c3988_7221220,chr4A,666371209,2.82206846595708e-05,0.0546767537826685,1454,0.00293329116432127,-0.158924274947724
Excalibur_c4370_1451,chr4A,667033050,0.315297268117146,0.061898211829436,1454,0.787941735906161,-0.0570517921679494
Excalibur_c4370_1221,chr4A,667033280,0.504385692405667,0.0670563961485557,1454,0.854411945118847,-0.0364835627822693
wsnp_JD_c27162_22206547,chr4A,668474506,0.43130311799261,0.0598349381017882,1454,0.84093193975368,-0.0440972944427758
tplb0024a09_919,chr4A,678136068,0.971070254066163,0.106258596973865,1454,0.991265822608267,0.00163337847635248
IAAV3960,chr4A,708504916,0.0480596299429193,0.110729023383769,1454,0.472612252569,-0.0666949256154226
wsnp_Ex_c11047_17915225,chr4A,709846287,0.870077891151325,0.377235213204952,1454,0.966327865282459,0.00285884082555654
RAC875_c1115_341,chr4A,709856371,0.275708346529626,0.259284731774415,1454,0.770849127085204,0.0205828044614726
BS00022929_51,chr4A,713341626,0.857852981288691,0.452544704264099,1454,0.95999127165112,-0.00836855848541518
Excalibur_c7753_51,chr4A,717745269,0.712409689330395,0.306740027510316,1454,0.930162345495243,0.00714226887532377
BS00100441_51,chr4A,717746227,0.71245275551199,0.449105914718019,1454,0.930162345495243,-0.00787018937574402
Tdurum_contig93156_127,chr4A,717746260,0.0565629648053679,0.202544704264099,1454,0.504781610156995,-0.0431794514534207
Jagger_c2200_347,chr4A,722472307,0.263742110611045,0.196011004126547,1454,0.764695507359467,-0.0271071446426916
Tdurum_contig75819_1591,chr4A,723621083,0.124702268612936,0.322902338376891,1454,0.653949218470889,-0.0351117672750725
RFL_Contig3841_2409,chr4A,723621320,0.130876344663019,0.240027510316369,1454,0.660840246062638,-0.0346712384497749
RFL_Contig3841_2433,chr4A,723621344,0.960667536948099,0.418844566712517,1454,0.988067251331369,-0.00137389701652779
RFL_Contig3841_2595|Tdurum_contig75819_1309,chr4A,723621647,0.379235363186527,0.449449793672627,1454,0.818083744822873,-0.0149997278721479
Tdurum_contig75819_559,chr4A,723623148,0.279586251105754,0.466643741403026,1454,0.773537748458787,-0.0175512233511839
BobWhite_c20306_88,chr4A,723882828,0.357277917591439,0.339064649243466,1454,0.809101306944761,-0.0167558686591871
RAC875_c54248_724,chr4A,728382481,0.80571779030121,0.135144429160935,1454,0.948897562783932,0.00930688901872756
Excalibur_c6050_323,chr4A,737354924,0.135837430330094,0.169876203576341,1454,0.665248435856463,0.0459383278590551
Tdurum_contig46583_2146,chr4A,748960423,0.147180667879131,0.376203576341128,1454,0.677701965669771,-0.0434538898485286
Tdurum_contig42083_757,chr4B,5992523,0.138602633390283,0.499656121045392,1454,0.665248435856463,0.0819919603176515
wsnp_BF483640B_Ta_2_2,chr4B,9811182,0.102018387642831,0.483837689133425,1454,0.613151329812525,-0.0500316231187412
BS00009480_51,chr4B,13966893,0.523792906040138,0.0880330123796424,1454,0.857968261110831,0.0217530554163456
Tdurum_contig10984_210,chr4B,16496592,0.801877808903403,0.0546767537826685,1454,0.948897562783932,-0.0107504629640509
BS00071658_51,chr4B,19660010,0.0115611348948827,0.195667125171939,1454,0.283729518878579,0.062297277708133
wsnp_Ku_c8075_13785546,chr4B,21914939,0.0429805000062972,0.199105914718019,1454,0.463411082425422,0.0542758439777096
Tdurum_contig41902_1673,chr4B,26013667,0.0483113302374705,0.0966299862448418,1454,0.472612252569,0.0757375802620643
Tdurum_contig64772_417,chr4B,27919074,0.037875042533061,0.166781292984869,1454,0.45483602069228,0.0763550957089905
RAC875_c44584_162,chr4B,30165134,0.940057792960526,0.49484181568088,1454,0.979989451422566,0.00642259725339045
IACX557,chr4B,30367591,0.152059039737684,0.0515818431911967,1454,0.687291726292164,0.0595673789651099
BS00021984_51,chr4B,36883899,0.842788079858639,0.130674002751032,1454,0.9560882321029,0.017760534374105
Tdurum_contig63670_287,chr4B,38005599,3.64533538043721e-15,0.132393397524072,1454,3.22065380861627e-12,0.237911910951196
BobWhite_c9876_331,chr4B,389489859,0.302573586634989,0.0581155433287483,1454,0.787888505892113,-0.0603865213477519
TA006298-0500,chr4B,392977418,0.920812432527408,0.191196698762036,1454,0.974501192979875,-0.0030572224668397
Tdurum_contig5562_730,chr4B,405410925,0.354132837502348,0.353851444291609,1454,0.807803219396095,0.0247292868797615
Tdurum_contig5562_441,chr4B,405411214,0.803864730374379,0.318775790921596,1454,0.948897562783932,0.0063095937800437
Excalibur_rep_c66744_2113,chr4B,411427953,0.262226965204629,0.294704264099037,1454,0.762097117625954,-0.0360641625611748
Tdurum_contig52805_183,chr4B,417331471,0.0694795020900629,0.200481430536451,1454,0.540772254370226,-0.0559461368116789
BS00064884_51,chr4B,426786962,7.19888518128449e-06,0.299174690508941,1454,0.000908602151094978,0.0985190857170455
Kukri_c322_1394,chr4B,533039128,0.18590162263398,0.211485557083906,1454,0.720368787706671,0.0443334676917821
wsnp_Ex_c23363_32607637,chr4B,541848846,0.108704836673846,0.21939477303989,1454,0.614159578090795,0.0385359393800755
BS00087144_51,chr4B,546425684,0.732233063148774,0.327372764786795,1454,0.930162345495243,0.00676314421521518
Tdurum_contig47552_957,chr4B,546613590,0.389366293225982,0.197730398899587,1454,0.823964359437497,0.0218981369997078
BS00077411_51,chr4B,552428337,0.135250659704279,0.210110041265475,1454,0.665248435856463,0.0496096613705213
Excalibur_c56741_119,chr4B,558353165,0.538778002670623,0.203920220082531,1454,0.862337618404882,0.020340283159566
wsnp_Ex_c19319_28253742,chr4B,565521094,0.727780817624516,0.230398899587345,1454,0.930162345495243,-0.0124096356472378
wsnp_CAP12_rep_c4278_1949864,chr4B,566478398,0.961611811422332,0.223865199449794,1454,0.988463101095556,-0.00155307739102994
IAAV2228,chr4B,566490208,0.285942352481276,0.459422283356259,1454,0.77732328743756,-0.0333168376369812
RAC875_c24550_1150,chr4B,566493200,0.336297961902923,0.414374140302613,1454,0.798146202692349,-0.0466176318714702
BS00022181_51,chr4B,567454376,0.382998360328582,0.465268225584594,1454,0.819040550623716,0.0247063517945136
BS00069989_51,chr4B,567855344,0.310492280401608,0.434662998624484,1454,0.787941735906161,-0.0431098656575131
BS00058659_51,chr4B,570039984,0.510075248284588,0.280261348005502,1454,0.854411945118847,-0.0219384128856674
wsnp_Ex_c42895_49355806,chr4B,570962358,0.454327247115713,0.421939477303989,1454,0.84261843687899,-0.0277739360861773
Ex_c57212_719,chr4B,570977417,0.918019777099405,0.243466299862448,1454,0.974431016018164,-0.00314805096195059
RAC875_c39226_131,chr4B,574955516,0.294349960043815,0.408872077028886,1454,0.784388665056215,0.0206893474221026
Ra_c15473_681,chr4B,578566549,0.5350855812487,0.191540577716644,1454,0.860144778713561,0.0201738867222403
RAC875_c15143_227,chr4B,579338703,0.590569740944721,0.207359009628611,1454,0.890016395779662,0.0157625499454497
RAC875_c3790_429,chr4B,581540703,0.0913604012733653,0.0907840440165062,1454,0.585584015162861,0.0497108385995668
BobWhite_c1295_470,chr4B,582119206,0.00181073903910301,0.325997248968363,1454,0.0988374080550245,-0.0666720709733539
RAC875_rep_c108328_299,chr4B,585672870,0.26625942314449,0.341471801925722,1454,0.767381735576108,0.0431579100439521
Tdurum_contig28920_296,chr4B,588233608,0.803077502616567,0.221801925722146,1454,0.948897562783932,-0.00871418160553716
Tdurum_contig31737_203,chr4B,589903423,0.435227065020019,0.134456671251719,1454,0.84261843687899,-0.0383676806319357
BobWhite_c13247_795,chr4B,590482284,0.21772385589289,0.47111416781293,1454,0.731901320967086,-0.0208343404858518
Tdurum_contig93160_155,chr4B,591131978,0.800261434599938,0.207359009628611,1454,0.948897562783932,0.0090167498173308
RAC875_c89195_138,chr4B,593980601,0.850705712011589,0.21251719394773,1454,0.957832468028185,0.00594862755726666
BobWhite_c40424_143,chr4B,633387116,0.932279287171088,0.0588033012379642,1454,0.977068505593898,0.00334979663088752
Excalibur_c31044_482,chr4B,633872661,0.571848896737583,0.195323246217331,1454,0.879878994584922,0.0169308885572121
Excalibur_c25270_218,chr4B,634767824,0.216852079762348,0.0753094910591472,1454,0.731901320967086,-0.0467507416609871
BobWhite_c27751_206,chr4B,634855587,0.219153877775286,0.062242090784044,1454,0.731901320967086,-0.0479740259247112
Kukri_c4221_1114,chr4B,645235940,0.642548720632805,0.408872077028886,1454,0.912687772795954,0.0187496479345413
Excalibur_c1706_1413,chr4B,651659784,0.970243503409944,0.134456671251719,1454,0.990994376026226,0.00109569670958365
tplb0027f12_503,chr4B,654991791,0.450992309948494,0.078060522696011,1454,0.84261843687899,-0.0216688388719266
wsnp_BE499546B_Ta_2_1,chr4B,656245718,0.329709877889653,0.208390646492435,1454,0.794567749058482,-0.0254139802270998
Excalibur_c49297_159,chr4B,656249543,0.454519201066841,0.0814993122420908,1454,0.84261843687899,0.0209765924508218
tplb0056i06_856,chr4B,659634248,0.475269566610752,0.256189821182944,1454,0.848842270415289,-0.0126235487785635
RAC875_c87897_333,chr4B,667583494,0.07252441345201,0.477647867950481,1454,0.552082591860265,0.0356054980691241
BS00022808_51,chr4B,668709559,0.0799564945512273,0.113823933975241,1454,0.569690023677495,-0.0596161437022857
BS00040517_51,chr4B,673375605,0.895505771927299,0.171939477303989,1454,0.97191046283237,0.00403035688459497
wsnp_Ex_c4148_7494801,chr4B,673887818,0.192436327947326,0.116918844566713,1454,0.723173506818241,-0.0438123899692471
JD_c15782_595,chr4B,676710748,0.511044656122745,0.164374140302613,1454,0.854411945118847,-0.0141840001141968
RAC875_c48025_483,chr4B,681822696,0.415166283739742,0.357977991746905,1454,0.834290930948841,0.0160167982474277
Ku_c2885_1286,chr4B,689021947,0.00484700063796777,0.0866574965612105,1454,0.190325558384201,-0.082594655557422
Ku_c2885_1189,chr4B,689022044,0.986994616648391,0.328060522696011,1454,0.995444913023805,0.000329441373082773
Ku_c9134_782,chr4B,689184395,0.46885725952084,0.349037138927098,1454,0.847503599062203,-0.0150811805741959
Tdurum_contig9118_1078,chr4B,689336210,0.807129362929611,0.189477303988996,1454,0.948897562783932,0.00828984251333509
BS00108770_51,chr4D,3673713,0.607781111115157,0.0890646492434663,1454,0.8984105504925,0.0166490008397666
BS00022283_51,chr4D,3680171,0.5635704262743,0.077372764786795,1454,0.872768574256519,0.0206632999380147
wsnp_Ex_rep_c107564_91144523,chr4D,26735190,0.000623254850988893,0.0643053645116919,1454,0.0393318329177633,0.124241900842001
Ra_c350_837,chr4D,111721106,0.179668169088888,0.0925034387895461,1454,0.711824338071895,-0.0432279798457404
wsnp_BE444858D_Ta_1_1,chr4D,134619728,0.10920557951979,0.18878954607978,1454,0.614159578090795,0.0350856510187523
RAC875_rep_c109674_414,chr4D,187014339,0.272998681464723,0.0852819807427785,1454,0.770588929949146,-0.0368684536114703
wsnp_BF202706D_Ta_1_1,chr4D,218513069,0.220382152159761,0.170907840440165,1454,0.731901320967086,0.0291907567111291
Ku_c2271_358,chr4D,253939544,0.0209703516805141,0.0790921595598349,1454,0.352901061137794,-0.0806666870980841
wsnp_BF473052D_Ta_2_1,chr4D,441152501,0.297778028992889,0.0608665749656121,1454,0.784388665056215,0.0399465398418606
D_GDS7LZN02F0W89_230,chr4D,458388630,0.612851115820437,0.0508940852819807,1454,0.90167187481658,0.021006905863139
BS00022436_51,chr4D,458393778,0.906764627536909,0.0563961485557084,1454,0.972567531605772,0.00476277824805038
BS00064002_51,chr4D,458802353,0.0293616143480951,0.0894085281980743,1454,0.408519468921922,-0.070166691010666
BS00106571_51,chr4D,458807647,0.067970674045561,0.0863136176066025,1454,0.533483459174204,-0.0598986252133784
BS00047797_51,chr4D,459122261,0.0230706602597813,0.0835625859697386,1454,0.370598697082123,-0.0743912377385669
BS00101071_51,chr5A,9357157,0.21961792167818,0.078060522696011,1454,0.731901320967086,0.0426450130169478
wsnp_Ku_c9559_15999945,chr5A,9546069,0.621982300599062,0.3060522696011,1454,0.906800928348633,0.0116052804498601
Kukri_c17126_1211,chr5A,9547331,0.479754359020921,0.307427785419532,1454,0.849280944434318,0.0163070375926111
wsnp_Ex_c25707_34968426,chr5A,9548776,0.399689406011826,0.311898211829436,1454,0.824243775465329,0.0190921120188001
Ra_c10762_1137,chr5A,9549092,0.281520980938804,0.315680880330124,1454,0.776049256347687,0.0251082468718167
Kukri_c29420_310,chr5A,10633268,0.353589813523777,0.289546079779917,1454,0.807803219396095,0.0206608868223626
wsnp_BE399966A_Ta_2_3,chr5A,11349947,0.082871217689883,0.0574277854195323,1454,0.574487050672928,-0.067707714692137
wsnp_Ku_c1254_2498515,chr5A,11617185,0.363658459772291,0.275103163686382,1454,0.811696470153656,0.0208884833681182
Excalibur_rep_c88724_127,chr5A,22324829,0.201331210161095,0.212861072902338,1454,0.726606406910838,0.0402568063520974
BS00029347_51,chr5A,50006921,0.383463461328797,0.0876891334250344,1454,0.819040550623716,0.0283778324050488
wsnp_Ku_c48254_54492007,chr5A,50403368,0.653351476293798,0.199449793672627,1454,0.914622776670115,0.010675302787714
BS00078654_51,chr5A,52064637,0.555721038302618,0.0814993122420908,1454,0.871303526779704,0.0200056903676149
RAC875_c15192_51,chr5A,52354691,0.142640412209526,0.0821870701513067,1454,0.672121622331286,0.0492185471291009
BS00046772_51,chr5A,53433438,0.631811620511123,0.101788170563961,1454,0.910671445101788,0.0126603316294567
wsnp_Ra_c212_447994,chr5A,56320359,0.30583982875406,0.0876891334250344,1454,0.787888505892113,0.0336987493329914
wsnp_Ku_c1102_2211433,chr5A,56321316,0.731365596571257,0.0794360385144429,1454,0.930162345495243,0.0120466888822701
BobWhite_c37803_125,chr5A,77908786,0.709245701589159,0.152338376891334,1454,0.930162345495243,0.0109267259919577
TA006001-0725,chr5A,90201408,0.327431253971591,0.0969738651994498,1454,0.794567749058482,0.0302030679086904
BobWhite_rep_c49176_485,chr5A,90215490,0.477714519617624,0.0756533700137552,1454,0.848842270415289,0.0254785547518281
Excalibur_c25331_1224,chr5A,90906625,0.635914734255805,0.0756533700137552,1454,0.910671445101788,-0.0162827949358508
RFL_Contig4653_1217,chr5A,93736406,0.831687391878503,0.0907840440165062,1454,0.953027640852645,0.00702016823126073
IAAV5061,chr5A,95154087,0.896841049759297,0.232462173314993,1454,0.97191046283237,0.00272148311199061
wsnp_Ex_c2922_5391083,chr5A,96200429,0.452312652870778,0.0863136176066025,1454,0.84261843687899,0.0244090643214818
RAC875_c29957_355,chr5A,96204453,0.690190452211723,0.489339752407153,1454,0.927638536017063,0.0148596387382867
Excalibur_c22926_514,chr5A,97211536,0.550202679980635,0.15646492434663,1454,0.869131062116785,0.0131971770320405
wsnp_Ra_c10053_16636851,chr5A,102991330,0.74322235185334,0.47283356258597,1454,0.935380267610293,-0.0141953285723275
wsnp_Ku_c16812_25759885,chr5A,102992259,0.471189672780892,0.078748280605227,1454,0.84803512299419,0.025066584337317
Ku_c4397_2120,chr5A,103387172,0.787878066517395,0.211141678129298,1454,0.94771963780383,-0.00754642947933348
wsnp_Ex_c130_259533,chr5A,108202113,0.274458841058064,0.0845942228335626,1454,0.770849127085204,0.0356676425054232
Ex_c5902_360,chr5A,111232258,0.856082738556324,0.394085281980743,1454,0.959225237177568,0.00586070228298041
BS00045284_51|wsnp_Ex_c15084_23263641,chr5A,113109004,0.491052039680361,0.0818431911966988,1454,0.849842266518313,0.0227700837721301
wsnp_Ra_c13_24911,chr5A,418865118,0.847458305844757,0.0687757909215956,1454,0.957454492600822,-0.00769780518430707
wsnp_Ra_c13_24540,chr5A,418865489,0.320891401207457,0.123452544704264,1454,0.787941735906161,-0.0299083568672458
RAC875_c13_1589,chr5A,418866847,0.482354886105127,0.103163686382393,1454,0.849280944434318,-0.0305191073855617
wsnp_Ex_c4666_8349206,chr5A,418968514,0.47600625584957,0.0608665749656121,1454,0.848842270415289,-0.0375186136994081
Tdurum_contig49844_958|tplb0031i04_452,chr5A,419574386,0.168081323805121,0.15990371389271,1454,0.704514581099634,-0.0437604019975595
CAP12_c667_143,chr5A,420174302,0.421084748865464,0.167125171939477,1454,0.834290930948841,-0.0249999264978236
RAC875_c4033_192,chr5A,444492894,0.00564030101177385,0.0550206327372765,1454,0.206865453676665,-0.106123912346302
BS00067453_51,chr5A,450797402,0.99327498568993,0.0656808803301238,1454,0.99608456651803,-0.000335138951253811
BS00089968_51,chr5A,450898638,0.850380354160741,0.213548830811554,1454,0.957832468028185,-0.00475301655084692
Tdurum_contig43874_1129,chr5A,470754069,0.386959584389604,0.110041265474553,1454,0.821454454960617,-0.0288369059321276
wsnp_Ex_c2474_4619730,chr5A,473639409,0.369325474927914,0.365543328748281,1454,0.811696470153656,-0.0150397707842682
Kukri_c1106_1489,chr5A,482529631,0.109711926595812,0.150618982118294,1454,0.614159578090795,0.0429333659915958
Tdurum_contig49187_601,chr5A,483286973,0.0673041212147365,0.494497936726272,1454,0.533483459174204,-0.100657732572614
CAP8_c1066_309,chr5A,489070639,0.0677232887967552,0.211141678129298,1454,0.533483459174204,0.0479790821193156
Tdurum_contig96830_155,chr5A,489446077,0.295583209777657,0.258253094910591,1454,0.784388665056215,0.0235532361717858
Ex_c9327_1198,chr5A,489450223,0.0750699652740239,0.266850068775791,1454,0.554664024434798,0.0379859134389804
RAC875_c18195_718,chr5A,506206035,0.913314183376737,0.342159559834938,1454,0.972654083953408,0.00421855219441625
BobWhite_c1387_798,chr5A,529293612,0.188283266522614,0.348005502063274,1454,0.723173506818241,0.0260216376278208
wsnp_Ex_c3670_6694480,chr5A,536305605,0.193493389268359,0.0680880330123796,1454,0.723173506818241,0.0405475101521837
BS00021805_51,chr5A,536306153,0.549324260799705,0.107977991746905,1454,0.869131062116785,-0.0186807555600694
BS00067676_51,chr5A,555910234,0.209634505667747,0.354539202200825,1454,0.72918143998998,-0.0214608196226482
BS00065292_51,chr5A,556701936,0.442031931294842,0.330811554332875,1454,0.84261843687899,-0.0259009449611085
RFL_Contig2031_2040,chr5A,560134598,0.578587586975067,0.451856946354883,1454,0.882108944076742,-0.0124299374313672
BS00077858_51,chr5A,560556750,0.227616509508609,0.387551581843191,1454,0.737978664773785,0.0248470375502308
BS00010179_51,chr5A,560558215,0.0129903819262799,0.39958734525447,1454,0.294282113637648,0.0466373253259214
RAC875_c23340_2243,chr5A,560787823,0.485454599302755,0.178817056396149,1454,0.849280944434318,-0.0202154793899574
Tdurum_contig71499_211,chr5A,571844070,0.253306012475962,0.165405777166437,1454,0.756067101427406,-0.0295983898524881
Ex_c4208_839,chr5A,574186123,0.898755911866493,0.383425034387895,1454,0.97191046283237,-0.0041678142847843
Excalibur_c54774_408,chr5A,594527080,0.883211945794485,0.450481430536451,1454,0.966768783309532,-0.00646872867717718
Tdurum_contig50175_875,chr5A,595410894,0.674193940003658,0.334938101788171,1454,0.922773580159926,0.0120619609022086
RFL_Contig316_572,chr5A,596468536,0.820589816967267,0.18707015130674,1454,0.949900297392954,0.0068199339863213
Ku_c21235_676,chr5A,619747127,0.298147082380837,0.352819807427785,1454,0.784388665056215,0.0203688737167091
wsnp_Ex_c53426_56666788,chr5A,626963779,0.476969068819412,0.0832187070151307,1454,0.848842270415289,0.0195308069377447
wsnp_Ex_c16715_25264080,chr5A,634713681,0.836086696061379,0.317400275103164,1454,0.953754158773697,0.00421310069574332
BobWhite_c2830_327,chr5A,658205331,0.201007865910241,0.374828060522696,1454,0.726606406910838,-0.0430987825361981
TA003720-0955,chr5A,658352121,0.937647140142384,0.155777166437414,1454,0.979474263074355,0.00201966266500442
CAP8_rep_c4852_130,chr5A,658544683,0.553031345229736,0.205983493810179,1454,0.869131062116785,-0.0149824304421919
BS00067351_51,chr5A,672599918,0.054111385685321,0.175034387895461,1454,0.497009798573558,-0.0461784210476779
CAP11_c2623_196,chr5A,678261079,0.319589775035502,0.338033012379642,1454,0.787941735906161,-0.0231367952145582
BobWhite_rep_c63332_67,chr5A,678938518,0.16231719564983,0.327716643741403,1454,0.699014822521882,-0.0277271833550792
wsnp_Ra_c25624_35192195,chr5A,682249930,0.512679096876447,0.294360385144429,1454,0.854626381302531,-0.0146036700976246
BobWhite_c6966_236,chr5A,684113579,0.253035575783648,0.0505502063273728,1454,0.756067101427406,-0.0600198549267397
CAP12_c956_61,chr5A,685656275,0.236246417701522,0.334250343878955,1454,0.744329984277875,-0.0267963435159793
wsnp_Ex_c3136_5798185,chr5A,686253587,0.0977281437034955,0.325309491059147,1454,0.603795908825442,-0.0372401797788662
BS00036851_51,chr5A,686258686,0.38041632559143,0.326685006877579,1454,0.818752310986671,-0.0198896784223983
tplb0029a15_1300,chr5A,686258843,0.237532983904657,0.371389270976616,1454,0.744902709168258,-0.0251713077797753
Ku_c19516_384,chr5A,688004183,0.468633569422332,0.0639614855570839,1454,0.847503599062203,0.0286726910478174
BS00023152_51,chr5A,688483685,0.0916904750565107,0.0663686382393398,1454,0.585584015162861,-0.0665995130071337
BS00022864_51,chr5A,701425767,0.294971467629985,0.0684319119669876,1454,0.784388665056215,-0.0412546926942987
BS00034658_51,chr5B,473718,0.895805301780079,0.141678129298487,1454,0.97191046283237,-0.0031528048908136
IACX7443,chr5B,1565766,0.554877008498032,0.229367262723521,1454,0.870752818841938,-0.0149772090603939
wsnp_Ex_c214_422365,chr5B,44131996,0.137370974652822,0.0966299862448418,1454,0.665248435856463,0.0425046337798811
Tdurum_contig81708_212,chr5B,45851978,0.0682327457687437,0.0557083906464924,1454,0.533483459174204,-0.0802969904017434
BS00045447_51,chr5B,331676966,0.750963893210346,0.447042640990371,1454,0.939481687746113,-0.00778499359650908
BS00045446_51,chr5B,331676982,0.226259395618157,0.405433287482806,1454,0.737978664773785,-0.0243515852225009
BS00023803_51|wsnp_Ex_c8985_14979134,chr5B,354891844,0.11318207321684,0.387551581843191,1454,0.623030290885222,-0.0318654616929468
Kukri_c23070_350,chr5B,355139255,0.430651952816716,0.242090784044017,1454,0.840841989643246,0.014589417395154
TA008675-0589,chr5B,357771776,0.0486787945487028,0.179504814305365,1454,0.472612252569,0.0646062682390109
BS00002191_51,chr5B,359067842,0.588603545024197,0.421939477303989,1454,0.888588676765125,-0.0134864415198521
RAC875_c42518_57,chr5B,359816371,0.0646400905254656,0.302613480055021,1454,0.531251348644176,0.0548809787229061
wsnp_Ex_c6391_11109898,chr5B,359816662,0.220077167513702,0.401994497936726,1454,0.731901320967086,-0.0243614519373256
Kukri_c36789_230,chr5B,360466353,0.0976691790616371,0.378954607977992,1454,0.603795908825442,-0.0325137737201384
wsnp_Ex_c2132_4006417,chr5B,360525728,0.745304903130326,0.0863136176066025,1454,0.936089089585686,0.00912523030571055
wsnp_Ex_c2132_4004831,chr5B,360528244,0.69830393454087,0.285075653370014,1454,0.930162345495243,0.00712566401596604
Kukri_c38365_158,chr5B,360535355,0.289553805913858,0.453920220082531,1454,0.779941425380773,-0.0220913242015648
BS00070771_51,chr5B,361040947,0.462763384067794,0.0849381017881706,1454,0.846472997990117,-0.0207171835088555
Ex_c5632_778,chr5B,361042376,0.261855130900942,0.414718019257221,1454,0.762097117625954,-0.0211793944637293
wsnp_Ex_c5632_9904112,chr5B,361042777,0.16298478035032,0.34181568088033,1454,0.699014822521882,-0.0268402014998781
Kukri_c17783_58,chr5B,361043921,0.25221733040963,0.398899587345254,1454,0.756067101427406,-0.0225329649823891
BS00022086_51,chr5B,361887298,0.236736531502075,0.394085281980743,1454,0.744329984277875,-0.0238139278152225
wsnp_Ku_c7199_12444840,chr5B,361887841,0.201613551457796,0.405777166437414,1454,0.726606406910838,-0.0252946243218695
RAC875_c47060_61,chr5B,361888806,0.928001854745809,0.0557083906464924,1454,0.97555728929516,-0.00301274417020103
wsnp_Ex_c40022_47169752,chr5B,361901491,0.876614852007071,0.342847317744154,1454,0.966768783309532,-0.00406985780384161
wsnp_Ex_c40022_47169698,chr5B,361901545,0.447333300080311,0.215268225584594,1454,0.84261843687899,0.0216604282283193
Ex_c40022_873,chr5B,361902277,0.64761717275624,0.466643741403026,1454,0.913149944732761,-0.00824284968404498
IAAV3825,chr5B,362344561,0.0707784054465682,0.3060522696011,1454,0.5437627931482,0.0493323176701779
CAP12_c1419_574,chr5B,367232787,0.1634803525212,0.377235213204952,1454,0.699442573619757,-0.0277490816160704
IAAV5873,chr5B,413547967,0.000130171212603695,0.116574965612105,1454,0.0109529777462252,-0.101862353943631
Excalibur_rep_c110067_199,chr5B,464223005,0.831121220360084,0.061898211829436,1454,0.953027640852645,-0.00803354263423905
Ku_c1083_1314,chr5B,479329184,0.843002527230514,0.0526134800550206,1454,0.9560882321029,-0.00794029491391335
RFL_Contig658_1166,chr5B,480565937,0.701538900394358,0.121733149931224,1454,0.930162345495243,0.00985343267476946
Excalibur_c10444_2056,chr5B,480797485,0.226620218353038,0.313617606602476,1454,0.737978664773785,-0.0272380535289329
Kukri_rep_c103253_565,chr5B,482345599,0.346524455721109,0.214580467675378,1454,0.804740228036742,-0.0194907876620594
Excalibur_c44034_479,chr5B,508433475,0.721268821462861,0.077716643741403,1454,0.930162345495243,-0.0156112674705504
BobWhite_c9070_287,chr5B,515089459,0.560350439841069,0.0522696011004127,1454,0.871816081179226,0.0300459420388037
wsnp_Ex_c1314_2513802,chr5B,517063261,0.0842060815643964,0.279573590096286,1454,0.574487050672928,-0.0376046996651418
Excalibur_c35011_203,chr5B,536861033,0.70412011488267,0.111416781292985,1454,0.930162345495243,0.0153414327540879
BobWhite_c47456_121,chr5B,536864108,0.547160328059996,0.0563961485557084,1454,0.867114170118397,-0.0292671655826275
Tdurum_contig67535_391,chr5B,537083150,0.00111534747529507,0.0918156808803301,1454,0.0651380900571371,-0.101801532207288
BS00017264_51,chr5B,550885636,0.0249345750355522,0.0588033012379642,1454,0.385832265369046,0.0996458684933117
RAC875_c10139_336,chr5B,550954241,0.0356530766823625,0.425722145804677,1454,0.442574506508718,0.066161720505292
Excalibur_c33675_201,chr5B,551546734,0.177911000390576,0.174346629986245,1454,0.706772838580336,0.039187633448698
Excalibur_c29928_1264,chr5B,551657746,0.231697438817337,0.0601788170563961,1454,0.744329984277875,0.0417391506606499
Ku_c11429_519,chr5B,555007956,0.364917379826179,0.0698074277854195,1454,0.811696470153656,0.0286424211327665
RAC875_c7011_435,chr5B,584376293,0.540926229205393,0.0667125171939477,1454,0.863486895310856,-0.0241490242725346
RFL_Contig539_1789,chr5B,584793957,0.770535638373353,0.350756533700138,1454,0.94354571933868,-0.00599335729359751
BobWhite_c11495_120,chr5B,585291153,0.650144462391212,0.459766162310867,1454,0.913926225175236,-0.0113138718946217
BS00022673_51,chr5B,585345950,0.714415872559371,0.33837689133425,1454,0.930162345495243,-0.00766996984087598
Kukri_c59540_137,chr5B,587550927,0.926381538352917,0.171251719394773,1454,0.97555728929516,-0.0020681112431884
wsnp_Ex_c11265_18216936,chr5B,588628753,0.924736999069017,0.0526134800550206,1454,0.97555728929516,0.00419072448836033
Kukri_c6176_1400,chr5B,589773102,0.451717938202408,0.40818431911967,1454,0.84261843687899,-0.0164440059411568
Excalibur_rep_c106165_238,chr5B,592445656,0.558677592803163,0.283700137551582,1454,0.871816081179226,-0.0120968232386289
Ra_c2216_1449,chr5B,592446577,0.739357376315639,0.400275103163686,1454,0.934343647015017,-0.00607161778880538
Tdurum_contig10669_1535,chr5B,592493445,0.55709981431382,0.494154057771664,1454,0.871816081179226,0.0139098398598705
BS00080495_51,chr5B,592950186,0.532322389633402,0.0928473177441541,1454,0.857968261110831,0.02054281943437
tplb0021e12_793,chr5B,593131916,0.290115084961572,0.200481430536451,1454,0.78026385864094,-0.0286135416149449
tplb0021e12_768,chr5B,593131941,0.19285219101892,0.258596973865199,1454,0.723173506818241,-0.0391692208869152
BS00021735_51,chr5B,595269513,0.68160887570947,0.392022008253095,1454,0.926463756445102,-0.00867147720671824
wsnp_Ra_c47696_53184502,chr5B,595269762,0.988600671201691,0.30777166437414,1454,0.995529589806695,0.000291103095470646
BobWhite_rep_c50349_139,chr5B,596112681,0.644926906809473,0.242434662998624,1454,0.913149944732761,-0.0135381232597069
IACX5390,chr5B,596114112,0.83542171271424,0.156121045392022,1454,0.953754158773697,0.00543418764537762
Tdurum_contig13773_321,chr5B,597202829,0.270904113630227,0.0529573590096286,1454,0.768358858402266,-0.050244146277123
BS00026678_51,chr5B,598319581,0.443150401312233,0.0904401650618982,1454,0.84261843687899,-0.0261812275358757
BS00022065_51,chr5B,604865232,0.945935620180446,0.212173314993122,1454,0.981742614849436,0.00160590936042482
Tdurum_contig43078_437,chr5B,605003201,0.340976098157107,0.271664374140303,1454,0.800392867071165,-0.0219708784894088
Tdurum_contig70554_1006,chr5B,605128793,0.66972826122138,0.204264099037139,1454,0.922467643258969,0.0100585410787666
Tdurum_contig68741_839,chr5B,611698146,0.206562487072078,0.414374140302613,1454,0.726606406910838,0.0450032096960626
Kukri_c10508_438,chr5B,618183711,0.18156400665985,0.449105914718019,1454,0.714529175429743,-0.022515410377995
BobWhite_c22036_399,chr5B,618185783,0.115318065758993,0.47455295735901,1454,0.630857653858021,-0.0281962789431738
Tdurum_contig50731_961,chr5B,618774147,0.796008434259011,0.0997248968363136,1454,0.948897562783932,0.0102638509177844
wsnp_Ku_c25613_35580381,chr5B,618891524,0.285766075788185,0.491403026134801,1454,0.77732328743756,0.0207659129988507
wsnp_Ex_c11070_17950604,chr5B,619349569,0.575652530863762,0.103163686382393,1454,0.881164688253154,-0.015035251308964
wsnp_JD_c6562_7716133,chr5B,621039177,0.203460653142707,0.460110041265475,1454,0.726606406910838,0.0253509450375127
BS00065029_51,chr5B,621040275,0.202151593216458,0.444291609353508,1454,0.726606406910838,0.0262261208576291
Tdurum_contig82473_67,chr5B,621864049,0.0912482128164576,0.441196698762036,1454,0.585584015162861,0.0351831314888926
Tdurum_contig51422_127,chr5B,622274830,0.337416645959923,0.166093535075653,1454,0.798146202692349,-0.0275119086074298
Tdurum_contig94033_717,chr5B,623081019,0.864563406123702,0.0687757909215956,1454,0.964693336261001,0.00643025567943489
BS00037104_51,chr5B,623426098,0.561270508514899,0.063273727647868,1454,0.872183685244342,0.0228432521350292
RAC875_rep_c91630_132,chr5B,623589269,0.0414512673267563,0.333218707015131,1454,0.462247542343208,-0.0608072119163694
wsnp_Ku_rep_c102339_89347150,chr5B,623952830,0.507348577634887,0.347317744154058,1454,0.854411945118847,0.0128365585806272
Tdurum_contig5017_1015,chr5B,634799117,0.559831447517661,0.442572214580468,1454,0.871816081179226,-0.0110348981307098
Tdurum_contig27843_375,chr5B,635941324,0.769282231940987,0.139958734525447,1454,0.94354571933868,-0.00681452264529803
Tdurum_contig29090_280,chr5B,636022907,0.723675840802156,0.126203576341128,1454,0.930162345495243,-0.0126585317036785
Kukri_rep_c72756_155,chr5B,636023245,0.641472375350381,0.0735900962861073,1454,0.912687772795954,-0.0139713740729004
RAC875_rep_c109658_614,chr5B,636023548,0.618357475434761,0.475928473177442,1454,0.904501373421541,-0.0127392959662203
RAC875_rep_c109658_382,chr5B,636023780,0.821863641424422,0.46251719394773,1454,0.950414302615808,0.00472714390364715
RAC875_c48052_127,chr5B,636023819,0.913955491873398,0.431224209078404,1454,0.972654083953408,-0.00222779314538002
Excalibur_c1925_2569,chr5B,636028611,0.905152985675465,0.419876203576341,1454,0.972567531605772,-0.00218234137676099
wsnp_Ra_c12489_19996904,chr5B,636043554,0.597176906890745,0.482118294360385,1454,0.895765360336117,-0.01035243249191
Kukri_c4096_220,chr5B,657268199,0.607594142655693,0.389614855570839,1454,0.8984105504925,0.0101746926568786
wsnp_Ku_c1045_2115866,chr5B,660297335,0.710804406599227,0.448418156808803,1454,0.930162345495243,0.00667491021439659
Tdurum_contig35470_227,chr5B,660870053,0.090088029262318,0.264786795048143,1454,0.585584015162861,-0.0366338079669024
Excalibur_c45488_148|wsnp_Ex_c11951_19164786,chr5B,664566617,0.255132296610558,0.291953232462173,1454,0.75640732904506,-0.0239267666101153
Tdurum_contig8210_317,chr5B,665696229,0.572046825487728,0.417812929848693,1454,0.879878994584922,-0.0107986810120941
BS00062618_51,chr5B,674914454,0.16293124372536,0.429504814305365,1454,0.699014822521882,-0.0264281733895935
RAC875_c13208_684,chr5B,676679683,0.757908925048337,0.363823933975241,1454,0.940819928947525,0.0107266730719147
BS00069416_51,chr5B,681763131,0.819717421669245,0.478679504814305,1454,0.949900297392954,0.0153727969412216
Excalibur_c6785_155,chr5B,687835981,0.63363808253877,0.0732462173314993,1454,0.910671445101788,-0.0195602382809152
RFL_Contig5616_1779,chr5B,689325399,0.184204646128626,0.132049518569464,1454,0.716303881942262,0.0385234830233294
Excalibur_c2618_1723,chr5B,690479072,0.341147299845172,0.247248968363136,1454,0.800392867071165,-0.0210685063096143
BS00031338_51,chr5B,690681816,0.247905348428459,0.0825309491059147,1454,0.756067101427406,-0.0357432117453946
BS00031339_51,chr5B,690681819,0.123927276231144,0.355226960110041,1454,0.653949218470889,-0.0280960330762152
Excalibur_c23801_115,chr5B,693423394,0.720964690242739,0.106602475928473,1454,0.930162345495243,-0.0112818626404909
Kukri_c18410_409,chr5B,695863508,0.361161037662615,0.104883081155433,1454,0.811696470153656,-0.0288346808986315
Excalibur_c146_170,chr5B,695866220,0.245359626812396,0.447386519944979,1454,0.756067101427406,-0.0370650927699074
RFL_Contig3285_1009,chr5B,697225030,0.345447300554689,0.248624484181568,1454,0.804223162160916,-0.0236806699557519
BobWhite_c3488_386,chr5B,697225666,0.974543881741813,0.0890646492434663,1454,0.992825385709701,0.0010624579727434
RAC875_c79095_311,chr5B,697237337,0.015774595926907,0.093878954607978,1454,0.323660549286506,-0.0786570659296899
Excalibur_c34579_263,chr5B,698719268,0.176098196920455,0.0980055020632737,1454,0.706772838580336,0.0361586937698206
RAC875_rep_c106589_650,chr5B,703925182,0.728486626186318,0.101788170563961,1454,0.930162345495243,0.0110974534764043
BobWhite_rep_c49751_629,chr5B,703927108,0.484878068378455,0.107290233837689,1454,0.849280944434318,-0.0229994179876805
Tdurum_contig92922_58,chr5B,703927864,0.684218523175066,0.127922971114168,1454,0.927036123339021,0.0114386183517716
Excalibur_rep_c106082_272,chr5B,704447399,0.3210628465492,0.109353507565337,1454,0.787941735906161,-0.0399144109113152
Tdurum_contig43552_666,chr5B,709702508,0.173669540449897,0.151650618982118,1454,0.706772838580336,-0.0337408447072693
Excalibur_c19267_919,chr5D,47392052,0.885381486023687,0.457359009628611,1454,0.96751334929119,0.00349681548661351
RAC875_c44064_222,chr5D,47833988,0.906303108910492,0.30777166437414,1454,0.972567531605772,-0.00268125813028064
RAC875_rep_c117371_229,chr5D,47865033,0.825899356157751,0.296423658872077,1454,0.95278776807322,-0.00508388649942759
Excalibur_c4964_275,chr5D,47905988,0.719603432306147,0.381361760660248,1454,0.930162345495243,-0.00755081426552096
Excalibur_c37393_75,chr5D,48034868,0.740076738718939,0.305020632737276,1454,0.934343647015017,-0.00765871671829998
D_GBF1XID01A16U2_148,chr5D,48284437,0.848359992238642,0.323246217331499,1454,0.957832468028185,0.00425857674463259
BobWhite_c836_422,chr5D,48382226,0.464837278305914,0.308115543328748,1454,0.847503599062203,-0.0158531406153806
Kukri_c20991_1642,chr5D,49030455,0.844489988844224,0.322558459422283,1454,0.956994122094378,-0.00404197823400665
BobWhite_c1372_133,chr5D,79000474,0.764811597911992,0.468707015130674,1454,0.94354571933868,-0.00796076125148915
RAC875_c51455_182,chr5D,83067414,0.857658643901343,0.279229711141678,1454,0.95999127165112,0.00404579129865823
BobWhite_c7263_337,chr5D,389145327,0.0339418426147196,0.102132049518569,1454,0.434603158697171,-0.066564834680845
Kukri_c15380_902,chr5D,449241634,0.504336305004828,0.137551581843191,1454,0.854411945118847,-0.0184946743870018
Kukri_c52028_104,chr5D,449246885,0.200036645710826,0.128266850068776,1454,0.726606406910838,-0.039489013696933
BS00067651_51,chr5D,526369070,0.801977023701078,0.183975240715268,1454,0.948897562783932,0.00623434036703863
BS00022699_51,chr5D,536839579,0.702330633541985,0.185006877579092,1454,0.930162345495243,-0.0101303697556396
wsnp_Ku_c44483_51751682,chr5D,545209817,0.00114277350977433,0.190165061898212,1454,0.0651380900571371,-0.0948556068636215
D_GB5Y7FA02JRQ1I_101,chr5D,545275332,0.347492136988279,0.195323246217331,1454,0.805050520402538,-0.0217628375397911
Excalibur_rep_c109856_92,chr5D,545569446,0.176085957298718,0.0694635488308116,1454,0.706772838580336,-0.0423096129387108
wsnp_Ku_c10877_17896883,chr5D,545604103,0.337166922405412,0.135832187070151,1454,0.798146202692349,-0.0299445413625108
wsnp_Ex_c23618_32855041,chr5D,547984486,0.490247064698927,0.142709766162311,1454,0.849280944434318,-0.0221028831532522
BobWhite_c13030_406,chr5D,548813910,0.936875470116043,0.105226960110041,1454,0.979474263074355,-0.00299516152666257
tplb0030a05_2386,chr5D,549987853,0.982449623512075,0.184662998624484,1454,0.993905301888024,0.000573374666608117
Excalibur_c1289_927,chr5D,549987983,0.158512142515011,0.200481430536451,1454,0.698610637227933,-0.0523285709631267
JD_c825_1450,chr5D,549988825,0.204036623430952,0.165405777166437,1454,0.726606406910838,-0.0440812500406871
CAP7_c756_531,chr5D,550021324,0.0905221115311214,0.383081155433287,1454,0.585584015162861,0.0507001046332078
BS00079676_51,chr5D,551738077,0.149826721004559,0.267537826685007,1454,0.684092547842522,-0.0368032737172186
RAC875_c13169_459,chr5D,551738684,0.902494367951494,0.160591471801926,1454,0.972567531605772,-0.00392547072173421
wsnp_JD_c4438_5568170,chr5D,551781233,0.351367215373478,0.203920220082531,1454,0.807658257752472,-0.0223069038636705
wsnp_JD_c4438_5567972,chr5D,551781431,0.681379270941036,0.193603851444292,1454,0.926463756445102,-0.0127516546910513
wsnp_JD_c4438_5567834,chr5D,551781569,0.0729778566834541,0.268913342503439,1454,0.552082591860265,-0.0454977926197095
Kukri_c24695_273,chr5D,551867050,0.704258985019839,0.160935350756534,1454,0.930162345495243,-0.0137009639664782
Excalibur_c28592_377,chr5D,551967239,0.120154079199648,0.0811554332874828,1454,0.64337047862357,-0.0479587733290234
Excalibur_c2795_1518,chr5D,551978729,0.17261185204549,0.0766850068775791,1454,0.706772838580336,-0.0575991119105765
BS00022036_51,chr5D,552346597,0.283285808216759,0.269601100412655,1454,0.776071353672888,-0.0274555566480963
wsnp_Ex_c17928_26697183,chr5D,553003074,0.174308663610934,0.229711141678129,1454,0.706772838580336,-0.0372157903398893
wsnp_Ku_c3022_5674299,chr5D,553003948,0.093123434216618,0.270976616231087,1454,0.585584015162861,-0.0355781013129857
BobWhite_c16578_171,chr5D,553257760,0.91223588063459,0.112448418156809,1454,0.972654083953408,-0.00319013301349713
RAC875_c50750_234,chr5D,553260475,0.137552202272933,0.191540577716644,1454,0.665248435856463,0.0362345757614406
Excalibur_rep_c104791_725|wsnp_Ku_c5228_9318604,chr5D,553274247,0.416759627162978,0.0911279229711142,1454,0.834290930948841,-0.0235289607741116
D_GCE8AKX02IXEFJ_281,chr5D,553624145,0.00597342734039889,0.0646492434662999,1454,0.206865453676665,-0.0954655738237804
Excalibur_c50584_358,chr5D,554264007,0.452322227408441,0.112104539202201,1454,0.84261843687899,-0.0226293675359521
RAC875_c31971_336,chr5D,554540351,0.301555258120335,0.223865199449794,1454,0.787888505892113,0.0265134019318154
wsnp_Ra_c40111_47657505,chr5D,555172657,0.626773687558208,0.137207702888583,1454,0.909540281582375,0.0173646671727248
wsnp_Ku_rep_c101796_88894110,chr5D,555173572,0.854531594467227,0.306396148555708,1454,0.959225237177568,-0.00404513162068199
BS00009287_51,chr5D,555174959,0.523013384145631,0.0526134800550206,1454,0.857968261110831,0.0434900159207068
BS00084133_51,chr5D,555175675,0.454948311836572,0.0570839064649243,1454,0.84261843687899,0.0358140300823138
BS00022267_51,chr5D,555190420,0.532527513423357,0.0980055020632737,1454,0.857968261110831,0.0246713712318005
BS00074353_51,chr5D,555565394,0.833987496316544,0.0856258596973865,1454,0.953754158773697,-0.00908952732116575
BS00075368_51,chr5D,555586190,0.379307163631805,0.0983493810178817,1454,0.818083744822873,0.0338441637320415
BS00025017_51,chr5D,555697773,0.454993801355878,0.100756533700138,1454,0.84261843687899,0.0282390586042869
RAC875_c3672_705,chr5D,557354151,0.302756420555455,0.106946354883081,1454,0.787888505892113,0.0395341462808751
D_contig27392_286|Kukri_c6412_124,chr5D,557425850,0.855803563145032,0.0550206327372765,1454,0.959225237177568,0.00710302420335118
GENE-2281_931,chr5D,558361985,0.726894845289018,0.351444291609354,1454,0.930162345495243,-0.0128309631733785
RAC875_c93365_200,chr5D,562060883,0.829096712499027,0.27716643741403,1454,0.95278776807322,-0.00470056113668527
BS00011935_51,chr5D,562252120,0.218245268158499,0.303301237964237,1454,0.731901320967086,-0.0305330216610926
BS00094333_51,chr5D,562252514,0.198781951747978,0.302957359009629,1454,0.726606406910838,-0.032050682713983
D_GDS7LZN02F4FP5_176,chr5D,562289685,0.529103308319918,0.482118294360385,1454,0.857968261110831,0.0161880143822941
BS00010322_51,chr5D,562558071,0.523042439478879,0.0969738651994498,1454,0.857968261110831,0.0243525488460321
tplb0031c19_924,chr5D,562593253,0.404895815965582,0.292297111416781,1454,0.82520289136238,-0.0200122019316993
RAC875_c8100_245,chr5D,562835131,0.840439657483302,0.31121045392022,1454,0.955020498246299,0.00479859916349312
wsnp_Ex_c11055_17928283,chr5D,564030767,0.906287429198263,0.0794360385144429,1454,0.972567531605772,-0.00551302069187543
wsnp_Ex_c11055_17927692,chr5D,564031713,0.36518480514622,0.0684319119669876,1454,0.811696470153656,-0.0378141157878478
BS00070751_51,chr5D,564411054,0.64472326414998,0.40646492434663,1454,0.913149944732761,-0.0108985970893229
BS00021991_51,chr5D,564416759,0.387250458959929,0.293672627235213,1454,0.821454454960617,-0.0215623269618774
BS00085191_51,chr5D,564417082,0.59935320453181,0.296423658872077,1454,0.895767956550777,-0.0128820742059261
BobWhite_c47158_89,chr5D,564444102,0.3058808800464,0.299174690508941,1454,0.787888505892113,-0.0248401664289624
wsnp_Ex_c6657_11523455,chr5D,564972428,0.427573464877718,0.313961485557084,1454,0.836544401077428,0.0168654679540232
RAC875_c3988_3479,chr5D,565042995,0.655939266795751,0.123452544704264,1454,0.914771519713424,-0.0114036276539906
Excalibur_c33062_305,chr5D,565149017,0.53313477685325,0.0770288858321871,1454,0.857968261110831,-0.0184786938673183
Excalibur_c19430_1066,chr6A,853287,0.140715344615057,0.371389270976616,1454,0.669598022313117,0.049140464839283
RAC875_c13610_822,chr6A,856118,0.56858641233732,0.123452544704264,1454,0.878227439335704,0.0162281376996809
Kukri_c7146_870,chr6A,1179961,0.874376191612364,0.414030261348006,1454,0.966751501503596,-0.00282345225623892
Kukri_c8500_728,chr6A,1371862,0.241742161030321,0.464580467675378,1454,0.751794250808535,-0.0209127215391689
Tdurum_contig44853_1083,chr6A,1381461,0.29830740402817,0.415405777166437,1454,0.784388665056215,0.0195288686817747
RAC875_c6135_95,chr6A,3392250,0.445494716447984,0.131705639614856,1454,0.84261843687899,-0.0219095325335683
BobWhite_rep_c52979_181,chr6A,5330053,0.740791476584384,0.489339752407153,1454,0.934343647015017,0.00590155280312032
Excalibur_c431_1130,chr6A,6284330,0.530869531693772,0.357977991746905,1454,0.857968261110831,-0.0145576523878788
Tdurum_contig12045_868,chr6A,6284606,0.000112717248805468,0.191196698762036,1454,0.00995856893196312,0.0932768293517012
wsnp_Ex_c431_848217,chr6A,6284933,0.469556323419296,0.195323246217331,1454,0.847503599062203,-0.0298160307894477
TA005787-0140,chr6A,6305743,0.525814847247015,0.367606602475928,1454,0.857968261110831,-0.0141899998329222
RFL_Contig5170_330,chr6A,7488477,0.641609496181599,0.415061898211829,1454,0.912687772795954,0.0222499958177593
Kukri_c3009_1374,chr6A,7492582,0.348553366135089,0.361760660247593,1454,0.805089931974773,0.0438703732814929
IAAV9150,chr6A,7492910,0.410562383656141,0.225240715268226,1454,0.831953821009633,0.0344901447216373
BobWhite_c13779_636,chr6A,10477021,0.550393926726008,0.213892709766162,1454,0.869131062116785,-0.019934894761068
wsnp_Ex_c9779_16145653,chr6A,10757488,0.449974391855857,0.40474552957359,1454,0.84261843687899,0.0137720077473098
Kukri_c21443_482,chr6A,14518123,0.999612022600736,0.455639614855571,1454,0.999612022600736,-1.53336427644035e-05
Excalibur_c8197_381,chr6A,19116006,0.626949667780041,0.128610729023384,1454,0.909540281582375,-0.0155376539810899
RAC875_c45444_883,chr6A,21672758,0.264412164154895,0.0904401650618982,1454,0.764695507359467,-0.0527591802917442
Tdurum_contig9544_2233,chr6A,31858297,0.299102031901588,0.166437414030261,1454,0.78530949534934,0.0294047998778648
TA001668-0792,chr6A,32055395,0.342443128186645,0.061898211829436,1454,0.800392867071165,0.0317121187441689
BS00076530_51,chr6A,32106332,0.0680463484933169,0.209766162310867,1454,0.533483459174204,0.0499401073448755
BS00063990_51,chr6A,47790264,0.64959204862759,0.317056396148556,1454,0.913876711723688,0.0137140483741476
wsnp_Ex_c15378_23639387,chr6A,48436676,0.62009680479202,0.377922971114168,1454,0.905546325675619,0.0101969178228192
Tdurum_contig17126_1477,chr6A,59543545,0.373125540557508,0.481086657496561,1454,0.81396645699397,0.0352791843821052
BobWhite_c18017_209,chr6A,60193545,0.417662367146084,0.468707015130674,1454,0.834290930948841,-0.0474075419380995
IAAV2681,chr6A,72679186,0.622918625057334,0.180536451169188,1454,0.907417321085169,-0.0235770102692641
Ra_c28284_223,chr6A,76531998,6.59571721052306e-05,0.311898211829436,1454,0.00628265543994046,0.0879118163891244
Kukri_c14418_2376,chr6A,518727439,0.474016581197263,0.0704951856946355,1454,0.848619350532485,0.0295347671456128
wsnp_Ku_c4296_7807837,chr6A,520757834,0.971723660618203,0.373796423658872,1454,0.991360108725384,-0.00112659631079381
wsnp_JD_c10969_11530496,chr6A,520918877,0.347625097378119,0.447042640990371,1454,0.805050520402538,-0.0276640334797769
wsnp_JD_c3839_4902725,chr6A,520965138,0.560488437022977,0.185694635488308,1454,0.871816081179226,-0.0278938599114831
RAC875_c7560_398,chr6A,522646901,0.650838041769007,0.188445667125172,1454,0.914173942611952,-0.0235551764921844
wsnp_Ex_c8741_14630167,chr6A,522657633,0.139204897047946,0.265474552957359,1454,0.665248435856463,-0.0651140196960576
wsnp_JD_rep_c48797_33040150,chr6A,522657674,0.980505541543663,0.195667125171939,1454,0.993905301888024,0.0012861500736534
BS00063215_51,chr6A,524104335,0.000289872108844235,0.149243466299862,1454,0.0222697398403375,0.0887905256260091
IAAV5035|wsnp_CAP12_c1226_628910,chr6A,524873532,0.0075251752886578,0.245529573590096,1454,0.241763358819242,-0.120834780930672
BS00065633_51,chr6A,526232270,0.233738976618817,0.431568088033012,1454,0.744329984277875,-0.0417007293350977
BS00074754_51,chr6A,528369319,0.000497634709665084,0.324621733149931,1454,0.0351728212791281,0.0654775665481132
BS00037223_51,chr6A,528565875,0.41311389178999,0.323933975240715,1454,0.834290930948841,-0.0400433943516205
Ku_c18430_1287,chr6A,529666950,0.440685989545601,0.300206327372765,1454,0.84261843687899,-0.0354343435251181
RAC875_c691_1486,chr6A,530666612,0.683432549733353,0.342503438789546,1454,0.927036123339021,-0.0140248121730622
BS00010780_51,chr6A,530669193,0.272186350836298,0.360729023383769,1454,0.769525251084382,-0.0381825221520131
Kukri_c19612_514,chr6A,530784353,0.835924476071752,0.349381017881706,1454,0.953754158773697,-0.0068140695645198
BS00028263_51,chr6A,532025818,0.689913542960107,0.299862448418157,1454,0.927638536017063,0.0175134628043452
BS00087447_51,chr6A,532779860,0.812257375076816,0.322558459422283,1454,0.948897562783932,-0.00748820320583832
wsnp_BE490147A_Ta_2_1,chr6A,539626421,0.338800760425937,0.15646492434663,1454,0.800069563470197,-0.0284165746471299
CAP8_rep_c9395_153,chr6A,540211451,0.200126036703693,0.150275103163686,1454,0.726606406910838,-0.0379668298811708
wsnp_Ex_rep_c86110_78630016,chr6A,546248727,0.988768777651811,0.13273727647868,1454,0.995529589806695,-0.000430117603110958
BS00072216_51,chr6A,549119737,0.611797920292152,0.105570839064649,1454,0.900872437630194,-0.0192387526200264
Kukri_c19802_710,chr6A,552338674,0.526016579815316,0.226960110041265,1454,0.857968261110831,-0.0269214809455463
wsnp_RFL_Contig3136_3092151,chr6A,561390593,0.741009495275892,0.168156808803301,1454,0.934343647015017,0.0102312559835269
wsnp_BE495143A_Ta_2_2,chr6A,578284241,0.964243020830983,0.277854195323246,1454,0.989441009180225,-0.00103244693332627
BS00062781_51,chr6A,578284926,0.699518941974715,0.263411279229711,1454,0.930162345495243,0.00875413413694304
Excalibur_c10372_1256,chr6A,583458047,0.883605877218389,0.156121045392022,1454,0.966768783309532,0.00403496415981941
Tdurum_contig29357_338,chr6A,592907982,0.741869913277911,0.257565337001376,1454,0.934343647015017,-0.00790451964757821
wsnp_Ex_c20457_29526403,chr6A,594560074,0.275520876764026,0.263755158184319,1454,0.770849127085204,-0.0250467800432546
wsnp_Ex_c20457_29526260,chr6A,594560217,0.481852189127134,0.143741403026135,1454,0.849280944434318,0.0176424398340149
RFL_Contig1715_631,chr6A,595459929,0.243657943550966,0.299518569463549,1454,0.755339625007993,-0.0255142039858214
RFL_Contig6053_3082,chr6A,596082476,0.0468729228680925,0.0708390646492435,1454,0.472612252569,-0.0996398467411161
Tdurum_contig46670_1680,chr6A,597608897,0.27383379214758,0.0701513067400275,1454,0.770849127085204,-0.0522713678557807
RAC875_c1998_2067,chr6A,597610510,0.210635952854516,0.135144429160935,1454,0.729220102785665,-0.0346012237078668
Tdurum_contig33799_172,chr6A,599763478,0.510040307161874,0.3792984869326,1454,0.854411945118847,-0.0122906168849966
wsnp_Ra_c11651_18855691,chr6A,602037120,0.0100027042950855,0.191196698762036,1454,0.267799674082061,-0.071099866910469
RAC875_c15525_271,chr6A,603916407,0.764140641019003,0.215268225584594,1454,0.94354571933868,0.0085820984446201
Excalibur_c25390_2483,chr6A,604252528,0.435400145370495,0.422627235213205,1454,0.84261843687899,0.013579100436063
RAC875_c38488_164,chr6A,604394245,0.0574861334401478,0.0694635488308116,1454,0.505363173078314,-0.0692175603145255
Tdurum_contig30953_142,chr6A,604395580,0.17692948903795,0.118294360385144,1454,0.706772838580336,-0.0494357273790449
Excalibur_c79991_552,chr6A,606064043,0.336475470926779,0.484525447042641,1454,0.798146202692349,-0.0160918270241677
D_GDEEGVY02GMZ4L_337,chr6A,606943130,0.0288309016449282,0.491059147180193,1454,0.404758116584727,0.0444352716676626
RFL_Contig5262_1500,chr6A,608640995,0.180309383841415,0.308803301237964,1454,0.712766624715393,-0.0275162690495527
BS00034337_51,chr6A,609188436,0.161309077526314,0.263755158184319,1454,0.698610637227933,-0.0259775132033013
BobWhite_c10832_1131,chr6A,609602209,0.1379452622722,0.293672627235213,1454,0.665248435856463,-0.0378072132306713
Tdurum_contig83087_104,chr6A,610598464,0.398883917268602,0.141678129298487,1454,0.824243775465329,-0.027240251769129
Kukri_rep_c70558_246,chr6A,614102014,0.0474834471175129,0.427785419532325,1454,0.472612252569,-0.0389107493141694
tplb0050d17_1401,chr6A,614416275,0.261605665799382,0.0553645116918845,1454,0.762097117625954,-0.0386770623693575
BobWhite_c27364_124,chr6A,614732976,0.0900154342229307,0.318775790921596,1454,0.585584015162861,0.0521984698621623
Kukri_c494_1479,chr6A,616792479,0.000346874304971793,0.315337001375516,1454,0.0255386207035482,-0.066996924206226
Excalibur_c5082_158,chr6A,619345299,0.252551529211278,0.351788170563961,1454,0.756067101427406,0.0200762779768233
IAAV1761,chr6B,4340062,0.459925738689173,0.0825309491059147,1454,0.84274184720713,-0.0207621236980398
Tdurum_contig61178_618,chr6B,4557815,0.745490324225285,0.25,1454,0.936089089585686,-0.0109616292162116
RFL_Contig2424_2617,chr6B,5579542,0.503941254233161,0.15474552957359,1454,0.854411945118847,-0.0154660431389289
Kukri_c21405_2131,chr6B,5581925,0.288499569974988,0.0890646492434663,1454,0.778582484743134,0.0297962324529841
Ex_c16090_1439,chr6B,7226097,0.078032933454604,0.107290233837689,1454,0.562792626180756,0.0502789951502365
Tdurum_contig32779_217,chr6B,9654099,0.382805950550633,0.0677441540577717,1454,0.819040550623716,0.0319957944401317
RFL_Contig3110_2172,chr6B,17158086,0.288308409429192,0.364167812929849,1454,0.778582484743134,0.030837459842374
Excalibur_c50559_622,chr6B,17275679,0.755254505061027,0.200481430536451,1454,0.939813176368194,0.00980018242249159
wsnp_Ex_c702_1383612,chr6B,21203244,0.642067983706878,0.363823933975241,1454,0.912687772795954,0.0106376556789272
Kukri_rep_c104879_103,chr6B,40166798,0.89807873264898,0.0526134800550206,1454,0.97191046283237,-0.0046999049994092
Tdurum_contig9612_971,chr6B,40407602,0.7416701445227,0.388927097661623,1454,0.934343647015017,-0.00665131013134612
RAC875_c92963_773,chr6B,41395152,0.0415944308050764,0.134456671251719,1454,0.462247542343208,-0.0735096511493154
Excalibur_rep_c76289_85,chr6B,41657316,6.75554348380695e-05,0.107977991746905,1454,0.00628265543994046,0.108488496233643
RAC875_c26450_575,chr6B,41657660,0.188976509384435,0.143053645116919,1454,0.723173506818241,0.0441056820783228
BS00100307_51,chr6B,41872065,0.735825123862205,0.272008253094911,1454,0.932045156892126,-0.00729552823021251
BS00090070_51,chr6B,41931523,0.881746916653059,0.105226960110041,1454,0.966768783309532,-0.00486920975632188
Kukri_c35255_1234,chr6B,41947726,0.369069388250802,0.206671251719395,1454,0.811696470153656,-0.0176516048768853
Tdurum_contig43092_876,chr6B,41948125,0.419892868431766,0.206327372764787,1454,0.834290930948841,-0.0189045083138453
Kukri_rep_c103613_253,chr6B,41949545,0.502762903830338,0.0907840440165062,1454,0.854411945118847,-0.0186890080675504
Kukri_c61725_362,chr6B,42487282,0.117959408376302,0.13273727647868,1454,0.639124518071265,-0.0384950783177747
RAC875_c13920_836,chr6B,42779478,0.248631394069385,0.294016506189821,1454,0.756067101427406,-0.0248050089972693
IACX6023,chr6B,43274391,0.270415268781618,0.189477303988996,1454,0.768358858402266,-0.0375669300182579
Tdurum_contig61150_752,chr6B,61999322,0.396813349527206,0.0797799174690509,1454,0.824243775465329,-0.0310841289438231
Tdurum_contig58200_210,chr6B,91788342,0.186572818573663,0.490715268225585,1454,0.721387681443463,-0.0255580567240017
Tdurum_contig13901_55,chr6B,91911452,0.493219457454841,0.323590096286107,1454,0.851746130906326,0.0127399902911378
wsnp_Ex_c7907_13427724,chr6B,121827975,0.310761438465115,0.226616231086657,1454,0.787941735906161,-0.0328633642072305
wsnp_Ex_c12577_20022294,chr6B,134856731,0.220771592572415,0.144085281980743,1454,0.731901320967086,-0.0341175224760182
Tdurum_contig41980_2722,chr6B,140447863,0.99910945654162,0.43363136176066,1454,0.999612022600736,2.22703309411543e-05
Tdurum_contig41980_1727,chr6B,140449098,0.928856905340036,0.432943603851444,1454,0.975796760841761,0.00170317933822162
Tdurum_contig41980_619,chr6B,140450206,0.9278866071428,0.392365887207703,1454,0.97555728929516,-0.00178146680193336
BS00003214_51,chr6B,146559912,0.315452133548591,0.259284731774415,1454,0.787941735906161,-0.02138061704321
Tdurum_contig6121_947,chr6B,159494753,0.151894275951244,0.0557083906464924,1454,0.687291726292164,-0.0598990305240985
CAP8_c1678_709,chr6B,163564152,0.494627951040234,0.33665749656121,1454,0.851746130906326,0.0137438546752957
BobWhite_c47659_100,chr6B,168506828,0.15219811403246,0.0715268225584594,1454,0.687291726292164,-0.0549116421916729
RAC875_c81264_124,chr6B,175045985,0.731277639524311,0.449793672627235,1454,0.930162345495243,-0.00676327557407319
BobWhite_c10140_297,chr6B,176030131,0.527101897539033,0.0849381017881706,1454,0.857968261110831,-0.0224897619591573
wsnp_Ra_c57648_59682822,chr6B,185173497,0.115972754718042,0.0873452544704264,1454,0.632481041934506,-0.052390633004789
wsnp_CAP8_c1530_885118,chr6B,189339270,0.684065048034044,0.38273727647868,1454,0.927036123339021,0.00804838022293985
Kukri_rep_c69660_52,chr6B,189876876,0.210883685638639,0.356602475928473,1454,0.729220102785665,0.0251213299026123
BS00058305_51,chr6B,206629051,0.947675932933868,0.0708390646492435,1454,0.981829703852628,0.00266341598103104
Ra_c17795_425,chr6B,206630635,0.556927191810064,0.381361760660248,1454,0.871816081179226,0.0116511953423064
BobWhite_c17750_568,chr6B,211707872,0.638306384308958,0.37585969738652,1454,0.911792547351599,0.00950138890901897
Kukri_c66543_712,chr6B,228095587,0.357812178417681,0.28232462173315,1454,0.809101306944761,0.0254160703876707
Excalibur_c28771_400,chr6B,232184408,0.872787922101919,0.107290233837689,1454,0.966751501503596,0.00405345333720142
BobWhite_c10852_309,chr6B,235052954,0.702875566880805,0.115199449793673,1454,0.930162345495243,0.00961852722038259
Kukri_c44940_117,chr6B,273623097,0.00341830351812049,0.0863136176066025,1454,0.147320544305339,-0.104824791190733
RAC875_c7110_2706,chr6B,277610928,0.130103521290632,0.0966299862448418,1454,0.660611845173986,-0.0519566081245397
D_GBB4FNX01BO9N8_336,chr6B,284509623,0.195979916851853,0.102132049518569,1454,0.725475655312205,-0.0419882061745795
BS00026203_51,chr6B,305885219,0.395380875825546,0.115543328748281,1454,0.824243775465329,0.0220269214782061
wsnp_Ex_c16446_24946990,chr6B,318373853,0.260190119690247,0.0708390646492435,1454,0.762097117625954,-0.0424625103106679
Excalibur_c7823_397,chr6B,323148501,0.0316867490050376,0.093191196698762,1454,0.422726794283911,-0.0749568602745949
Ku_c47744_1073,chr6B,425174896,0.676102850522881,0.205295735900963,1454,0.923954939577672,0.0116845530473313
BobWhite_c11301_226,chr6B,447219599,0.0102546021419304,0.324621733149931,1454,0.270445999773,-0.0536400541358724
Ex_c1145_552,chr6B,456101999,0.926661546398518,0.339064649243466,1454,0.97555728929516,-0.00277428456806916
RAC875_c64560_111,chr6B,456103535,0.219335645859466,0.251031636863824,1454,0.731901320967086,0.0394245218371978
BS00067073_51,chr6B,459086682,0.500666077599252,0.0698074277854195,1454,0.854411945118847,-0.0249332193258205
BS00073906_51,chr6B,472040473,0.501635111539148,0.0852819807427785,1454,0.854411945118847,-0.0240693076941909
RAC875_c6431_1012,chr6B,487244663,0.798018869457616,0.0753094910591472,1454,0.948897562783932,-0.00973683824682148
wsnp_BE591931B_Ta_2_2,chr6B,529149473,0.328843439986738,0.127235213204952,1454,0.794567749058482,-0.0297090134638935
wsnp_JD_c34368_25929293,chr6B,553778886,2.77489170546777e-54,0.282668500687758,1454,4.90323364356154e-51,0.317004528056845
Tdurum_contig44173_792,chr6B,560781552,0.0283195096804784,0.0677441540577717,1454,0.403553012946818,-0.0852102354509867
RFL_Contig4251_851,chr6B,602793525,0.151016503103952,0.0890646492434663,1454,0.687291726292164,0.0490274648446345
RAC875_c13216_111,chr6B,630446803,0.138492885275165,0.384456671251719,1454,0.665248435856463,-0.0372957835021026
Tdurum_contig76997_244,chr6B,630755690,0.877618056936312,0.38273727647868,1454,0.966768783309532,0.00311617124702046
Tdurum_contig76997_462,chr6B,630755908,0.678119708645383,0.394429160935351,1454,0.924523464937744,-0.00837938456096943
BS00023050_51|Tdurum_contig76997_664,chr6B,630756109,0.392438467345888,0.37757909215956,1454,0.824243775465329,-0.0178064475791917
BS00022599_51,chr6B,632282933,0.458266167425415,0.197386519944979,1454,0.84261843687899,-0.0178418240218026
Kukri_rep_c68504_1403,chr6B,635965377,0.21888169909769,0.134800550206327,1454,0.731901320967086,-0.0337189795002661
BobWhite_rep_c53133_385,chr6B,647372358,0.636013177532945,0.24484181568088,1454,0.910671445101788,-0.010779256682909
CAP7_rep_c12929_169,chr6B,650812725,0.640226218683933,0.396836313617607,1454,0.912322361624604,0.00921918563365054
Tdurum_contig53779_1074,chr6B,652161389,0.776783547668314,0.43191196698762,1454,0.945144463869898,0.00596101244034841
wsnp_BE637911B_Ta_2_2,chr6B,652162564,0.874836248389502,0.397524071526823,1454,0.966751501503596,0.00289832060857265
wsnp_BE637911B_Ta_2_1,chr6B,652162812,0.816478472832299,0.451856946354883,1454,0.949724128240619,-0.00447734110731801
BS00063217_51,chr6B,652871833,0.208482992814825,0.459078404401651,1454,0.726606406910838,-0.0267515564453369
BS00068506_51,chr6B,652977737,0.485816860983358,0.412998624484182,1454,0.849280944434318,0.0148530395562183
GENE-4093_178,chr6B,653046902,0.436260616250746,0.127922971114168,1454,0.84261843687899,-0.0201091215872315
Tdurum_contig17421_310,chr6B,667436427,0.161948238935261,0.279229711141678,1454,0.699014822521882,0.0285945327613319
Excalibur_rep_c110824_66,chr6B,667437484,0.214444887632143,0.475928473177442,1454,0.731901320967086,-0.0266592737813625
BS00023080_51,chr6B,667547478,0.718953649010319,0.341127922971114,1454,0.930162345495243,0.00762138902403819
BS00109717_51,chr6B,667550423,0.15767522163436,0.425034387895461,1454,0.698275981523593,0.0278964312423078
Kukri_c16404_100,chr6B,668281604,0.282016838540859,0.294360385144429,1454,0.776071353672888,0.0194415418568941
BS00041633_51,chr6B,669292378,0.0135874260539612,0.43878954607978,1454,0.300112272966869,0.0484272092349123
Kukri_c85856_60,chr6B,680423612,0.615832176579439,0.236932599724897,1454,0.903050170967525,-0.0150086957543394
Kukri_c20590_210,chr6B,685151594,0.682383464850294,0.0835625859697386,1454,0.926803675934258,-0.0139309502286977
BobWhite_c27559_270,chr6B,685244445,0.80392818653394,0.0907840440165062,1454,0.948897562783932,-0.00791771717285705
BS00046264_51,chr6B,687410691,0.524203456276334,0.285419532324622,1454,0.857968261110831,0.0132974547497344
BS00046263_51,chr6B,687410926,0.779954851068977,0.392022008253095,1454,0.945144463869898,-0.00575407882277901
BS00085688_51,chr6B,687621646,0.943352374750851,0.321870701513067,1454,0.981339095465207,0.00149266409862392
IAAV3657,chr6B,688071134,0.782462169438753,0.24484181568088,1454,0.945144463869898,0.00581281164841485
Kukri_rep_c101126_469,chr6B,688275278,0.417906336417406,0.41334250343879,1454,0.834290930948841,-0.0152865465401959
tplb0046e21_618,chr6B,690415049,0.444273395819808,0.109009628610729,1454,0.84261843687899,-0.0274340229127041
Tdurum_contig7986_704,chr6B,690415134,0.504447724788484,0.122077028885832,1454,0.854411945118847,-0.0207087296554196
RAC875_c5413_1266,chr6B,692702675,0.562500891267297,0.259972489683631,1454,0.872183685244342,0.0125345205479892
wsnp_Ex_c54772_57527555,chr6B,692783381,0.711278582897983,0.490027510316369,1454,0.930162345495243,-0.00705012210348599
wsnp_Ex_c54772_57528275,chr6B,692784320,0.671900697861716,0.475928473177442,1454,0.922467643258969,-0.00861809809045866
wsnp_Ex_c293_568575,chr6B,693010696,0.630633002064829,0.0722145804676754,1454,0.910671445101788,-0.0212772659005136
wsnp_Ex_c293_568283,chr6B,693010988,0.080754182506678,0.263411279229711,1454,0.570554676946286,-0.0344029846964062
RAC875_c56205_127,chr6B,694908864,0.600614154669147,0.344222833562586,1454,0.895767956550777,0.0123913334148504
IAAV1771,chr6B,694909003,0.819153085071109,0.406121045392022,1454,0.949900297392954,0.00406667710155872
RAC875_c45987_106,chr6B,694916868,0.831844687192361,0.458046767537827,1454,0.953027640852645,-0.00424987339713212
RAC875_c1927_197,chr6B,703811130,0.260812771794735,0.225928473177442,1454,0.762097117625954,-0.0219936470996949
Excalibur_c10358_1800,chr6D,1151876,0.781218514155069,0.12585969738652,1454,0.945144463869898,0.0074316877847771
Excalibur_c52276_176,chr6D,1503859,0.314731965679153,0.427785419532325,1454,0.787941735906161,0.0275142450736112
Kukri_c55362_75,chr6D,1820453,0.202681585241252,0.444291609353508,1454,0.726606406910838,-0.0537057314563754
BS00022523_51,chr6D,5712193,0.55277462598407,0.158528198074278,1454,0.869131062116785,-0.0152157507022412
IACX9471,chr6D,5778807,0.147276488294959,0.149243466299862,1454,0.677701965669771,-0.0383649866758855
Ra_c42576_780,chr6D,5778906,0.205741159489839,0.161966987620358,1454,0.726606406910838,-0.0324163058866755
wsnp_BE445201D_Ta_1_1,chr6D,114460376,0.261662682413427,0.386176066024759,1454,0.762097117625954,0.0185824086005404
IACX179,chr6D,152594622,0.636830116608296,0.255845942228336,1454,0.910671445101788,0.0111674188606763
wsnp_Ex_c1035_1980908,chr6D,160807187,0.334591607467793,0.262723521320495,1454,0.79787229473089,0.0227931630076377
Ex_c39405_712,chr6D,169801520,0.155519410584276,0.267193947730399,1454,0.695703287347887,0.0335569812789913
Jagger_c211_207,chr6D,220780001,0.100452975598342,0.257909215955983,1454,0.608670681093698,0.0382130913601912
BS00021881_51,chr6D,433062115,0.753633275625666,0.15130674002751,1454,0.939813176368194,0.00828081533508751
BS00036102_51,chr6D,467428502,0.39983901993385,0.184662998624484,1454,0.824243775465329,-0.0256201764392969
RAC875_c17946_277,chr6D,467639548,0.651950889890744,0.0667125171939477,1454,0.914283509870591,0.0138549052539414
wsnp_Ex_c25390_34655262,chr6D,469342249,0.445732522531555,0.418844566712517,1454,0.84261843687899,0.0125798486112192
Kukri_rep_c70361_193,chr6D,469342501,0.958856408868903,0.164718019257221,1454,0.986778843605913,0.0017365838864194
wsnp_Ex_c25390_34654575,chr6D,469342936,0.246635128418775,0.21767537826685,1454,0.756067101427406,0.0346850389570648
CAP7_rep_c12716_77,chr6D,469721666,0.769750014160837,0.179160935350757,1454,0.94354571933868,0.00974740060189916
GENE-3976_443,chr6D,469722499,0.448272617935139,0.40130674002751,1454,0.84261843687899,-0.015082014767259
wsnp_Ra_c7200_12462543,chr6D,469731296,0.00184585991274239,0.298486932599725,1454,0.0988374080550245,-0.0519019879667607
IAAV1012,chr6D,470208435,0.845003337100507,0.40474552957359,1454,0.956994122094378,0.00373000194518625
Excalibur_c30035_368,chr6D,470208464,0.104822283236765,0.341127922971114,1454,0.613314485031008,0.0283727191893632
tplb0025h02_894,chr6D,470667422,0.797711975764012,0.168156808803301,1454,0.948897562783932,-0.00832049463779327
RAC875_c64099_90,chr6D,471528107,0.0309660994804516,0.142022008253095,1454,0.420900752168907,0.0682486222246013
RAC875_c48570_361,chr6D,471530500,0.301101794444011,0.192572214580468,1454,0.787888505892113,0.0295679332098224
BobWhite_c34996_280,chr6D,471655495,0.888422580323045,0.191884456671252,1454,0.969637244861532,0.00455761498044538
Excalibur_c22599_921,chr6D,471657156,0.845426046739855,0.169876203576341,1454,0.956994122094378,-0.00661241200185003
tplb0046a04_902,chr6D,471960938,0.782066931441353,0.211485557083906,1454,0.945144463869898,-0.00824973221021352
Excalibur_c83056_83,chr6D,472263729,0.292663602372696,0.150275103163686,1454,0.784232418955348,-0.0361594581624303
wsnp_Ex_c14691_22763609,chr6D,472304683,0.269422083380992,0.0653370013755158,1454,0.768358858402266,0.0344257213348031
GENE-3864_207,chr6D,472310433,0.911032581210376,0.0907840440165062,1454,0.972654083953408,-0.00420732953721981
IAAV3944,chr6D,472341415,0.551839611469191,0.093878954607978,1454,0.869131062116785,-0.0218991986146477
Excalibur_c43740_95,chr6D,472344152,0.967143204740817,0.0986932599724897,1454,0.990994376026226,0.00141483115478636
Excalibur_c4261_1098,chr6D,472401057,0.737229221939319,0.305364511691884,1454,0.933154752984797,0.00840146649401063
wsnp_JD_rep_c50999_34772439,chr6D,472660811,0.336949982833872,0.251375515818432,1454,0.798146202692349,-0.0197635080388849
Ku_c107983_831,chr6D,472871571,0.3110968977562,0.0907840440165062,1454,0.787941735906161,0.0402473641892946
RAC875_rep_c115101_171,chr6D,472871976,0.80382571227646,0.193259972489684,1454,0.948897562783932,-0.00544016155747329
BobWhite_c34798_184,chr6D,473158971,0.689415297891692,0.383768913342503,1454,0.927638536017063,-0.00700214130424115
RAC875_c24285_1049,chr6D,473425756,0.0258325193757303,0.242090784044017,1454,0.385832265369046,-0.04862164768657
Excalibur_c8134_1319,chr6D,473563887,0.894734127635488,0.426066024759285,1454,0.97191046283237,0.00316802414529604
Excalibur_c29102_933,chr6D,473565054,0.754460352160216,0.460110041265475,1454,0.939813176368194,0.00989260076711673
Ex_c31468_763,chr6D,473572658,0.76709246418581,0.0990371389270977,1454,0.94354571933868,0.0101921321225085
Ex_c31468_598,chr6D,473572823,0.975407396486724,0.495185694635488,1454,0.992825385709701,-0.001186468997318
CAP7_c2559_543,chr6D,474710482,0.104229567578143,0.0512379642365887,1454,0.613314485031008,0.0881903492551892
wsnp_Ex_c6942_11966469,chr6D,474714743,0.341359059906653,0.158528198074278,1454,0.800392867071165,0.0284183048542666
BobWhite_c13435_700,chr6D,474719776,0.63088407247788,0.0880330123796424,1454,0.910671445101788,0.0160691049769071
tplb0038e08_609,chr6D,475043287,0.576888888420727,0.452200825309491,1454,0.881164688253154,0.0244079041474095
Excalibur_c2991_320,chr6D,475822943,0.712290456005864,0.0873452544704264,1454,0.930162345495243,-0.0127024017361528
Excalibur_c63506_512,chr6D,475826293,0.330507807333324,0.0904401650618982,1454,0.794567749058482,-0.0343782783712463
wsnp_CAP7_c1735_859744,chr6D,476519223,0.915573542206562,0.0835625859697386,1454,0.972831298303665,0.00384437460749609
wsnp_CAP7_c1735_859875,chr6D,476519355,0.414724173973006,0.283356258596974,1454,0.834290930948841,0.0214898770947336
Kukri_rep_c107605_164,chr6D,476520297,0.368536731075362,0.062242090784044,1454,0.811696470153656,0.0343231100610382
Excalibur_c16566_485,chr6D,476889546,0.610293246098774,0.102475928473177,1454,0.899484521715363,-0.0176442806621466
BS00022206_51,chr6D,476890714,0.515152446429464,0.104883081155433,1454,0.855521027106074,-0.0222845009273769
BS00105877_51,chr6D,479165444,0.809054393415755,0.0674002751031637,1454,0.948897562783932,0.0097197301535985
RAC875_c14354_934,chr6D,482228853,0.812189928354438,0.348005502063274,1454,0.948897562783932,-0.00439023376458714
Excalibur_c15309_646,chr6D,482230102,0.41760806070318,0.169188445667125,1454,0.834290930948841,-0.0201204561845643
Ex_c12134_939,chr6D,482716332,0.448155495288978,0.0904401650618982,1454,0.84261843687899,-0.0287982435762331
BS00070856_51,chr6D,483739858,0.205976170229784,0.0735900962861073,1454,0.726606406910838,0.0477089662183658
RFL_Contig2615_982,chr6D,483805184,0.189456810112551,0.0759972489683631,1454,0.723173506818241,0.0451388608083825
BS00061126_51,chr6D,483982851,0.27972069550461,0.0680880330123796,1454,0.773537748458787,0.0427102641030039
BS00095826_51,chr7A,1706781,0.87409626744158,0.205639614855571,1454,0.966751501503596,-0.00406213321865678
Kukri_c38338_485,chr7A,13723399,0.376738669947969,0.093191196698762,1454,0.818083744822873,-0.0247824058769961
Kukri_c36885_58,chr7A,13787485,0.0745555256521693,0.093878954607978,1454,0.554664024434798,-0.049863741700463
RAC875_rep_c114991_493,chr7A,17135188,0.0472629946964922,0.354883081155433,1454,0.472612252569,-0.0413465664253643
wsnp_Ra_c63822_63288359,chr7A,25057395,0.459543552664389,0.209422283356259,1454,0.84274184720713,-0.0190324177665957
RAC875_c63822_185,chr7A,25058429,0.828896429502111,0.271320495185695,1454,0.95278776807322,0.00446784750800688
IAAV6131,chr7A,25983207,0.997805692837146,0.288170563961486,1454,0.998936350846026,-5.99243317473963e-05
Tdurum_contig85217_286,chr7A,30068113,0.221335227690369,0.0704951856946355,1454,0.732395781514762,-0.0451709402081937
Tdurum_contig67992_238,chr7A,63155684,0.874480878824205,0.227647867950481,1454,0.966751501503596,-0.00394942259639564
Tdurum_contig28195_198,chr7A,63715214,0.914183749806469,0.229023383768913,1454,0.972654083953408,0.0027780280256593
BS00111112_51,chr7A,67932872,0.366388873187176,0.0605226960110041,1454,0.811696470153656,-0.0348550000693457
Ex_c4463_146,chr7A,82484003,0.04312911093156,0.0505502063273728,1454,0.463411082425422,-0.0780126541177424
BS00074230_51,chr7A,83230747,0.0984790420597014,0.0546767537826685,1454,0.60420995597046,-0.062731594542651
Tdurum_contig63598_188,chr7A,116164416,0.00471323390206953,0.408528198074278,1454,0.190325558384201,-0.0582652799720407
wsnp_Ex_c40247_47349166,chr7A,116518294,0.0262025307551135,0.12757909215956,1454,0.385832265369046,-0.083918823356969
RAC875_rep_c111778_387,chr7A,116520582,0.784740463119572,0.367950481430536,1454,0.946509486916235,0.00476642522350978
RAC875_rep_c76772_850,chr7A,117353100,0.25211625877955,0.183975240715268,1454,0.756067101427406,0.0308200607526601
Tdurum_contig61653_948,chr7A,117827314,0.512066921268171,0.0708390646492435,1454,0.854411945118847,-0.0235925355900548
BS00021769_51,chr7A,118856384,0.230564972981982,0.108665749656121,1454,0.744329984277875,-0.033504733349675
Tdurum_contig13080_153,chr7A,149047446,1.59664236461022e-08,0.40646492434663,1454,4.70211176377711e-06,-0.114916865487114
Tdurum_contig4676_3592,chr7A,158008204,0.350482216601817,0.386176066024759,1454,0.807658257752472,-0.0327633431252305
BS00092805_51,chr7A,160452438,0.249468096663008,0.425722145804677,1454,0.756067101427406,-0.0303451069523977
Kukri_s118416_65,chr7A,167980070,0.0881667431164323,0.215268225584594,1454,0.583930962175968,-0.066095295844157
BS00051338_51,chr7A,169518996,0.560068127044751,0.131361760660248,1454,0.871816081179226,-0.0145525128176165
BobWhite_c3670_517,chr7A,172407805,0.389243413779757,0.330811554332875,1454,0.823964359437497,-0.0280011419848751
Kukri_c24337_416,chr7A,202681037,0.0278621813494436,0.0814993122420908,1454,0.400264019873714,-0.100146816043453
Excalibur_rep_c81365_214|wsnp_JD_c6050_7214383,chr7A,246132388,0.673448364348653,0.0660247592847318,1454,0.922467643258969,0.0242261138114994
BS00067759_51,chr7A,247501601,0.882681615408475,0.140990371389271,1454,0.966768783309532,-0.00519455268461932
Tdurum_contig11862_341,chr7A,259647856,0.214433335246739,0.137207702888583,1454,0.731901320967086,-0.0428720020737305
Ra_c8425_1331,chr7A,261044837,0.696816576284884,0.119325997248968,1454,0.930162345495243,0.0142200300290618
Excalibur_c48973_1688,chr7A,280935326,0.983780629882373,0.0694635488308116,1454,0.993905301888024,0.000690919489263919
Tdurum_contig76441_240,chr7A,285225672,0.951460867227463,0.135488308115543,1454,0.983176229468379,-0.00207454472347735
RAC875_c37071_73,chr7A,296344858,0.329959211643088,0.135144429160935,1454,0.794567749058482,-0.0336259466352509
Tdurum_contig28843_80,chr7A,296345296,0.368829878011338,0.131361760660248,1454,0.811696470153656,-0.0327032493731316
Excalibur_c26782_423,chr7A,432819293,0.296799707018114,0.400962861072902,1454,0.784388665056215,0.0365253381233828
Excalibur_rep_c68850_592,chr7A,505791672,0.456568663711341,0.122077028885832,1454,0.84261843687899,0.0269687935502372
wsnp_Ex_c558_1105911,chr7A,515632441,0.634883669172257,0.114167812929849,1454,0.910671445101788,0.0170948429386168
BS00015354_51|Kukri_c64283_212,chr7A,541306840,0.208000922681914,0.115887207702889,1454,0.726606406910838,0.0447679972150858
BS00065462_51,chr7A,542734798,0.600202024421818,0.116231086657497,1454,0.895767956550777,0.0192940368628314
BobWhite_c66165_77,chr7A,543557005,0.988664833565222,0.0701513067400275,1454,0.995529589806695,-0.000829371407249369
Excalibur_c12916_123,chr7A,574041546,0.992466774514081,0.445323246217331,1454,0.99608456651803,0.000174689583751331
IAAV8081,chr7A,576110262,0.708269921371109,0.317056396148556,1454,0.930162345495243,0.00824632571762507
RAC875_c4732_1672|wsnp_Ku_c4591_8286583,chr7A,576512294,0.58887229229879,0.340440165061898,1454,0.888588676765125,0.00890399228461725
RAC875_c21280_2176,chr7A,585401984,0.835089196059573,0.175034387895461,1454,0.953754158773697,0.00502198931747522
wsnp_Ra_c21280_30656003,chr7A,585402124,0.507386730986189,0.166781292984869,1454,0.854411945118847,0.0205629236658584
Ra_c1227_2718,chr7A,585467638,0.490143087038585,0.198074277854195,1454,0.849280944434318,0.0190222054298168
Kukri_c47141_79,chr7A,587249974,0.212303965957685,0.0508940852819807,1454,0.731901320967086,0.043863440577117
GENE-4270_242,chr7A,592585602,0.603119151606666,0.170907840440165,1454,0.897819326780942,-0.014472290296375
wsnp_Ra_c40910_48252997,chr7A,597726092,0.236641949559761,0.205295735900963,1454,0.744329984277875,0.0319622920273659
wsnp_RFL_Contig1510_707132,chr7A,598682800,0.646505301260953,0.308115543328748,1454,0.913149944732761,0.00774007577042113
Ex_c7397_545,chr7A,598683110,0.64855867608354,0.427441540577717,1454,0.913149944732761,0.0115187162570578
Ex_c7397_535,chr7A,598683120,0.495888950076997,0.387895460797799,1454,0.852369430725733,0.016937947506289
Excalibur_rep_c79404_164,chr7A,598683580,0.981678709126724,0.196011004126547,1454,0.993905301888024,0.000635481749897693
wsnp_Ex_c1482_2834254,chr7A,599333457,0.950152668452191,0.415405777166437,1454,0.983176229468379,-0.00246390018489251
wsnp_Ex_c1482_2835474,chr7A,599336465,0.59244217947914,0.400962861072902,1454,0.890932196714588,0.00972074785595112
wsnp_Ex_c6059_10615895,chr7A,599364299,0.414543151226321,0.1939477303989,1454,0.834290930948841,0.0227494626471767
wsnp_Ra_c16813_25556454,chr7A,600982250,0.537157525615974,0.198762035763411,1454,0.860704224416038,0.0166875039826415
TA005578-0927,chr7A,604620635,0.672564525515881,0.207702888583219,1454,0.922467643258969,0.0110668263306337
BS00035807_51,chr7A,604756468,0.334451333049529,0.203232462173315,1454,0.79787229473089,0.0266012782113449
BS00059928_51,chr7A,605590060,0.904402766137926,0.197730398899587,1454,0.972567531605772,0.0033385546285043
BS00075525_51,chr7A,606081784,0.252909938016466,0.216299862448418,1454,0.756067101427406,0.0292983323224032
wsnp_Ex_c8614_14453388,chr7A,608297993,0.907379834536923,0.256189821182944,1454,0.972567531605772,0.00252643868314628
wsnp_Ex_rep_c68405_67220388,chr7A,610070466,0.80890550504645,0.288170563961486,1454,0.948897562783932,0.00419348878728165
Ra_c72413_1987,chr7A,610070856,0.777995408426777,0.148555708390646,1454,0.945144463869898,-0.00611556095660593
wsnp_Ex_c38981_46383475,chr7A,610715364,0.460241020121608,0.205295735900963,1454,0.84274184720713,0.0199730890910139
wsnp_Ex_c19582_28564743,chr7A,611247295,0.485001906034302,0.0691196698762036,1454,0.849280944434318,-0.0260645476065573
wsnp_Ex_c19005_27918129,chr7A,611514975,0.632087234420716,0.211141678129298,1454,0.910671445101788,0.0117322911662985
BS00044260_51,chr7A,611515954,0.581651674956245,0.0708390646492435,1454,0.882971228219661,-0.0196305142217206
Ku_c5901_1487,chr7A,611909139,0.248983802929792,0.125171939477304,1454,0.756067101427406,-0.0268451788990554
RAC875_c13696_226,chr7A,613241025,0.911686464566103,0.116231086657497,1454,0.972654083953408,0.00318134942383441
BS00092631_51,chr7A,613484154,0.25468861491556,0.114167812929849,1454,0.75640732904506,-0.029858257365051
Kukri_c6676_172,chr7A,613488811,0.312874734743524,0.0794360385144429,1454,0.787941735906161,-0.0324468494573793
Kukri_c16922_106,chr7A,615341146,0.94673990701949,0.227303988995873,1454,0.981742614849436,0.0017364044093533
CAP7_c1522_255,chr7A,619318726,0.72195066172791,0.270976616231087,1454,0.930162345495243,0.00767773341433475
wsnp_CAP11_c827_513472,chr7A,619598078,0.914856303073324,0.227303988995873,1454,0.972654083953408,-0.00267043957019197
Ku_c2990_1997,chr7A,623951492,0.918292350825828,0.125515818431912,1454,0.974431016018164,-0.00286383813382329
CAP8_c3496_118,chr7A,628258831,0.04131317259276,0.280949105914718,1454,0.462247542343208,-0.0455365829485572
wsnp_Ex_c15341_23592177,chr7A,637162608,0.721945064291126,0.182599724896836,1454,0.930162345495243,-0.0104523175028071
wsnp_Ex_c15341_23592075,chr7A,637162710,0.00478880577677483,0.13101788170564,1454,0.190325558384201,-0.0845305210130469
wsnp_JD_c5102_6225151,chr7A,645455423,0.543754343349087,0.402682255845942,1454,0.865485207046127,0.0117587967479942
RAC875_c35723_106,chr7A,659821504,0.12712838635605,0.191884456671252,1454,0.65491503991586,-0.0399003774302571
RAC875_c43295_135,chr7A,663534731,0.658261862896773,0.184662998624484,1454,0.916586849281795,-0.0108626016002118
Excalibur_c14451_389,chr7A,673729628,0.0388674290239786,0.234525447042641,1454,0.45483602069228,0.0492161944161928
tplb0045p11_893,chr7A,673763752,0.251687109896336,0.204607977991747,1454,0.756067101427406,0.0297179206860001
RAC875_c24411_889,chr7A,677625516,0.127625169285845,0.094222833562586,1454,0.655101751190871,-0.0402002116568401
wsnp_Ex_c9428_15641609,chr7A,677736623,0.0060845663963237,0.207359009628611,1454,0.206865453676665,0.0624650477860502
IAAV5268,chr7A,682233957,0.926345958058957,0.0746217331499312,1454,0.97555728929516,-0.0040688342483115
RAC875_rep_c119304_226,chr7A,692358395,0.167730454819163,0.0491746905089409,1454,0.704514581099634,-0.057657295940821
wsnp_Ku_c44760_51961180,chr7A,692637444,0.157554529358396,0.204951856946355,1454,0.698275981523593,0.0329005841384831
BS00065529_51,chr7A,692955614,0.251912220868434,0.18191196698762,1454,0.756067101427406,0.02572362148784
BobWhite_c19346_434,chr7A,696459217,0.449129422200643,0.368638239339752,1454,0.84261843687899,0.0153124182035143
Tdurum_contig43216_852,chr7A,705563849,0.12218661166092,0.211485557083906,1454,0.652277168594699,0.0439091452366043
Tdurum_contig61864_1352,chr7A,705594059,0.508103507805616,0.113480055020633,1454,0.854411945118847,-0.025403941042029
JD_c1314_1184,chr7A,711613052,0.605632404195286,0.291265474552957,1454,0.898043178175316,-0.0112293827957295
BS00081057_51,chr7A,712784880,0.421548944700185,0.299862448418157,1454,0.834290930948841,0.0179011447689277
Kukri_c28968_130,chr7A,720270650,0.774601414226487,0.102132049518569,1454,0.945144463869898,-0.00881163895495618
wsnp_Ra_c7112_12318340,chr7A,720981510,0.0304684438569951,0.421939477303989,1454,0.417346823994654,-0.048460324374755
Tdurum_contig12454_585,chr7A,723972206,0.725780721823876,0.0557083906464924,1454,0.930162345495243,-0.0193215547837582
Tdurum_contig59633_56,chr7A,723980490,0.19399221405311,0.202200825309491,1454,0.723173506818241,0.0277167458438896
BS00010677_51,chr7A,723986356,0.820845272016018,0.109009628610729,1454,0.949900297392954,-0.00733809010418618
RAC875_c90330_82,chr7A,725491311,0.052454280037437,0.463204951856946,1454,0.487824804348164,0.0903177256961953
RFL_Contig2814_385,chr7A,737730734,0.0867167850156952,0.0543328748280605,1454,0.583326201027077,-0.0757823922813561
Tdurum_contig45618_1089,chr7A,737884396,0.865509760073589,0.0529573590096286,1454,0.964693336261001,0.00599548297835106
RAC875_c18550_228,chr7A,737885505,0.125566645033598,0.252407152682256,1454,0.653949218470889,0.0420024125876353
Tdurum_contig28435_107,chr7A,738022186,0.695720216316366,0.144773039889959,1454,0.930162345495243,-0.0150188449574955
Excalibur_c8486_419,chr7B,16481,0.0346437854056916,0.121045392022008,1454,0.437191569840752,0.0534017304992425
GENE-2935_114,chr7B,2281105,0.0923509116974447,0.0907840440165062,1454,0.585584015162861,-0.0481897323458345
RFL_Contig6075_1128,chr7B,2885702,0.694307366112092,0.36898211829436,1454,0.930162345495243,0.0117851672193794
RAC875_rep_c78258_214,chr7B,3383560,0.893070264500683,0.118638239339752,1454,0.971708840746741,0.00478871667536751
Tdurum_contig25857_274,chr7B,3822839,0.967350166303241,0.37585969738652,1454,0.990994376026226,0.000904366304524729
Kukri_c41117_824,chr7B,3832150,0.818182159743551,0.0808115543328748,1454,0.949900297392954,0.00825180012713567
Tdurum_contig98005_272,chr7B,4662572,0.0606039192690771,0.333218707015131,1454,0.522376221211996,0.0409326999071986
Tdurum_contig85266_280,chr7B,5558560,0.352253316945256,0.37242090784044,1454,0.807658257752472,0.020784247438602
Ra_c39042_935,chr7B,12171340,0.758193310029018,0.409559834938102,1454,0.940819928947525,0.0059821730662506
BS00021952_51,chr7B,43286870,0.496642732176743,0.256533700137552,1454,0.852473117657147,-0.0144599784023676
GENE-4376_439,chr7B,43290208,0.570998487439811,0.251375515818432,1454,0.879878994584922,-0.0125172915994245
RAC875_c30123_913,chr7B,79041916,0.00984281676691262,0.333906464924347,1454,0.267573188109763,0.0476153267915649
Excalibur_c32859_652,chr7B,87150682,0.235307695574603,0.396492434662999,1454,0.744329984277875,0.0224693497476736
GENE-4507_56,chr7B,130466305,0.762071801879863,0.22283356258597,1454,0.943204745430832,0.00800856211481715
GENE-4507_113,chr7B,130466358,0.319431596779523,0.0698074277854195,1454,0.787941735906161,0.0352145822771899
wsnp_Ex_rep_c66351_64532511,chr7B,130480340,0.703187725241576,0.258596973865199,1454,0.930162345495243,-0.00979531427754665
wsnp_Ra_c31052_40235870,chr7B,130634075,0.615171764882522,0.16334250343879,1454,0.902877378099636,-0.0163090825288705
wsnp_Ex_rep_c69954_68913284,chr7B,130634178,0.597850229552174,0.207015130674003,1454,0.895767956550777,0.0143209271637872
wsnp_Ex_c27666_36847022,chr7B,130636566,0.197021739420444,0.153370013755158,1454,0.725475655312205,0.0308796518590633
Tdurum_contig50984_599,chr7B,429421995,0.967849076505926,0.430536451169188,1454,0.990994376026226,0.00104079292795234
Tdurum_contig54532_206,chr7B,440575969,0.247680435131183,0.131705639614856,1454,0.756067101427406,-0.0402010246884892
wsnp_Ex_c65605_63952614,chr7B,454540269,0.128488704799344,0.21595598349381,1454,0.655101751190871,0.0387250361390645
Tdurum_contig48695_527,chr7B,460005311,0.881631109891818,0.0993810178817056,1454,0.966768783309532,0.0039608630654433
wsnp_Ku_c19037_28455905,chr7B,460023036,0.292696522878851,0.3060522696011,1454,0.784232418955348,0.0257052893461243
Tdurum_contig81318_116,chr7B,470087643,0.0174059017263875,0.232118294360385,1454,0.331278015167143,0.0617559888675832
Excalibur_c17078_400,chr7B,470612372,0.101119206123871,0.232806052269601,1454,0.609821287443277,0.0427696016579091
RFL_Contig3306_194,chr7B,486378939,0.67076459989001,0.12414030261348,1454,0.922467643258969,0.0136326809391587
Excalibur_c16687_476,chr7B,491053428,0.525261354538979,0.236244841815681,1454,0.857968261110831,0.0149249032922629
Kukri_c48870_115,chr7B,491053591,0.169308688835854,0.233493810178817,1454,0.704514581099634,0.0357337219627478
BobWhite_rep_c49587_1290,chr7B,491345170,0.321822949141863,0.222489683631362,1454,0.788711721405925,0.0262627787834191
RAC875_rep_c106651_635,chr7B,532301752,0.464796743259198,0.06292984869326,1454,0.847503599062203,-0.0306782159765158
Kukri_c34355_722,chr7B,543184224,1.30985686876276e-08,0.0601788170563961,1454,4.62903417420759e-06,0.19932674564513
wsnp_Ex_c10550_17231658,chr7B,632289892,0.785835359368296,0.181224209078404,1454,0.946537886846476,0.00624127645774131
GENE-4624_79,chr7B,633507557,0.833537112319716,0.0694635488308116,1454,0.953754158773697,0.00795816422944418
wsnp_Ex_rep_c70700_69597262,chr7B,634181119,0.0744474725080856,0.172627235213205,1454,0.554664024434798,0.0580938710447505
RAC875_c24101_284,chr7B,636880918,0.884699304840784,0.108321870701513,1454,0.96736613344905,-0.00441682464352944
Tdurum_contig97814_355,chr7B,648091240,0.427977441185057,0.265130674002751,1454,0.836544401077428,-0.0232943038724898
BS00022053_51,chr7B,648696805,0.372285442002767,0.37242090784044,1454,0.81313767122236,-0.0185790001680033
Kukri_c25451_119,chr7B,651534868,0.0108267484676809,0.300550206327373,1454,0.270604229459195,0.0699048122514156
Kukri_c29415_392,chr7B,651535852,0.781388335144777,0.457702888583219,1454,0.945144463869898,-0.00479708829825043
RAC875_c45062_305,chr7B,658493608,0.993431700862314,0.459422283356259,1454,0.99608456651803,-0.000148776796450534
BobWhite_c9774_101,chr7B,666983983,0.876470161562992,0.452888583218707,1454,0.966768783309532,0.00373620453738255
Tdurum_contig44993_359,chr7B,670628424,0.125380633218151,0.0646492434662999,1454,0.653949218470889,-0.0587696114664027
Excalibur_c16856_432,chr7B,685802816,0.510700518910576,0.168844566712517,1454,0.854411945118847,-0.0224065378550797
Tdurum_contig4658_346,chr7B,687058202,0.723670616746226,0.197386519944979,1454,0.930162345495243,0.0096534885040569
BobWhite_c1802_456,chr7B,687058274,0.455432403777907,0.116918844566713,1454,0.84261843687899,0.0224920366026282
Ra_c21094_506,chr7B,687836118,0.0122339299681146,0.110041265474553,1454,0.288231390048779,-0.077060511693805
Kukri_c10430_1138,chr7B,700204215,0.6673766244914,0.0502063273727648,1454,0.922467643258969,-0.0153584550865506
wsnp_Ex_rep_c68762_67626384,chr7B,707835747,0.00303049703070525,0.107977991746905,1454,0.144726709547464,-0.0921333954828114
Tdurum_contig17062_665,chr7B,708306460,0.213950949895532,0.28060522696011,1454,0.731901320967086,-0.0263362230246997
Excalibur_c7338_563,chr7B,708309524,0.653745651915312,0.172627235213205,1454,0.914622776670115,-0.0123544059188241
wsnp_Ex_c1721_3261986,chr7B,708641818,0.348257183191495,0.491746905089409,1454,0.805089931974773,0.0236854966447524
BobWhite_c12048_145,chr7B,708642117,0.795434341365593,0.342503438789546,1454,0.948897562783932,0.00460715328930483
TA005284-0990,chr7B,712320916,0.0203046037867836,0.0828748280605227,1454,0.347620378338384,-0.0812525858302671
CAP7_c2649_283,chr7B,714646871,0.016004423787909,0.0835625859697386,1454,0.323660549286506,-0.0828013557601803
RAC875_rep_c117259_207,chr7B,716558650,0.109832725906447,0.0694635488308116,1454,0.614159578090795,-0.0524423559602454
tplb0035h03_1251,chr7B,717851388,0.586537969661913,0.184319119669876,1454,0.886580489642942,-0.0114884636656587
BS00040283_51,chr7B,717910972,0.210320728086292,0.094222833562586,1454,0.729220102785665,-0.0406289647285085
Excalibur_c4948_454,chr7B,718170078,0.432716307007227,0.171595598349381,1454,0.842081183349966,-0.0187338797626229
BobWhite_c4729_243,chr7B,718253809,0.407893870229854,0.0870013755158184,1454,0.828446515742704,-0.0291407273428526
BS00022810_51,chr7B,719591810,0.324822534165743,0.116231086657497,1454,0.793860882255697,-0.0302926187585619
Tdurum_contig8402_460,chr7B,719763877,0.812417354950645,0.105570839064649,1454,0.948897562783932,-0.00688417367229377
Tdurum_contig8402_638,chr7B,719764055,0.508168797423157,0.06292984869326,1454,0.854411945118847,-0.0266727317073645
Excalibur_c4042_223,chr7B,724890148,0.00952293324331948,0.134456671251719,1454,0.267095603824532,-0.0846881963870416
BobWhite_c12316_383,chr7D,7357620,0.326512487512397,0.0539889958734525,1454,0.794567749058482,-0.0401102871112258
Kukri_c20938_270,chr7D,7986459,0.138932499226649,0.154057771664374,1454,0.665248435856463,-0.0583092614221528
D_F5XZDLF02H192C_184,chr7D,9278177,0.920085755081828,0.0560522696011004,1454,0.974501192979875,-0.00395695459995338
Excalibur_c27950_459,chr7D,54998126,0.510584472499953,0.411966987620358,1454,0.854411945118847,0.014598930302288
BobWhite_c40479_283,chr7D,59309787,0.523299755330416,0.123452544704264,1454,0.857968261110831,0.0194047905983421
BobWhite_rep_c65034_450,chr7D,90543595,0.668451534276895,0.202544704264099,1454,0.922467643258969,-0.00987146120456295
RAC875_c13942_2973,chr7D,94763397,0.0850939414876534,0.120013755158184,1454,0.578311517725706,-0.0415710241130531
Kukri_c20975_765,chr7D,102982144,0.53269472463442,0.384800550206327,1454,0.857968261110831,-0.0238228723797533
wsnp_Ex_c4637_8299644,chr7D,103122012,0.471290600328407,0.497592847317744,1454,0.84803512299419,-0.0131982095042709
CAP12_c2046_153,chr7D,104536964,0.772145486344091,0.477303988995873,1454,0.944208355965404,-0.00606865767112552
D_contig35184_357,chr7D,105305853,0.402365225919963,0.487276478679505,1454,0.824725642249666,-0.01715508067117
RAC875_c4453_2678,chr7D,105647896,0.706246552022492,0.415061898211829,1454,0.930162345495243,-0.00780689549152314
Ku_c30772_1151,chr7D,105649400,0.95134419138144,0.133425034387895,1454,0.983176229468379,0.00189830801528856
D_GDEEGVY02FN6KZ_98,chr7D,105673995,0.774180513510236,0.356258596973865,1454,0.945144463869898,-0.00588413274172339
wsnp_Ex_c20320_29383733,chr7D,105679359,0.469337800882116,0.339408528198074,1454,0.847503599062203,0.0145431913351928
RAC875_c1863_3196,chr7D,105679820,0.687655624761598,0.44222833562586,1454,0.927547701491408,0.00913148195119717
Kukri_c11890_709,chr7D,106099353,0.353146619014178,0.34353507565337,1454,0.807803219396095,-0.0298114699664751
RAC875_c53629_483,chr7D,144584842,0.537246695666334,0.247592847317744,1454,0.860704224416038,0.0123538865127628
wsnp_Ex_c2123_3988735,chr7D,172976023,0.44879197320238,0.216299862448418,1454,0.84261843687899,-0.0144562648230915
wsnp_CAP11_c2839_1425826,chr7D,213831428,0.20607286319762,0.120357634112792,1454,0.726606406910838,0.0382121178053634
IAAV7925,chr7D,255040936,0.417672775760738,0.123452544704264,1454,0.834290930948841,0.0252359248137353
wsnp_Ex_c23001_32223579,chr7D,268178205,0.160341389905156,0.0557083906464924,1454,0.698610637227933,0.0793201369331129
wsnp_bm138650D_Ta_2_2,chr7D,268870177,0.225980790396593,0.147180192572215,1454,0.737978664773785,0.0333488563536335
IACX7714,chr7D,389487508,0.0419410368924968,0.138583218707015,1454,0.463186326181512,0.0606674803887266
wsnp_cd454041D_Ta_2_1,chr7D,392298332,0.698729130458274,0.125171939477304,1454,0.930162345495243,-0.00946892709705516
IAAV4133,chr7D,394409246,0.0563045151115655,0.145460797799175,1454,0.504781610156995,0.0557157045885557
wsnp_Ex_c6664_11531767,chr7D,395093667,0.648073139504108,0.0519257221458047,1454,0.913149944732761,-0.0255166844556456
Kukri_rep_c109239_223,chr7D,396358142,0.0425641358573805,0.0907840440165062,1454,0.463411082425422,0.0869130115530439
wsnp_Ex_rep_c66483_64738995,chr7D,396358712,0.35113528371816,0.105226960110041,1454,0.807658257752472,0.033053851579286
Kukri_c58234_519,chr7D,416191413,0.639653193900467,0.0543328748280605,1454,0.912241479921006,0.0203434085398762
Ex_c8238_637,chr7D,464338258,0.18444723615378,0.0866574965612105,1454,0.716303881942262,0.0446942474763059
wsnp_Ex_c17914_26681837,chr7D,504182022,0.190727907062097,0.271320495185695,1454,0.723173506818241,-0.0375802027503234
TA001185-0966,chr7D,519574795,0.318432712777189,0.24828060522696,1454,0.787941735906161,0.0228379669945582
RFL_Contig471_835,chr7D,526524314,0.400788191876105,0.166437414030261,1454,0.824243775465329,0.017933290957731
BS00051607_51,chr7D,529494695,0.354756818478421,0.288514442916094,1454,0.807803219396095,0.0216479170174892
BS00066128_51,chr7D,531229184,0.623869016946312,0.197042640990371,1454,0.908053173759583,0.00968406549046197
wsnp_Ex_c145_285194,chr7D,533549451,0.424126836752242,0.288858321870702,1454,0.836102667122392,0.0184591806402032
Ku_c32426_324,chr7D,552228822,0.65138505828212,0.141334250343879,1454,0.914215566310172,-0.0141466510219619
BS00022610_51,chr7D,553528968,0.528371544288849,0.108665749656121,1454,0.857968261110831,0.0235667896443523
RAC875_c16367_81,chr7D,572091412,0.0410651964847923,0.200825309491059,1454,0.462247542343208,0.0516567334068494
tplb0049k01_89,chr7D,573162684,0.0247607513997233,0.25171939477304,1454,0.385832265369046,0.042449059103765
Kukri_c22576_148,chr7D,573744387,0.080856734712534,0.223177441540578,1454,0.570554676946286,0.0430179435214466
Excalibur_c7895_385,chr7D,573803660,0.317259157317523,0.199449793672627,1454,0.787941735906161,0.0246235698232358
BobWhite_c11549_468,chr7D,574260504,0.0524152370856925,0.122764786795048,1454,0.487824804348164,0.0721841432193742
Kukri_c61816_202,chr7D,574331477,0.0384031929514632,0.323246217331499,1454,0.45483602069228,0.0507754256988235
D_contig57690_497,chr7D,585248188,0.855833248506784,0.0701513067400275,1454,0.959225237177568,0.00751577155749494
tplb0057p21_1365,chr7D,585668368,0.00548037655498713,0.22283356258597,1454,0.206865453676665,0.0649024155311473
Excalibur_c30730_1503,chr7D,601674848,0.320060223175101,0.0966299862448418,1454,0.787941735906161,-0.0314648060622993
BS00000744_51,chrUn,2128412,0.963616905310816,0.444291609353508,1454,0.989373080583505,-0.0011830204454526
BS00086387_51,chrUn,5306850,0.532651309530189,0.0522696011004127,1454,0.857968261110831,-0.0256117414897616
Ex_c45438_377,chrUn,35000738,0.469313263042747,0.405433287482806,1454,0.847503599062203,0.0253420719584554
IAAV4595,chrUn,42458587,0.425029059762197,0.209078404401651,1454,0.836102667122392,-0.0251967875218302
BobWhite_c15849_189,chrUn,94654791,0.288374327064176,0.0759972489683631,1454,0.778582484743134,0.0468102992713941
RAC875_c58425_286,chrUn,208301821,0.160903890991355,0.386176066024759,1454,0.698610637227933,-0.0285680380913895
