SNP,Chr,Pos,P.value,MAF,nobs,H&B.P.Value,Effect
BS00093327_51,chr1A,1354675,0.0242529718350089,0.479032258064516,310,0.67761984027302,-0.190651006181106
Excalibur_c9509_1180,chr1A,1354748,0.0199427304272695,0.453225806451613,310,0.655961471489004,-0.186767442070348
Tdurum_contig44888_837,chr1A,1355110,0.0147237117150836,0.445161290322581,310,0.630314544739845,-0.211393818778983
RAC875_rep_c110533_92,chr1A,1357290,0.00587177680350386,0.329032258064516,310,0.630314544739845,0.243540045570938
Kukri_c2408_857,chr1A,1360891,0.105375495309124,0.441935483870968,310,0.740002278216482,-0.142472410124526
BS00033749_51,chr1A,1816397,0.107475124207572,0.485483870967742,310,0.740002278216482,-0.138471808401576
tplb0025b13_1721,chr1A,4167188,0.457903406100755,0.2,310,0.937293415236168,0.0764558086220646
CAP12_c8501_370,chr1A,4718945,0.0543638449253884,0.261290322580645,310,0.730277787114189,0.215248152969465
BS00056550_51,chr1A,6999797,0.836686816516955,0.0129032258064516,310,0.973543744498009,0.0725841419813671
RAC875_c57939_78,chr1A,12439180,0.204593917536642,0.479032258064516,310,0.815670653499399,0.158352221493828
RAC875_c34888_65,chr1A,12909949,0.320921261054518,0.224193548387097,310,0.870958144418299,0.11961277352453
BobWhite_c6558_234,chr1A,12915431,0.320209485061758,0.425806451612903,310,0.870958144418299,-0.108700546065116
wsnp_Ex_c4876_8692783,chr1A,13228692,0.677342208155744,0.0112903225806452,310,0.969010881575547,-0.167438328908002
BS00074370_51,chr1A,13552412,0.918518644514636,0.237096774193548,310,0.985441678723352,-0.0148167742798009
BobWhite_c27474_124,chr1A,13674933,0.0406035111462728,0.287096774193548,310,0.71173467449109,-0.243306112070226
Jagger_rep_c10343_173,chr1A,14484241,0.42448386689941,0.309677419354839,310,0.935240639415532,-0.0848794526556418
D_contig08749_250,chr1A,20208049,0.6226412854814,0.259677419354839,310,0.969010881575547,0.0699233685830976
CAP7_c4833_55,chr1A,25868810,0.875973919804915,0.233870967741935,310,0.977175452206619,-0.0294954237768081
RAC875_c16820_419,chr1A,27603266,5.16899566645198e-06,0.248387096774194,310,0.00913361534262066,-0.416573627644805
BobWhite_c4328_1345,chr1A,28461062,0.69206454136509,0.212903225806452,310,0.969010881575547,-0.0829946136418229
Excalibur_c7026_2635,chr1A,28467461,0.940563033419711,0.369354838709677,310,0.985712244876452,-0.00986267835351384
Tdurum_contig13946_329,chr1A,33724809,0.894064140873492,0.398387096774194,310,0.980807690540717,-0.0118943041121504
wsnp_CAP11_c23_61357,chr1A,65077856,0.242733275723861,0.441935483870968,310,0.853466056948967,-0.121051857094784
IAAV4243,chr1A,71367943,0.735096764259591,0.37741935483871,310,0.969010881575547,0.0316963869423148
BS00087437_51,chr1A,113855345,0.289749297995003,0.343548387096774,310,0.870958144418299,0.0978962352724935
BS00062869_51,chr1A,248549559,0.0123562741078486,0.174193548387097,310,0.630314544739845,-0.242626718297677
wsnp_Ex_c44049_50205904,chr1A,336951094,0.407882377097676,0.190322580645161,310,0.927578069924831,-0.088133380625127
TA004725-0348,chr1A,397284657,0.4123845769641,0.358064516129032,310,0.929896649497577,0.0719242216480538
IACX3496,chr1A,470800686,0.583487366548068,0.329032258064516,310,0.969010881575547,0.0555348324738247
BS00033469_51,chr1A,472323049,0.179917888707586,0.153225806451613,310,0.788870742794802,0.253295319634667
Kukri_c3582_87,chr1A,473918642,0.82390534292613,0.258064516129032,310,0.972803937913018,-0.0246876945927248
GENE-0112_64,chr1A,473977326,0.209724167737679,0.185483870967742,310,0.819205539461847,0.168564720370128
RAC875_c2734_135,chr1A,479860652,0.363402694733256,0.483870967741935,310,0.899345324360873,-0.0887266494139354
BS00067421_51,chr1A,479992930,0.443079908036835,0.383870967741935,310,0.937293415236168,0.0698705568883646
BS00012283_51,chr1A,480067827,0.375834620694258,0.333870967741935,310,0.911077222709445,0.0812808664653595
BS00023101_51,chr1A,480068381,0.291260718330771,0.390322580645161,310,0.870958144418299,0.0944116178987322
wsnp_JD_c13903_13781269,chr1A,480068628,0.892004851190163,0.140322580645161,310,0.980807690540717,-0.0155378457992068
BS00021889_51,chr1A,480889849,0.304633036449638,0.104838709677419,310,0.870958144418299,-0.130901157326706
wsnp_BE495786A_Ta_2_1,chr1A,480890263,0.257971735072608,0.104838709677419,310,0.860547068873116,0.141951223380097
IACX4378,chr1A,481526778,0.141884368596475,0.282258064516129,310,0.742164049594072,0.160053771885863
wsnp_Ex_c4539_8148835,chr1A,481528464,0.472879808284232,0.0645161290322581,310,0.937293415236168,-0.115732716368411
Excalibur_c30591_637,chr1A,481964686,0.311737492859085,0.274193548387097,310,0.870958144418299,0.107575853512287
RAC875_c31276_1128,chr1A,483405666,0.345719315930234,0.385483870967742,310,0.885342074273511,0.0853668994508752
wsnp_Ex_c5192_9203100,chr1A,484060367,0.569507582954456,0.125806451612903,310,0.969010881575547,0.102939725915697
wsnp_Ex_c12336_19686808,chr1A,484062365,0.711537509576609,0.0903225806451613,310,0.969010881575547,-0.0514329151399071
BS00021714_51,chr1A,489169148,0.108839108863476,0.353225806451613,310,0.740002278216482,0.146956597227881
Ra_c4159_2716,chr1A,489617658,0.79899139850162,0.232258064516129,310,0.972803937913018,0.0301349411339871
BobWhite_c12568_900,chr1A,490253962,0.908775527589321,0.154838709677419,310,0.982144561009376,-0.0171321071044979
Kukri_c25215_124,chr1A,491269251,0.846786511973683,0.209677419354839,310,0.973668271608456,-0.0181562501913124
BobWhite_c37384_208,chr1A,498821176,0.0793909135303337,0.388709677419355,310,0.730277787114189,0.157598612532137
BobWhite_c7337_717,chr1A,511557116,0.0868185357921783,0.187096774193548,310,0.730277787114189,0.257661790384567
wsnp_Ex_c1997_3757721,chr1A,513064456,0.380531504732172,0.387096774193548,310,0.914828801172447,0.0746822619832379
wsnp_JD_c6544_7697578,chr1A,513066693,0.902700672054394,0.37741935483871,310,0.982144561009376,0.01049862740404
Jagger_c5280_407,chr1A,513066859,0.59236046056831,0.398387096774194,310,0.969010881575547,-0.0604124905274546
wsnp_Ku_c23012_32893918,chr1A,514746340,0.496964143975573,0.353225806451613,310,0.945080836364202,0.0620046235359659
Excalibur_c49946_169,chr1A,520448683,0.674041270193937,0.338709677419355,310,0.969010881575547,0.0396343958381813
BS00039377_51,chr1A,521739732,0.390189389063522,0.0967741935483871,310,0.921980151861298,0.118554637307124
BobWhite_c27438_81,chr1A,527160340,0.417062171392727,0.0919354838709677,310,0.929896649497577,0.11037352545595
wsnp_Ku_c5210_9289260,chr1A,527160478,0.759891324883335,0.1,310,0.969010881575547,-0.0408740659702396
wsnp_Ku_c5210_9290700,chr1A,527163793,0.940140263690667,0.0887096774193548,310,0.985712244876452,-0.0106292086681563
wsnp_Ra_c11594_18777085,chr1A,529465274,0.928061000406159,0.1,310,0.985712244876452,-0.0130792791936329
Excalibur_c7370_179,chr1A,530229961,0.116144546413628,0.433870967741936,310,0.740002278216482,0.131445317014762
IAAV8743,chr1A,532099147,0.0835017739779137,0.395161290322581,310,0.730277787114189,-0.134793598991457
BS00110627_51,chr1A,535721747,0.183333305767827,0.314516129032258,310,0.793749100834538,0.118794970438628
RAC875_c21411_162,chr1A,539294401,0.457091719555466,0.164516129032258,310,0.937293415236168,-0.0776567501430652
Jagger_c6890_167,chr1A,540738981,0.0101533885453672,0.429032258064516,310,0.630314544739845,0.31136035736948
RAC875_c12348_720,chr1A,540937942,0.0516887056706285,0.240322580645161,310,0.725039156221499,0.204151582294891
Ra_c29200_300,chr1A,545236493,0.93967625190551,0.296774193548387,310,0.985712244876452,-0.0082842302162085
Ra_c8027_1021,chr1A,549334497,0.240135415929423,0.17258064516129,310,0.853466056948967,-0.155961276044437
BobWhite_rep_c49755_131,chr1A,549894332,0.801587810877256,0.262903225806452,310,0.972803937913018,0.0265786870006615
BS00030043_51,chr1A,549999988,0.463672812463764,0.262903225806452,310,0.937293415236168,-0.0847720384518738
BS00066212_51,chr1A,550613782,0.128954031344753,0.295161290322581,310,0.740002278216482,-0.163315848683766
Tdurum_contig78830_745,chr1A,558465541,0.294875017230067,0.166129032258065,310,0.870958144418299,-0.132652086551655
wsnp_RFL_Contig3951_4390396,chr1A,560345683,0.32594600481729,0.274193548387097,310,0.870958144418299,0.144972533109595
Tdurum_contig51167_390,chr1A,565387073,0.24005365739722,0.412903225806452,310,0.853466056948967,-0.10241316337828
Excalibur_c88792_93,chr1A,576699754,0.869618464253156,0.353225806451613,310,0.976934641015279,-0.0137989347468945
wsnp_Ex_c3264_6017750,chr1A,579495807,0.608757509563431,0.383870967741935,310,0.969010881575547,-0.043138818900502
wsnp_Ku_c816_1684613,chr1A,579800618,0.783339789603075,0.120967741935484,310,0.972803937913018,0.050745600100516
Tdurum_contig8224_378,chr1A,579800877,0.556341931611442,0.208064516129032,310,0.966727173812803,0.0578843884922264
Excalibur_c41553_213,chr1A,580101627,0.434931042931568,0.267741935483871,310,0.937293415236168,0.0748667018774434
wsnp_Ex_c41553_48351921,chr1A,580104194,0.260259250273566,0.180645161290323,310,0.862227700839555,0.13360192903383
Kukri_c2338_533|wsnp_Ex_c7684_13109335,chr1A,580105699,0.932747276303498,0.188709677419355,310,0.985712244876452,-0.00957262635305156
Excalibur_c16947_114,chr1A,580529487,0.863102812469738,0.0548387096774194,310,0.976566090371759,-0.0279704632247935
TA001430-0733,chr1A,580738176,0.647804728396668,0.103225806451613,310,0.969010881575547,0.0914755270116387
IAAV4238,chr1A,584049510,0.552953922323862,0.0129032258064516,310,0.966727173812803,0.247969280845773
BS00035273_51,chr1A,586167981,0.139803475640304,0.0612903225806452,310,0.742164049594072,-0.260865443998888
BS00075271_51,chr1A,586624992,0.87425302029019,0.47741935483871,310,0.976934641015279,-0.0331145303313747
RFL_Contig3395_1311,chr1A,588535850,0.855445559556827,0.241935483870968,310,0.976160209998383,-0.016624954658905
BS00021780_51,chr1A,590952711,0.330306301197498,0.0532258064516129,310,0.872096299089297,-0.178885373582885
BobWhite_c44947_277,chr1A,593735900,0.862571611058268,0.445161290322581,310,0.976566090371759,-0.0139849506125174
wsnp_Ex_rep_c67492_66096650,chr1A,595126027,0.772806208858897,0.146774193548387,310,0.972348486493308,0.0403793200528675
BS00050522_51,chr1B,22335,0.316091377367905,0.353225806451613,310,0.870958144418299,0.0922217262409291
Ku_c3169_1250,chr1B,5151885,0.283607585180057,0.362903225806452,310,0.870958144418299,-0.0968330734915028
RAC875_c3692_2287,chr1B,8142192,0.621679874654256,0.332258064516129,310,0.969010881575547,-0.0684233017962299
CAP11_c852_603,chr1B,8667979,0.2792436463826,0.408064516129032,310,0.870958144418299,-0.095518635839877
RAC875_rep_c70613_78,chr1B,12778945,0.509256904434834,0.483870967741935,310,0.947217842248791,0.0536882902080436
Tdurum_contig44861_1253,chr1B,24100217,0.649561557764315,0.437096774193548,310,0.969010881575547,0.0354015626643474
BS00065737_51,chr1B,38915610,0.118215625448204,0.42258064516129,310,0.740002278216482,0.118609152911009
Ra_c29142_340,chr1B,50691940,0.811371436979941,0.12258064516129,310,0.972803937913018,0.0388054786082606
Excalibur_c4058_1121,chr1B,57086380,0.840664297231229,0.0919354838709677,310,0.973543744498009,-0.0395536244771115
Kukri_c65759_98,chr1B,283865024,0.101627859494309,0.312903225806452,310,0.740002278216482,0.220760045158393
IAAV5269,chr1B,311474930,0.236834869333746,0.17741935483871,310,0.853466056948967,-0.151878007800143
IAAV8661,chr1B,311756323,0.420990475529336,0.112903225806452,310,0.932193195814958,-0.10903663001775
Kukri_c2535_98,chr1B,323187964,0.0915818792293866,0.138709677419355,310,0.730277787114189,-0.2279607163186
Kukri_c62848_106,chr1B,323371934,0.722393066277086,0.188709677419355,310,0.969010881575547,0.053861660019578
BS00062942_51,chr1B,325756734,0.0644449890568143,0.145161290322581,310,0.730277787114189,-0.238397161686109
CAP7_c1241_128,chr1B,334516236,0.27764178756191,0.251612903225806,310,0.870958144418299,-0.131122140338164
Kukri_c49091_415,chr1B,341648517,0.956446003760612,0.466129032258065,310,0.992326933081198,0.00940328543555324
BS00022670_51,chr1B,341955467,0.234408976962879,0.162903225806452,310,0.853466056948967,-0.143400354055579
RAC875_c44575_561,chr1B,343628061,0.413899356175583,0.493548387096774,310,0.929896649497577,0.109473052978373
RAC875_c44575_396,chr1B,343628226,0.0146709820518554,0.0854838709677419,310,0.630314544739845,-0.640394864318928
IAAV2546|wsnp_Ku_c30982_40765341,chr1B,343800079,0.0405944513282911,0.166129032258065,310,0.71173467449109,-0.287197092562359
wsnp_Ku_c66585_65967792,chr1B,376231351,0.00242893733139427,0.15,310,0.448893791437249,-0.435903190270533
Tdurum_contig65023_587,chr1B,376367714,0.0717293714917093,0.190322580645161,310,0.730277787114189,-0.266963052626501
JD_c10376_670,chr1B,380749208,0.851677652099713,0.180645161290323,310,0.976160209998383,-0.0235800665006494
Kukri_rep_c95031_104,chr1B,381979642,0.0216994034446372,0.124193548387097,310,0.655961471489004,-0.347459577452785
Kukri_c8308_245,chr1B,388396521,0.00783174126026705,0.133870967741935,310,0.630314544739845,-0.454007508222219
Tdurum_contig84184_124|wsnp_Ex_c15934_24341135,chr1B,388904013,0.00228131450102769,0.180645161290323,310,0.448893791437249,-0.433571422815742
Kukri_rep_c70738_896,chr1B,389675488,0.0305539760307904,0.167741935483871,310,0.692450422847716,-0.315109766842966
BS00041010_51,chr1B,389681588,0.0401020085936452,0.130645161290323,310,0.71173467449109,-0.417236155796793
Tdurum_contig10326_151,chr1B,396633638,0.348632335205007,0.161290322580645,310,0.887656104189118,-0.11031259694898
Kukri_rep_c108436_534,chr1B,398246044,0.232814188382102,0.159677419354839,310,0.853466056948967,-0.141866226332516
BS00062740_51,chr1B,398251099,0.720165151202575,0.0870967741935484,310,0.969010881575547,-0.0676830622392579
Tdurum_contig42217_127,chr1B,415831210,0.752534994107314,0.37258064516129,310,0.969010881575547,0.0335700067240978
Tdurum_contig43910_687,chr1B,415841752,0.757678751323298,0.395161290322581,310,0.969010881575547,-0.0334620349254777
wsnp_BE442716B_Ta_2_2,chr1B,416367185,0.518771840731299,0.138709677419355,310,0.955860106957461,-0.0724935369725674
BS00022581_51,chr1B,420891509,0.0716590852830001,0.187096774193548,310,0.730277787114189,-0.251165739744081
BobWhite_c11460_291,chr1B,421760674,0.358710474453885,0.0806451612903226,310,0.895850471273453,-0.175449585481676
Tdurum_contig57127_56,chr1B,422242469,0.21001703982808,0.138709677419355,310,0.819205539461847,-0.188297113424959
Tdurum_contig8081_2331,chr1B,422259364,0.0338650917207018,0.162903225806452,310,0.699455709824166,-0.320456914419307
BS00071083_51,chr1B,428575338,0.395433443097062,0.193548387096774,310,0.925471382718554,0.0919017655861865
BS00076696_51,chr1B,428575404,0.558085115080341,0.219354838709677,310,0.966727173812803,0.058654345785186
Kukri_c12151_467,chr1B,428578789,0.338847937539936,0.0903225806451613,310,0.878191004181359,0.139243608993008
Tdurum_contig28305_106,chr1B,434454031,0.673397275835634,0.219354838709677,310,0.969010881575547,0.0446355296277119
BS00110480_51,chr1B,435014214,0.976969510766652,0.170967741935484,310,0.996711966238265,-0.00334274827323
IACX5764,chr1B,437206836,0.486002116478342,0.259677419354839,310,0.944261455419319,-0.097359881624854
Tdurum_contig48171_189,chr1B,445021239,0.871684268159291,0.237096774193548,310,0.976934641015279,0.0155029211944928
BS00073132_51,chr1B,454685170,0.062313106995737,0.193548387096774,310,0.730277787114189,-0.229952519557767
wsnp_Ra_c2027_3945713,chr1B,464716376,0.507046881952264,0.111290322580645,310,0.947217842248791,-0.116333966021806
Ra_c3083_982,chr1B,465069906,0.405284357221356,0.104838709677419,310,0.9269034871207,-0.167690615287491
IAAV5704,chr1B,465205324,0.880614647908453,0.0887096774193548,310,0.979103971885463,-0.0352949495610204
wsnp_Ex_c34966_43196962,chr1B,465207721,0.707601807815484,0.151612903225806,310,0.969010881575547,-0.0508561919578767
RAC875_c46646_549,chr1B,479560518,0.750487609519387,0.164516129032258,310,0.969010881575547,0.0497379430995792
Excalibur_s102212_259,chr1B,482244929,0.956391504430143,0.395161290322581,310,0.992326933081198,0.00528626093723972
CAP8_c9553_109,chr1B,482246415,0.785692676273607,0.366129032258065,310,0.972803937913018,0.0257894595198032
Kukri_c667_1073,chr1B,482247845,0.765314663340077,0.156451612903226,310,0.969602426603275,0.0323910466943111
CAP7_c3456_113,chr1B,483824929,0.57520730735023,0.367741935483871,310,0.969010881575547,0.052375109111253
Excalibur_rep_c105376_485,chr1B,484685232,0.542981122691177,0.198387096774194,310,0.966727173812803,0.0842731649077137
BS00023142_51,chr1B,484687372,0.883636599048819,0.391935483870968,310,0.979539441981972,0.0140325315735872
BS00034925_51|Tdurum_contig28316_442,chr1B,485203357,0.459784111746303,0.401612903225806,310,0.937293415236168,0.0719525885272638
BS00067146_51,chr1B,488628573,0.65030631944442,0.0967741935483871,310,0.969010881575547,-0.057643397591626
wsnp_Ku_c19618_29134473,chr1B,490545756,0.599369595637746,0.330645161290323,310,0.969010881575547,-0.0473375934736744
RAC875_c87890_234,chr1B,495275022,0.506118523910983,0.266129032258065,310,0.947217842248791,0.0635736718524953
Tdurum_contig59449_249,chr1B,495276116,0.980313174867122,0.398387096774194,310,0.997422067950324,-0.00244780057258609
wsnp_Ex_c23992_33235984,chr1B,540458499,0.871482707231177,0.104838709677419,310,0.976934641015279,0.0217903545274964
BS00065126_51,chr1B,548030097,0.11658254050735,0.283870967741935,310,0.740002278216482,0.165745325418381
Tdurum_contig83770_218,chr1B,551693240,0.114071282423486,0.0838709677419355,310,0.740002278216482,-0.240781036804039
Tdurum_contig42749_3287,chr1B,557183418,0.0555638058481936,0.324193548387097,310,0.730277787114189,-0.184121183510985
BS00023071_51,chr1B,609474528,0.687638413823228,0.170967741935484,310,0.969010881575547,0.0454144653960444
RAC875_c52957_154,chr1B,611027568,0.64591324751474,0.380645161290323,310,0.969010881575547,0.049862086569469
Excalibur_c44818_109,chr1B,611027714,0.857801425654989,0.22258064516129,310,0.976566090371759,-0.0172092787428131
RFL_Contig2176_1111,chr1B,611028387,0.148220705957426,0.414516129032258,310,0.744266169416557,-0.142408427201513
RFL_Contig2176_932,chr1B,611028566,0.527038094620161,0.396774193548387,310,0.959121740742549,0.0505063859467825
BS00064162_51,chr1B,611145616,0.908200065390461,0.229032258064516,310,0.982144561009376,-0.0130974905527452
Tdurum_contig96049_200,chr1B,613632313,0.0583912891593744,0.475806451612903,310,0.730277787114189,-0.152753227400005
BS00022775_51,chr1B,614467582,0.187363655313286,0.140322580645161,310,0.799689804199458,0.152739973217713
BobWhite_c48071_144,chr1B,624345061,0.0769944864030087,0.424193548387097,310,0.730277787114189,-0.149314633789597
RAC875_c16136_1597,chr1B,632415952,0.488357914419609,0.433870967741936,310,0.944261455419319,-0.105148102725707
Tdurum_contig49651_546,chr1B,637979778,0.881238980207553,0.133870967741935,310,0.979103971885463,-0.0188282828304835
BS00022411_51,chr1B,639185133,0.325453692230119,0.482258064516129,310,0.870958144418299,-0.0815465516273264
Ra_c17685_927,chr1B,641746937,0.569666180915802,0.0806451612903226,310,0.969010881575547,-0.093446036165016
BobWhite_c36862_84,chr1B,642008969,0.114720589014732,0.156451612903226,310,0.740002278216482,-0.255142373159273
CAP12_c6260_64|Kukri_c63336_621,chr1B,643756710,0.259074526392798,0.154838709677419,310,0.860547068873116,0.122322775820679
BobWhite_c2844_569|BS00039135_51,chr1B,646331263,0.06120696793094,0.0241935483870968,310,0.730277787114189,-0.494633759673484
BS00094237_51,chr1B,647594072,0.989305901255293,0.0790322580645161,310,0.997422067950324,0.00189533854426038
CAP11_c6406_104,chr1B,647594448,0.111038048478219,0.112903225806452,310,0.740002278216482,0.259495738514953
Tdurum_contig10036_1057,chr1B,650372614,0.674364060871226,0.356451612903226,310,0.969010881575547,-0.035003435678199
Tdurum_contig93532_89,chr1B,650732830,0.0179603824586895,0.0903225806451613,310,0.655961471489004,0.337448558139684
TA004946-0577,chr1B,650733704,0.0375986794539991,0.0758064516129032,310,0.701327299169449,0.333384850298682
wsnp_Ex_c27176_36393952,chr1B,651094835,0.177972653017393,0.201612903225806,310,0.784233610677638,-0.163785780551432
Kukri_c4453_1248,chr1B,651095088,0.17004094170274,0.243548387096774,310,0.770416266637801,-0.122746651693065
Tdurum_contig50988_500,chr1B,655761835,0.248708753222096,0.241935483870968,310,0.853466056948967,-0.116874958058045
BobWhite_c23617_167,chr1B,655818576,0.0168736435329483,0.0774193548387097,310,0.655961471489004,0.379704049368481
Jagger_c3757_131,chr1B,655819171,0.135149864755865,0.0790322580645161,310,0.740002278216482,0.237662572298969
RFL_Contig1823_1044,chr1B,655955235,0.0351681509198624,0.159677419354839,310,0.701327299169449,0.23659899744634
BS00068077_51,chr1B,660645333,0.0424761187741978,0.0709677419354839,310,0.71173467449109,0.329359231847715
BS00071893_51,chr1B,667040658,0.0271371963742568,0.116129032258065,310,0.691244398162079,0.299480160921405
Tdurum_contig57153_1356,chr1B,669462262,0.424182623948305,0.0338709677419355,310,0.935240639415532,-0.191859844993065
CAP12_c1085_283,chr1B,669989968,0.659551547911947,0.106451612903226,310,0.969010881575547,0.0607998200887891
Tdurum_contig10475_87,chr1B,669990181,0.0202462728658102,0.0790322580645161,310,0.655961471489004,0.433854846912205
IACX8074,chr1B,670565745,0.0135661048026608,0.306451612903226,310,0.630314544739845,0.287985374031635
IACX2234,chr1B,671612273,0.0764420618468078,0.0935483870967742,310,0.730277787114189,-0.274192293386777
wsnp_CAP12_c1337_682282,chr1B,672141700,0.157433422455115,0.0838709677419355,310,0.75175717875204,-0.220445604514637
BobWhite_c9963_51,chr1B,672661803,0.32679414247274,0.220967741935484,310,0.870958144418299,-0.100196991418921
Kukri_c1565_111,chr1B,674269701,0.0269611184063321,0.0854838709677419,310,0.691244398162079,-0.39665486601022
Tdurum_contig4904_2923,chr1B,674537343,0.510981783231484,0.251612903225806,310,0.949426720262916,-0.0634890377686048
Kukri_c44604_203,chr1B,682090700,0.737787017827409,0.0532258064516129,310,0.969010881575547,-0.0650320419005901
Ku_c11537_539,chr1B,694408430,0.762266624442564,0.203225806451613,310,0.969010881575547,-0.0331987301538792
Kukri_c7822_144,chr1D,119937,0.0993709352956624,0.287096774193548,310,0.740002278216482,0.195637617398699
BobWhite_c47810_111,chr1D,146722,0.823924612162852,0.0258064516129032,310,0.972803937913018,-0.0575074366884163
D_GDS7LZN02IXNP1_255,chr1D,176881,0.0593865201991874,0.404838709677419,310,0.730277787114189,-0.167143398049994
BS00093325_51,chr1D,201744,0.978895067441062,0.329032258064516,310,0.997341672977213,-0.00241683302951046
RAC875_c48669_292,chr1D,201983,0.754656290585022,0.232258064516129,310,0.969010881575547,0.0303285954004977
RAC875_c10925_1887,chr1D,206331,0.0290593549496463,0.438709677419355,310,0.692450422847716,-0.187065248002394
wsnp_Ex_c278_538285,chr1D,4107550,0.14114991081762,0.425806451612903,310,0.742164049594072,-0.124717804544979
RAC875_c2070_566,chr1D,4108163,0.198647876129335,0.42258064516129,310,0.811656592932588,-0.110651636661299
Kukri_c83523_57,chr1D,4819665,0.329191487576471,0.206451612903226,310,0.872096299089297,0.146807451830178
wsnp_Ex_c1969_3705930,chr1D,9178798,0.963608963711649,0.112903225806452,310,0.994746246204441,-0.00563439553135758
BobWhite_rep_c49356_206,chr1D,9181696,0.573451617500134,0.174193548387097,310,0.969010881575547,0.0606290824326763
IAAV8085,chr1D,9252704,0.173473027112197,0.0903225806451613,310,0.772989819367173,0.207580357909455
wsnp_Ex_c1085_2078686,chr1D,9490728,0.468256148745682,0.390322580645161,310,0.937293415236168,0.0802211389390521
wsnp_Ex_c1358_2600929,chr1D,9889218,0.293806968794582,0.0741935483870968,310,0.870958144418299,0.174131889858538
wsnp_Ex_c1358_2602235,chr1D,9890524,0.711659231913656,0.067741935483871,310,0.969010881575547,0.064847055525096
wsnp_Ra_c2633_5017265,chr1D,9894028,0.631096201751987,0.0661290322580645,310,0.969010881575547,0.0847517963864579
wsnp_Ku_c13622_21660346,chr1D,11487828,0.288226517157661,0.175806451612903,310,0.870958144418299,0.10719423431312
Ku_c13622_482,chr1D,11488050,0.679468370262536,0.445161290322581,310,0.969010881575547,0.0523782665052934
wsnp_Ex_rep_c67198_65703538,chr1D,11549768,0.0800967318335864,0.440322580645161,310,0.730277787114189,0.160922223305494
Kukri_c17177_1575,chr1D,11552558,0.715938960487977,0.151612903225806,310,0.969010881575547,-0.0378397856443762
BobWhite_c33756_74,chr1D,11670552,0.697317645200148,0.42741935483871,310,0.969010881575547,-0.0356404590186337
RAC875_c23587_548,chr1D,13032856,0.360464109193827,0.446774193548387,310,0.895850471273453,0.121116985410858
Ku_c12842_664,chr1D,13713082,0.755367195681299,0.308064516129032,310,0.969010881575547,0.0306451657938531
Ex_c6145_1877,chr1D,13910970,0.301911523544223,0.174193548387097,310,0.870958144418299,-0.11750084669297
RAC875_c7752_549,chr1D,13912290,0.0153387240655423,0.243548387096774,310,0.630314544739845,-0.264479835926199
D_F5XZDLF02I14SZ_56,chr1D,14840658,0.336873618309628,0.170967741935484,310,0.878191004181359,-0.109865093553726
D_GBF1XID01CJH0V_94,chr1D,15541438,0.340877882733713,0.167741935483871,310,0.878191004181359,-0.108924874070466
BS00022178_51,chr1D,17161138,0.140303936221138,0.0403225806451613,310,0.742164049594072,0.311098473098912
BS00023049_51,chr1D,18034111,0.0273837622361887,0.111290322580645,310,0.691244398162079,0.301883791229919
Kukri_c19257_78,chr1D,18034210,0.102000449914442,0.0758064516129032,310,0.740002278216482,0.272893301976609
Kukri_c46169_294,chr1D,19078051,0.0999008673529665,0.454838709677419,310,0.740002278216482,0.160953766566077
Excalibur_c48750_124,chr1D,19528319,0.0227428508377563,0.270967741935484,310,0.655961471489004,-0.21245337102776
IAAV5327,chr1D,19530369,0.11083255544078,0.351612903225806,310,0.740002278216482,0.147822040279287
wsnp_Ex_rep_c101500_86856679,chr1D,32547194,0.862738146517461,0.203225806451613,310,0.976566090371759,-0.0199939491880023
RAC875_c62_1546|RFL_Contig5594_1283,chr1D,33651304,0.928350365478547,0.383870967741935,310,0.985712244876452,-0.00994005347568816
RAC875_c62_1514,chr1D,33651336,0.840118527618015,0.469354838709677,310,0.973543744498009,-0.0197735866591557
BS00000721_51,chr1D,33651744,0.41376494850168,0.208064516129032,310,0.929896649497577,-0.0978232165339037
wsnp_BE405518D_Ta_2_3,chr1D,33651984,0.91814566710519,0.206451612903226,310,0.985441678723352,-0.0123012536508789
RAC875_c62_321,chr1D,33652851,0.0912916545567773,0.283870967741935,310,0.730277787114189,-0.19594649385381
IACX11290,chr1D,34571815,0.969838850223278,0.125806451612903,310,0.995761265798901,-0.00457079149834705
BS00002178_51,chr1D,34811486,0.454512824091273,0.303225806451613,310,0.937293415236168,-0.0740536288024849
BS00012936_51,chr1D,35723926,0.726454573437872,0.288709677419355,310,0.969010881575547,-0.0365204521805254
D_GDS7LZN02JVIW1_263,chr1D,35740701,0.810923635340449,0.241935483870968,310,0.972803937913018,-0.0245605577946222
CAP11_c3218_126,chr1D,36043189,0.806945330953303,0.214516129032258,310,0.972803937913018,-0.02888079713615
BS00105568_51,chr1D,36045951,0.0463645753111879,0.314516129032258,310,0.71173467449109,0.171770333830199
wsnp_CAP12_c633_339740,chr1D,37765713,0.161464530301038,0.232258064516129,310,0.754782605931041,0.148781697484438
CAP7_c1609_203,chr1D,39898481,0.589358135369378,0.369354838709677,310,0.969010881575547,0.043406310229404
BS00065478_51,chr1D,39912847,0.541781513573352,0.369354838709677,310,0.966727173812803,0.0529939075544164
BS00086679_51,chr1D,40083959,0.55109193286443,0.32741935483871,310,0.966727173812803,0.0562594778217225
BS00034563_51,chr1D,40089836,0.734573510773757,0.379032258064516,310,0.969010881575547,-0.0303467985507133
BobWhite_c555_1485,chr1D,40090195,0.94329667750301,0.306451612903226,310,0.986859223888584,-0.00671471136630686
BS00011451_51,chr1D,40092595,0.926535302421981,0.369354838709677,310,0.985712244876452,-0.00797340235512678
BS00074824_51,chr1D,40195159,0.86608064785197,0.354838709677419,310,0.976566090371759,0.0153822819165867
IAAV4760,chr1D,42691775,0.699560742521231,0.0693548387096774,310,0.969010881575547,0.0662764073921096
IAAV4794,chr1D,44855708,0.588219568943362,0.0661290322580645,310,0.969010881575547,0.0962707633493167
BS00100990_51,chr1D,45136819,0.889766181521949,0.0290322580645161,310,0.980807690540717,0.0326148504230428
Kukri_rep_c72587_123,chr1D,45779727,0.326780332041546,0.116129032258065,310,0.870958144418299,-0.143049005108161
Kukri_c53398_200,chr1D,48947800,0.936988396982345,0.0725806451612903,310,0.985712244876452,-0.012900949465056
BS00077237_51,chr1D,49084981,0.908199611597712,0.0806451612903226,310,0.982144561009376,0.0182944338872311
Kukri_c5113_1082,chr1D,49113902,0.769722219293896,0.303225806451613,310,0.971499401065939,0.0361963843243629
RAC875_rep_c81479_191,chr1D,49114668,0.10974589306802,0.130645161290323,310,0.740002278216482,0.198013421402317
BS00033405_51,chr1D,50810410,0.986850599405202,0.0806451612903226,310,0.997422067950324,0.00264035613188796
Excalibur_c4030_1770,chr1D,51161845,0.092424693183505,0.0903225806451613,310,0.730277787114189,-0.236867467373907
RAC875_c35094_476,chr1D,51565938,0.791678517789547,0.0483870967741935,310,0.972803937913018,0.0578246010059722
BS00072193_51,chr1D,52050649,0.822618227899579,0.0580645161290323,310,0.972803937913018,0.0410400005343803
Kukri_c20844_116,chr1D,52392217,0.803028265778227,0.0725806451612903,310,0.972803937913018,0.0407959577713406
BS00074817_51,chr1D,53588898,0.37191145628072,0.0741935483870968,310,0.911077222709445,-0.137473873251123
D_contig16934_681,chr1D,53591999,0.889193762710273,0.0661290322580645,310,0.980807690540717,0.0246607366272347
IACX6432,chr1D,57088704,0.99629113716099,0.0629032258064516,310,0.997985509843237,0.000906308146067403
wsnp_BE445121D_Ta_2_2,chr1D,57314473,0.681403922546358,0.0693548387096774,310,0.969010881575547,-0.0674528319516163
Excalibur_c5958_1270,chr1D,58111306,0.965769834213276,0.0725806451612903,310,0.995633195481247,0.00681885289152717
Excalibur_c5958_1398,chr1D,58111434,0.608158085820316,0.082258064516129,310,0.969010881575547,0.0821377497223938
BS00094471_51,chr1D,58809326,0.856436036653387,0.0725806451612903,310,0.976337081784861,0.0305875972702534
BS00024812_51,chr1D,112441745,0.562470294716717,0.309677419354839,310,0.967755609312989,0.090719305003482
Kukri_c18350_151,chr1D,172527877,0.593093305184104,0.170967741935484,310,0.969010881575547,0.0566577017855092
RAC875_c19509_174,chr1D,193934385,0.949216562313877,0.103225806451613,310,0.990343914546998,0.0102184086224497
wsnp_Ex_rep_c70574_69491038,chr1D,216049707,0.0587395215700256,0.117741935483871,310,0.730277787114189,-0.255248051103539
Excalibur_c54055_694,chr1D,312106829,0.089620130188713,0.262903225806452,310,0.730277787114189,-0.187651152287081
RAC875_rep_c105196_532,chr1D,329638192,0.228786199766261,0.135483870967742,310,0.853466056948967,0.169206558488664
Excalibur_c33661_412,chr1D,341579717,0.807421156287651,0.237096774193548,310,0.972803937913018,-0.0244973006176217
wsnp_Ku_c53270_57959459,chr1D,355119524,0.596113085198775,0.251612903225806,310,0.969010881575547,0.0678065325088326
BS00071465_51,chr1D,358398125,0.321289672573628,0.116129032258065,310,0.870958144418299,0.149953954056159
BS00038418_51,chr1D,359836800,0.605220900104706,0.312903225806452,310,0.969010881575547,-0.0491994844371568
IAAV4656,chr1D,361141537,0.384657207154437,0.0838709677419355,310,0.917259493983658,-0.15324360849362
D_contig14507_369,chr1D,369511242,0.825446988401237,0.166129032258065,310,0.972803937913018,0.0305615448072878
wsnp_Ex_c26626_35864468,chr1D,411773833,0.476956916258514,0.195161290322581,310,0.939286252977516,-0.0910977598994052
BobWhite_c3283_54,chr1D,411994616,0.865565548984036,0.0741935483870968,310,0.976566090371759,0.0310788097134367
Kukri_c12758_1488,chr1D,414251873,0.32171198077889,0.175806451612903,310,0.870958144418299,0.135756008417733
BS00040568_51,chr1D,439237091,0.596562355367015,0.017741935483871,310,0.969010881575547,0.161870751074382
CAP11_c1701_324,chr1D,439396010,0.350650477606425,0.00806451612903226,310,0.888091235090292,0.467785581177395
BS00022188_51,chr1D,465703299,0.919732270688195,0.0854838709677419,310,0.985712244876452,0.0153831306650893
Kukri_c3365_1192,chr1D,471972623,0.111312832210079,0.156451612903226,310,0.740002278216482,-0.202827011302425
Excalibur_c20462_128,chr1D,477183304,0.7868968718173,0.196774193548387,310,0.972803937913018,0.0275466291986923
RAC875_c68124_105,chr1D,477331667,0.075959480194647,0.0967741935483871,310,0.730277787114189,-0.271504488243698
D_contig10329_117|Excalibur_c17937_1157,chr1D,478815749,0.070799787922982,0.367741935483871,310,0.730277787114189,-0.161760712938925
RAC875_c51493_471,chr1D,479894522,0.723096805926707,0.135483870967742,310,0.969010881575547,-0.043687181279628
CAP7_c6937_354,chr1D,480215313,0.0478135655538789,0.230645161290323,310,0.715987884183932,0.235188840642934
wsnp_Ku_c23598_33524490,chr2A,4150148,0.414181636792607,0.261290322580645,310,0.929896649497577,-0.0802007022359135
Excalibur_c386_894,chr2A,4275967,0.136430840037743,0.346774193548387,310,0.740002278216482,0.125180358048578
wsnp_Ex_c997_1906900,chr2A,5528827,0.909940395021543,0.12741935483871,310,0.982463711845299,0.0144111233227839
wsnp_Ku_c33374_42877546,chr2A,5531907,0.192455542464299,0.0806451612903226,310,0.805186981151387,-0.181790019776411
Kukri_c27040_309,chr2A,30844971,0.151180555178553,0.067741935483871,310,0.747110595295989,-0.235485623086133
BobWhite_c9564_154,chr2A,60480967,0.764740916326722,0.412903225806452,310,0.969602426603275,0.0455582612522676
BobWhite_c1611_1685,chr2A,62090230,0.251867796860577,0.280645161290323,310,0.854862945906594,0.100536694483663
BS00039209_51,chr2A,73598217,0.814845603301607,0.188709677419355,310,0.972803937913018,0.026496954780395
Tdurum_contig48302_532,chr2A,76225305,0.755439968728224,0.135483870967742,310,0.969010881575547,0.0517077598513751
Excalibur_c15733_252,chr2A,76226142,0.470893355649467,0.106451612903226,310,0.937293415236168,0.134375236040533
Excalibur_c3108_5476,chr2A,76412639,0.598072981237271,0.235483870967742,310,0.969010881575547,-0.0515185798846893
wsnp_BE497494A_Td_2_1,chr2A,79772005,0.710180739463791,0.235483870967742,310,0.969010881575547,-0.0383397492851678
wsnp_Ex_c41913_48628389,chr2A,86161281,0.230254915232043,0.237096774193548,310,0.853466056948967,-0.129282970808315
BS00074780_51,chr2A,88038316,0.257378010305321,0.240322580645161,310,0.860547068873116,-0.121070021732052
Kukri_c29034_492,chr2A,89375701,0.78789973044143,0.114516129032258,310,0.972803937913018,-0.0559514983529965
BobWhite_c3644_491,chr2A,89387690,0.436176990966894,0.261290322580645,310,0.937293415236168,-0.0750772726430533
Tdurum_contig56511_144,chr2A,90197856,0.452526830406544,0.238709677419355,310,0.937293415236168,-0.0745455515577724
Tdurum_contig44062_733,chr2A,91270892,0.550700104572561,0.27741935483871,310,0.966727173812803,-0.0594127347637183
Excalibur_c21269_176,chr2A,95428717,0.206897816005645,0.145161290322581,310,0.815670653499399,-0.218783307292757
BobWhite_c5562_219,chr2A,95437852,0.472175650933958,0.132258064516129,310,0.937293415236168,-0.133113375115819
BobWhite_c26259_248,chr2A,101650624,0.103329428227799,0.270967741935484,310,0.740002278216482,-0.166145134674363
Tdurum_contig30569_579,chr2A,102169489,0.518121423657304,0.319354838709677,310,0.955860106957461,0.056560411200973
Tdurum_contig28682_120,chr2A,102768046,0.0455948170860432,0.298387096774194,310,0.71173467449109,-0.197127397512268
Excalibur_c21872_135,chr2A,102769471,0.45212714282956,0.148387096774194,310,0.937293415236168,-0.0827070001179901
RAC875_rep_c119471_174|Tdurum_contig62073_376,chr2A,103379714,0.199813592487649,0.117741935483871,310,0.811656592932588,-0.205777170241678
TA002645-0060,chr2A,131769179,0.661857589243712,0.0354838709677419,310,0.969010881575547,-0.112459733153734
Excalibur_c18417_241,chr2A,195049743,0.199719639454168,0.124193548387097,310,0.811656592932588,0.212316874327133
BS00039797_51,chr2A,210511211,0.481005048617655,0.470967741935484,310,0.940877164738394,-0.110081831278563
RAC875_rep_c101788_71,chr2A,377697739,0.871758214780946,0.259677419354839,310,0.976934641015279,0.0200759502930232
IAAV2090,chr2A,421339395,0.533748240520745,0.151612903225806,310,0.965335865916229,0.0920013619604951
tplb0047f03_349,chr2A,438830037,0.00328165448365854,0.206451612903226,310,0.527153042965877,0.284670896423712
Kukri_c57491_156,chr2A,508666408,0.713116343412218,0.15,310,0.969010881575547,-0.0525050673264431
wsnp_Ex_c31900_40635609,chr2A,510294239,0.114303498726526,0.251612903225806,310,0.740002278216482,-0.175292385826282
BobWhite_c2002_100,chr2A,541486812,0.761994655570548,0.17258064516129,310,0.969010881575547,-0.0350141149993597
wsnp_BE403597A_Ta_2_1,chr2A,573136296,0.43285260913358,0.425806451612903,310,0.937293415236168,-0.0702488146196352
wsnp_BE406351A_Ta_2_3,chr2A,575052769,0.215377906413177,0.266129032258065,310,0.835116203107203,0.113709371387859
CAP12_c6044_69,chr2A,575146330,0.39271753875888,0.375806451612903,310,0.924305108856848,0.099576189768932
BobWhite_c28819_733,chr2A,580673465,0.108435964243486,0.480645161290323,310,0.740002278216482,-0.133642261686539
wsnp_CAP11_c838_518859,chr2A,584175181,0.126209864063956,0.454838709677419,310,0.740002278216482,-0.135137925569797
BS00041816_51,chr2A,617159317,0.146883313909203,0.0580645161290323,310,0.744266169416557,-0.281775141383866
BS00022241_51,chr2A,670881819,0.669554561219585,0.120967741935484,310,0.969010881575547,0.0552215559317339
BS00081195_51,chr2A,683403062,0.630767370109755,0.0838709677419355,310,0.969010881575547,-0.0742673953758199
Kukri_c44255_832,chr2A,708770014,0.920450409833097,0.182258064516129,310,0.985712244876452,-0.0108180443067738
BS00029332_51,chr2A,712971442,0.476712038149641,0.111290322580645,310,0.939286252977516,0.10321213923168
BobWhite_c11081_1619,chr2A,716729497,0.868880322322962,0.0483870967741935,310,0.976934641015279,0.03002629144612
RAC875_c83712_84,chr2A,717763964,0.922873999733122,0.219354838709677,310,0.985712244876452,0.0124218523575728
wsnp_Ex_c59095_60108185,chr2A,723736722,0.708969750979962,0.214516129032258,310,0.969010881575547,-0.038703979165728
wsnp_Ex_c59095_60108097,chr2A,723736810,0.942166889109548,0.137096774193548,310,0.986261192569059,0.00911528840858011
wsnp_Ra_c32271_41304469,chr2A,723738030,0.301144642586332,0.253225806451613,310,0.870958144418299,-0.102799936629481
BobWhite_c16923_64,chr2A,726859048,0.698051651713993,0.366129032258065,310,0.969010881575547,-0.0313028745634121
BS00057059_51,chr2A,736842476,0.24382618191696,0.0129032258064516,310,0.853466056948967,-0.408550541547832
BS00024921_51,chr2A,740644564,0.160496301864478,0.0419354838709677,310,0.753962230234027,0.259245579924242
wsnp_CAP11_c1711_934478,chr2A,741852418,0.881275061168101,0.409677419354839,310,0.979103971885463,0.0176388025981993
RAC875_c19904_308,chr2A,742458348,0.0899334005897108,0.459677419354839,310,0.730277787114189,0.144834261395843
RAC875_c104160_61,chr2A,742459079,0.0379043404553338,0.451612903225806,310,0.701327299169449,0.175019660709932
BS00077768_51,chr2A,746382095,0.508963333381214,0.0451612903225806,310,0.947217842248791,-0.120513242860005
Excalibur_c22696_316,chr2A,747870924,0.0266063826563975,0.125806451612903,310,0.691244398162079,-0.274324730549271
Excalibur_c99029_69,chr2A,750152199,0.3823864811959,0.406451612903226,310,0.917259493983658,0.103631659986505
Kukri_c2687_1407,chr2A,750187115,0.278760650831595,0.22258064516129,310,0.870958144418299,-0.125177599777693
Excalibur_c44834_80,chr2A,766213417,0.256387349655757,0.435483870967742,310,0.860547068873116,0.0959847433819085
RAC875_c27530_860,chr2A,768108224,0.406071834504752,0.119354838709677,310,0.9269034871207,0.0951360491756077
wsnp_Ex_c10555_17235832,chr2A,768113938,0.0140466996581461,0.140322580645161,310,0.630314544739845,0.268001467114098
wsnp_Ex_c3695_6740339,chr2A,768617031,0.325402181066326,0.164516129032258,310,0.870958144418299,0.125284052538429
Kukri_c89717_64,chr2A,774081045,0.673170372136658,0.490322580645161,310,0.969010881575547,0.0414157163017066
BobWhite_rep_c63940_205,chr2A,781419567,0.379563502702746,0.285483870967742,310,0.914828801172447,0.120915513397591
RAC875_c42539_151,chr2A,785365717,0.156956906307978,0.359677419354839,310,0.75175717875204,0.198251348728455
BS00070466_51,chr2A,785417292,0.497410966507475,0.0774193548387097,310,0.945080836364202,-0.111122065542038
BobWhite_c1105_299,chr2A,786338839,0.155794781271054,0.130645161290323,310,0.75175717875204,-0.166582423060795
RFL_Contig4560_1503,chr2A,789490031,0.768478999096581,0.101612903225806,310,0.970623582132709,-0.0391109827988601
Kukri_c40204_617,chr2B,1142148,0.234188738551651,0.27741935483871,310,0.853466056948967,-0.106244876857005
Kukri_c30847_344,chr2B,1143112,0.267347764852778,0.17741935483871,310,0.868388787674373,-0.120497234444858
Excalibur_c39493_251,chr2B,5488537,0.462916260516937,0.0612903225806452,310,0.937293415236168,0.14447829094745
Excalibur_c4705_660,chr2B,5522156,0.779329538281238,0.258064516129032,310,0.972803937913018,0.0362920486687912
Excalibur_c17250_751,chr2B,5530076,0.924918171629519,0.0403225806451613,310,0.985712244876452,0.0239853179562779
Ra_c1501_1220,chr2B,5612130,0.433623191878099,0.441935483870968,310,0.937293415236168,0.0659402019918289
Kukri_c3701_1980,chr2B,9354246,0.58726249111924,0.275806451612903,310,0.969010881575547,-0.0578020600101894
BobWhite_c12144_216,chr2B,9829982,0.659304779951173,0.308064516129032,310,0.969010881575547,0.0506305320559086
BobWhite_rep_c64787_359,chr2B,10422988,0.826081729765561,0.235483870967742,310,0.972803937913018,-0.0249966468306972
BobWhite_c7145_355,chr2B,10423162,0.364735309059506,0.2,310,0.901380826724681,-0.116486828389572
BS00072058_51,chr2B,12253959,0.241955731635312,0.196774193548387,310,0.853466056948967,-0.111792642912292
BobWhite_c26803_89,chr2B,13170105,0.262085201730076,0.493548387096774,310,0.862227700839555,-0.0895955330310976
IAAV8700,chr2B,16395651,0.553602660241814,0.467741935483871,310,0.966727173812803,0.0505165944001789
BS00065556_51,chr2B,16461614,0.513880072920643,0.32258064516129,310,0.952808068049082,0.0544608282073646
Excalibur_c41459_96,chr2B,17264592,0.316887296600481,0.390322580645161,310,0.870958144418299,0.0789349571516667
Excalibur_c4748_360,chr2B,17271730,0.278879342831816,0.424193548387097,310,0.870958144418299,0.0901297478208853
RAC875_c2300_1021,chr2B,17275697,0.15421125469969,0.482258064516129,310,0.75175717875204,0.112813252591199
wsnp_Ex_rep_c66551_64836462,chr2B,20125018,0.234882356451681,0.317741935483871,310,0.853466056948967,0.109385249122774
wsnp_CAP11_c3271_1608092,chr2B,20193729,0.0325499534654923,0.275806451612903,310,0.693586126921267,0.198995184520037
Excalibur_rep_c108189_683,chr2B,20334636,0.0105985038605489,0.245161290322581,310,0.630314544739845,0.250182079039099
tplb0058j01_762,chr2B,20378527,0.349637225912104,0.312903225806452,310,0.888091235090292,0.0824501826266868
Kukri_c3067_398,chr2B,20564047,0.704669473832042,0.12741935483871,310,0.969010881575547,-0.0437887776355499
BS00011149_51,chr2B,20865880,0.32575325475053,0.343548387096774,310,0.870958144418299,0.0853156218214437
Excalibur_c40567_1893,chr2B,23500473,0.638014159375692,0.245161290322581,310,0.969010881575547,0.0442299666689365
TA001263-0453,chr2B,23500700,0.818528066975545,0.430645161290323,310,0.972803937913018,-0.0242007976113854
BS00067046_51,chr2B,27388075,0.691388199884175,0.0919354838709677,310,0.969010881575547,-0.0818075829498213
wsnp_Ex_rep_c70756_69644826,chr2B,39254175,0.21553890278956,0.130645161290323,310,0.835116203107203,-0.141582860726698
BS00077914_51,chr2B,39825194,0.374149303107793,0.232258064516129,310,0.911077222709445,0.0812217440075464
Kukri_c25245_998,chr2B,40520522,0.88270252271842,0.241935483870968,310,0.97911824083079,0.0135922066909799
BS00071995_51,chr2B,40522277,0.599287081347469,0.106451612903226,310,0.969010881575547,-0.0723307996421276
RAC875_rep_c105164_545,chr2B,40523265,0.761451870199519,0.133870967741935,310,0.969010881575547,0.0373415478560162
Kukri_c29807_476,chr2B,40525793,0.753363866970724,0.159677419354839,310,0.969010881575547,0.0371730647309114
wsnp_JD_c5064_6183978,chr2B,40530774,0.202359388473024,0.179032258064516,310,0.815670653499399,-0.132928652213323
BobWhite_rep_c63363_160,chr2B,41124578,0.496866039543237,0.417741935483871,310,0.945080836364202,-0.0879491998024733
BobWhite_c5072_107,chr2B,41735829,0.0842071357233616,0.153225806451613,310,0.730277787114189,-0.193142099930187
JD_c49544_37,chr2B,41908983,0.348177269404467,0.161290322580645,310,0.887656104189118,-0.103801857992426
wsnp_CAP11_rep_c8489_3665230,chr2B,41909106,0.207600327433386,0.143548387096774,310,0.815670653499399,-0.143499561805063
RAC875_rep_c79427_59,chr2B,42008046,0.388006366908692,0.182258064516129,310,0.919044571484798,-0.088743521009663
Ex_c67274_1225,chr2B,43375346,0.248484703277388,0.190322580645161,310,0.853466056948967,-0.116115756332537
wsnp_Ex_c19260_28187434,chr2B,47995758,0.715699880992688,0.285483870967742,310,0.969010881575547,-0.0345740300792166
Kukri_c26288_419,chr2B,55482559,0.429566164534413,0.467741935483871,310,0.937293415236168,-0.07699956030865
wsnp_Ex_c4349_7841003,chr2B,56101655,0.983913642309369,0.317741935483871,310,0.997422067950324,0.00214418452500453
RAC875_c34516_70,chr2B,64110277,0.0134053222923144,0.238709677419355,310,0.630314544739845,-0.265219300136927
Excalibur_c6502_397,chr2B,64188823,0.0898866393158764,0.140322580645161,310,0.730277787114189,-0.307127233706851
BobWhite_c10578_272,chr2B,65267267,0.179892493939422,0.183870967741935,310,0.788870742794802,-0.174706017347532
RAC875_c24914_462,chr2B,71254294,0.784255098333299,0.0951612903225806,310,0.972803937913018,0.036363677229355
BobWhite_c44986_217,chr2B,71554374,0.102749355398922,0.125806451612903,310,0.740002278216482,-0.332608154127108
wsnp_Ku_c34759_44069854,chr2B,74336879,0.0269336295048527,0.419354838709677,310,0.691244398162079,-0.211686039419369
CAP12_rep_c5926_115,chr2B,74424768,0.088627576438183,0.233870967741935,310,0.730277787114189,-0.198220634240357
Kukri_c43403_346,chr2B,75544735,0.274094699123676,0.166129032258065,310,0.870958144418299,-0.162776459642213
Jagger_c8098_88,chr2B,75644344,0.227109795365215,0.275806451612903,310,0.852023372421094,-0.128583186939995
Kukri_c17483_568,chr2B,75650270,0.733987046303314,0.17741935483871,310,0.969010881575547,0.0379610155305095
Excalibur_rep_c101660_546,chr2B,75900831,0.129636935320678,0.153225806451613,310,0.740002278216482,-0.271042229490234
Tdurum_contig29620_207,chr2B,75901178,0.0568512424427562,0.261290322580645,310,0.730277787114189,-0.209288919553252
Kukri_c12616_353,chr2B,75902716,0.120880572805521,0.156451612903226,310,0.740002278216482,-0.261515508740139
Excalibur_c7136_823,chr2B,76309122,0.640819212548327,0.106451612903226,310,0.969010881575547,-0.0583497791230716
Kukri_rep_c69288_529,chr2B,86137201,0.0919040692205764,0.217741935483871,310,0.730277787114189,-0.175996307454245
Kukri_c44_1704,chr2B,88113280,0.0518275817186223,0.312903225806452,310,0.725039156221499,-0.18127802769456
GENE-1741_103,chr2B,89813541,0.481518687797445,0.385483870967742,310,0.940877164738394,-0.0644356214195767
BS00030497_51,chr2B,90291782,0.0134556401265118,0.461290322580645,310,0.630314544739845,-0.26549820029053
Tdurum_contig47202_1699,chr2B,90589409,0.185274657486,0.430645161290323,310,0.796545790213531,-0.130775307693504
JD_c11869_1297,chr2B,90589480,0.457494101030028,0.475806451612903,310,0.937293415236168,0.0678600432212058
BS00022966_51,chr2B,91759484,0.0321467317696475,0.483870967741935,310,0.693586126921267,0.23884447948555
Tdurum_contig45350_605,chr2B,92995167,0.0050007049971868,0.5,310,0.630314544739845,-0.306348545939542
BS00023221_51,chr2B,93003967,0.0450929220487061,0.369354838709677,310,0.71173467449109,0.233512385662365
Kukri_c36879_83,chr2B,94574870,0.691073166208624,0.211290322580645,310,0.969010881575547,0.0469123959650943
BobWhite_c30112_275,chr2B,96247720,0.372711653593603,0.485483870967742,310,0.911077222709445,0.0932140121056442
CAP7_c1018_75,chr2B,96247811,0.140136880576713,0.351612903225806,310,0.742164049594072,0.141243755114644
RAC875_c26415_350,chr2B,97148945,0.718426283928474,0.170967741935484,310,0.969010881575547,-0.0382117388590562
RAC875_c76533_442,chr2B,97203902,0.0701663072731204,0.282258064516129,310,0.730277787114189,0.229904888091216
Tdurum_contig36804_98,chr2B,100395373,0.24305423666334,0.287096774193548,310,0.853466056948967,0.13559038826585
Kukri_c5904_80,chr2B,101304536,0.938682869636378,0.185483870967742,310,0.985712244876452,-0.0132351482573227
RAC875_c3302_1411,chr2B,101861071,0.130216166695512,0.458064516129032,310,0.740002278216482,0.206375821462608
Excalibur_c25430_183,chr2B,103035608,0.720599671243249,0.225806451612903,310,0.969010881575547,0.0601897010016543
Tdurum_contig81323_291,chr2B,103720137,0.0509182695418258,0.464516129032258,310,0.725039156221499,0.227717845910689
Kukri_c49522_254,chr2B,103727547,0.0414713347370027,0.219354838709677,310,0.71173467449109,-0.203992587995216
RFL_Contig2231_1297,chr2B,104067472,0.127279653807805,0.448387096774194,310,0.740002278216482,0.180305797011215
BS00103461_51,chr2B,104068633,0.083018675571135,0.27741935483871,310,0.730277787114189,0.318043119918975
Excalibur_c27716_544,chr2B,104307842,0.504572096471305,0.385483870967742,310,0.947217842248791,0.0781355523955547
Tdurum_contig7800_228,chr2B,104848870,0.469928948257503,0.456451612903226,310,0.937293415236168,0.101309724347225
BS00071690_51,chr2B,104849132,0.124563309294968,0.459677419354839,310,0.740002278216482,0.20973909446937
Kukri_c4790_154,chr2B,105438546,0.384311268606716,0.25,310,0.917259493983658,0.154598519362771
RAC875_c35438_474,chr2B,106532905,0.906248761813821,0.0903225806451613,310,0.982144561009376,0.0175874196454728
Excalibur_c2496_1141,chr2B,107864011,0.962237865078764,0.0629032258064516,310,0.99431246058139,-0.00774847693574898
wsnp_JG_c609_370792,chr2B,108526605,0.843524869690925,0.32741935483871,310,0.973668271608456,-0.0236770168184322
GENE-1365_16,chr2B,114257203,0.493395096982211,0.170967741935484,310,0.945080836364202,0.0850528397883821
wsnp_Ra_c11493_18637928,chr2B,114836612,0.655721837379862,0.258064516129032,310,0.969010881575547,0.0648199834954326
BobWhite_c38833_197,chr2B,116746451,0.640522949477501,0.212903225806452,310,0.969010881575547,-0.0444110771687143
Ku_c4042_576,chr2B,117211953,0.493419249897851,0.464516129032258,310,0.945080836364202,0.084375599879678
TA001821-0411,chr2B,117569460,0.816162686331885,0.067741935483871,310,0.972803937913018,0.0378477979918088
wsnp_Ex_c269_517710,chr2B,117634038,0.88059667202015,0.198387096774194,310,0.979103971885463,-0.0150572582308222
wsnp_Ex_c269_518324,chr2B,117634838,0.0313214505139151,0.309677419354839,310,0.692450422847716,-0.297801036621046
Tdurum_contig77602_931,chr2B,119853739,0.376841853693626,0.0451612903225806,310,0.911077222709445,-0.213743073450338
GENE-1430_599,chr2B,120623845,0.567158351496314,0.0709677419354839,310,0.969010881575547,0.0907365886779914
BS00070001_51,chr2B,121257360,0.0765330226412472,0.0290322580645161,310,0.730277787114189,-0.534731580579415
IAAV980,chr2B,121941872,0.341932886744072,0.490322580645161,310,0.878191004181359,0.117468612788855
BS00022969_51,chr2B,122306623,0.123127230181307,0.491935483870968,310,0.740002278216482,0.181084547913713
BS00083078_51,chr2B,130369869,0.390811054750488,0.0435483870967742,310,0.921980151861298,-0.164629208126856
BS00063577_51,chr2B,131791843,0.371135080612577,0.135483870967742,310,0.910827343670033,0.136311804273053
RAC875_c79857_301,chr2B,134309712,0.506637558751546,0.474193548387097,310,0.947217842248791,0.0764655334494364
Ra_c106376_879,chr2B,134399177,0.198656474175966,0.308064516129032,310,0.811656592932588,-0.178148899635012
BobWhite_c45336_321,chr2B,135559232,0.905746046850019,0.482258064516129,310,0.982144561009376,0.0121266805962321
wsnp_BE499478B_Ta_2_1,chr2B,139021946,0.12322525611808,0.482258064516129,310,0.740002278216482,-0.150843347402496
wsnp_Ex_rep_c67257_65786614,chr2B,139023769,0.738859414253506,0.498387096774194,310,0.969010881575547,-0.0359178931407413
BobWhite_c22301_230,chr2B,139680274,0.492922225272475,0.241935483870968,310,0.945080836364202,-0.0677342699302699
RFL_Contig1385_1575,chr2B,140478883,0.673384877126937,0.496774193548387,310,0.969010881575547,0.0481602223159783
GENE-4359_102,chr2B,143360251,0.134207507159192,0.479032258064516,310,0.740002278216482,0.170687179811495
GENE-1196_146,chr2B,145564854,0.656736182196616,0.320967741935484,310,0.969010881575547,0.0405896017073459
wsnp_CAP12_rep_c4678_2134259,chr2B,145770594,0.183795437052452,0.490322580645161,310,0.793749100834538,0.140181596373075
Kukri_c9387_112,chr2B,145839476,0.188174080013527,0.437096774193548,310,0.799885345483192,0.152375678902985
Ra_c2110_1660,chr2B,145846258,0.0374339490420223,0.467741935483871,310,0.701327299169449,0.227110303098208
BS00022940_51,chr2B,146345398,0.386741140357358,0.374193548387097,310,0.918152689767156,-0.0937819199903487
RFL_Contig1139_817,chr2B,147365292,0.117232773052619,0.433870967741936,310,0.740002278216482,0.20565774801635
RFL_Contig1139_602,chr2B,147365507,0.837692422612167,0.156451612903226,310,0.973543744498009,-0.0268968646561394
Ku_c103035_323,chr2B,148428948,0.706957220968066,0.485483870967742,310,0.969010881575547,0.0466331269993958
Tdurum_contig10994_617,chr2B,149111982,0.995575825440742,0.366129032258065,310,0.997834647506405,0.000721298927615521
D_GA8KES402HPK9H_258,chr2B,150319045,0.528141173595077,0.429032258064516,310,0.959121740742549,0.0820605107227692
tplb0031k24_254,chr2B,150803012,0.203529839702565,0.451612903225806,310,0.815670653499399,0.130724979466915
BS00087793_51,chr2B,150806434,0.997690952630023,0.482258064516129,310,0.998821480621671,-0.00031057758232933
IAAV4434,chr2B,152310781,0.848033655917042,0.45,310,0.973668271608456,0.0164398275814683
Kukri_c6973_344,chr2B,152586653,0.679200753031736,0.348387096774194,310,0.969010881575547,-0.0364974044559361
RAC875_c1226_652,chr2B,156005735,0.521202634267386,0.032258064516129,310,0.957754130868251,-0.143353359404724
Excalibur_c45094_602,chr2B,156953869,0.131110945943979,0.474193548387097,310,0.740002278216482,0.173677579489315
BS00073426_51,chr2B,158161365,0.224577544634625,0.462903225806452,310,0.846309070035539,0.138097692924049
RAC875_c32503_134,chr2B,165555012,0.370245492357025,0.454838709677419,310,0.909907906807877,0.106162025814051
RAC875_c32503_241,chr2B,165555119,0.0682667748474609,0.32258064516129,310,0.730277787114189,0.233925874982916
BS00031814_51|IAAV4497,chr2B,165951394,0.05352001080436,0.412903225806452,310,0.730277787114189,-0.198164092695404
Kukri_c42244_809,chr2B,173299340,0.713834359317667,0.469354838709677,310,0.969010881575547,0.0416178980878072
IAAV5331,chr2B,179447301,0.729149427808066,0.12258064516129,310,0.969010881575547,0.0549265572541202
BS00091007_51,chr2B,181704087,0.118270584910676,0.461290322580645,310,0.740002278216482,0.174765714029924
wsnp_BE445278B_Ta_2_3,chr2B,204725257,0.225107675674422,0.270967741935484,310,0.846309070035539,0.18232164815938
wsnp_Ex_c4218_7618252,chr2B,376283799,0.986658797278298,0.47741935483871,310,0.997422067950324,-0.00197044022269921
Kukri_c91621_319,chr2B,381759921,0.170970098262374,0.458064516129032,310,0.771444763799951,-0.161975708326658
RAC875_c19043_841,chr2B,383351493,0.786697294471084,0.351612903225806,310,0.972803937913018,0.0496750170611051
BobWhite_c10453_396,chr2B,383352782,0.00614690047018939,0.262903225806452,310,0.630314544739845,-0.513146695495543
wsnp_Ku_c691_1430065,chr2B,383689469,0.716301808660867,0.441935483870968,310,0.969010881575547,0.0414133299552404
wsnp_Ex_c2497_4666526,chr2B,383689722,0.458300039902806,0.416129032258065,310,0.937293415236168,0.0613429922878233
wsnp_Ex_c2905_5358140,chr2B,384571875,0.741867688490237,0.462903225806452,310,0.969010881575547,-0.0484712829559157
BobWhite_c13455_112,chr2B,386103109,0.505904521047322,0.429032258064516,310,0.947217842248791,-0.0803398362102712
wsnp_Ex_c22693_31898036,chr2B,388001195,0.313084748558476,0.246774193548387,310,0.870958144418299,0.182246749105076
wsnp_Ex_c1541_2943791,chr2B,388494507,0.788160003452461,0.470967741935484,310,0.972803937913018,0.0348810282465806
wsnp_Ku_c22272_32093892,chr2B,388546256,0.924067630083412,0.22258064516129,310,0.985712244876452,-0.00962948131257946
wsnp_Ku_c33652_43115283,chr2B,390116195,0.493993355908152,0.398387096774194,310,0.945080836364202,0.0758539127661066
wsnp_Ex_c14735_22823373,chr2B,392576076,0.807663519310868,0.393548387096774,310,0.972803937913018,-0.0323580662087082
wsnp_Ku_c13756_21844262,chr2B,392576672,0.944463967061178,0.330645161290323,310,0.987495757276392,0.00654844087483042
Kukri_c5609_565,chr2B,397116183,0.47421636288689,0.414516129032258,310,0.937293415236168,0.089473313720184
RAC875_c20366_376,chr2B,398588258,0.458571740913631,0.17741935483871,310,0.937293415236168,0.135747874635214
wsnp_Ex_c482_957514,chr2B,404997987,0.111818949426835,0.141935483870968,310,0.740002278216482,-0.182684326718585
Kukri_c34231_167,chr2B,405478335,0.647624141093048,0.491935483870968,310,0.969010881575547,-0.0502993074352531
RFL_Contig3353_125,chr2B,410485927,0.808540000323693,0.266129032258065,310,0.972803937913018,-0.0429568184527085
Excalibur_c60716_53,chr2B,415561118,0.376908573741146,0.47741935483871,310,0.911077222709445,0.0920461019692489
Kukri_c57399_314,chr2B,422191032,0.650458745172395,0.408064516129032,310,0.969010881575547,0.0387179124028769
Excalibur_rep_c111672_114|wsnp_Ex_rep_c103248_88252209,chr2B,423208491,0.297043287696672,0.417741935483871,310,0.870958144418299,0.125478910776756
wsnp_Ex_rep_c103248_88252281,chr2B,423208563,0.276729561915087,0.212903225806452,310,0.870958144418299,0.153588844889487
wsnp_Ex_c20529_29609310,chr2B,423209932,0.744731770152212,0.241935483870968,310,0.969010881575547,0.0565821583396939
wsnp_Ex_rep_c69928_68889412,chr2B,423394311,0.911294863449035,0.404838709677419,310,0.982463711845299,-0.0141713195594448
Excalibur_rep_c106537_63|wsnp_JD_c21530_18862386,chr2B,423864478,0.466111576739368,0.453225806451613,310,0.937293415236168,0.0925697861217074
wsnp_Ex_c52405_56014689,chr2B,423865562,0.774453891544594,0.440322580645161,310,0.972348486493308,-0.0294347369282413
wsnp_Ex_c19819_28827344,chr2B,429087875,0.147665877167702,0.424193548387097,310,0.744266169416557,-0.180917166999564
wsnp_Ku_rep_c83117_78896856,chr2B,429089569,0.0466530083205316,0.241935483870968,310,0.71173467449109,-0.200496825551424
Kukri_rep_c107732_99,chr2B,429405787,0.884647569026244,0.395161290322581,310,0.980045300607757,0.0134603466040737
Excalibur_c33079_199,chr2B,430124549,0.53858140985573,0.330645161290323,310,0.966727173812803,-0.091072264984561
wsnp_Ex_c51661_55531646,chr2B,431942675,0.667685491797121,0.320967741935484,310,0.969010881575547,-0.0524903172657112
BobWhite_c1654_440,chr2B,434396917,0.740413790966892,0.130645161290323,310,0.969010881575547,0.0427401430599677
IAAV8980,chr2B,435023442,0.109873461619649,0.433870967741936,310,0.740002278216482,-0.204121843058829
Kukri_rep_c70962_1545,chr2B,436619955,0.230705443975128,0.467741935483871,310,0.853466056948967,-0.155456497035857
Excalibur_rep_c107546_206|wsnp_Ex_c45595_51343969,chr2B,436685441,0.387110217247612,0.301612903225806,310,0.918152689767156,0.130316155664303
Ku_c14053_772,chr2B,436686599,0.386225633197886,0.456451612903226,310,0.918152689767156,0.105814911069452
wsnp_Ex_c18750_27627600,chr2B,436687010,0.515138660081451,0.354838709677419,310,0.95414047417602,-0.0716801233125111
RAC875_c60230_122,chr2B,440484529,0.418128994518219,0.232258064516129,310,0.929896649497577,0.167786747857107
tplb0034a02_1566,chr2B,440751028,0.979280024117411,0.456451612903226,310,0.997341672977213,-0.00343691914789446
wsnp_Ex_rep_c66524_64799410,chr2B,441508567,0.752656185154174,0.382258064516129,310,0.969010881575547,-0.0433426570386644
wsnp_Ex_rep_c108679_91802578,chr2B,441515403,0.0554005031109351,0.498387096774194,310,0.730277787114189,0.253729502715771
Excalibur_c11125_1525,chr2B,441986391,0.299292223241487,0.340322580645161,310,0.870958144418299,0.105993236254097
Kukri_c47082_109,chr2B,442200428,0.56023125409412,0.45,310,0.966727173812803,0.048885855222192
IAAV3255,chr2B,442208134,0.553189813067392,0.343548387096774,310,0.966727173812803,0.0626496988667142
wsnp_Ex_c28243_37383894,chr2B,442410942,0.983716712454495,0.498387096774194,310,0.997422067950324,0.00268221977060534
tplb0038i24_1548,chr2B,442414343,0.720568692553027,0.162903225806452,310,0.969010881575547,0.0390419355481999
CAP12_c6259_207,chr2B,442416751,0.79777305940104,0.17258064516129,310,0.972803937913018,0.0316897121298414
Kukri_rep_c91092_72,chr2B,442418021,0.992906291751342,0.490322580645161,310,0.997422067950324,-0.00106951507914488
wsnp_CAP11_c1956_1045077,chr2B,444843952,0.737065751891715,0.462903225806452,310,0.969010881575547,0.0438959020368515
BobWhite_rep_c50998_607,chr2B,445754012,0.0311655324661768,0.119354838709677,310,0.692450422847716,-0.254056724605736
wsnp_Ex_c29434_38471452,chr2B,446031062,0.688474180049151,0.4,310,0.969010881575547,-0.04198771758292
wsnp_Ex_rep_c104478_89183627,chr2B,446614453,0.976635962560644,0.432258064516129,310,0.996711966238265,0.00272651492862863
CAP8_c3701_331,chr2B,446884124,0.0713271121711483,0.454838709677419,310,0.730277787114189,-0.196673270570695
RAC875_c3039_101,chr2B,448972010,0.595678743741469,0.470967741935484,310,0.969010881575547,-0.0645167438354335
Kukri_c20819_497|wsnp_Ex_c25438_34703568,chr2B,448974935,0.546135934494086,0.458064516129032,310,0.966727173812803,-0.0787992406298983
BS00066545_51,chr2B,451671316,0.530726326056889,0.487096774193548,310,0.961783049710527,0.0637593389387057
wsnp_CAP8_c775_527730,chr2B,451899721,0.821926394045775,0.22741935483871,310,0.972803937913018,0.0250069429184627
wsnp_CAP8_c775_527759,chr2B,451899750,0.900958239002618,0.469354838709677,310,0.982144561009376,-0.0157748825954656
wsnp_CAP11_c5255_2442548,chr2B,451899991,0.617930204705252,0.440322580645161,310,0.969010881575547,0.0586956468418691
wsnp_JD_c352_546108,chr2B,452059695,0.469747686235786,0.469354838709677,310,0.937293415236168,-0.0993480501971788
Kukri_c8595_834,chr2B,452541234,0.00180790749008589,0.161290322580645,310,0.448893791437249,-0.338773083116472
Kukri_c8595_953|wsnp_Ex_c12634_20096724,chr2B,452541446,0.801215495487718,0.0967741935483871,310,0.972803937913018,0.0404365833134559
BobWhite_c7326_70,chr2B,454778400,0.600656118255037,0.0709677419354839,310,0.969010881575547,-0.0837422903733387
BobWhite_c31986_324,chr2B,456394185,0.165373134688242,0.330645161290323,310,0.764958976424407,0.209424686583411
wsnp_JD_c9810_10594505,chr2B,456987855,0.0620802395493693,0.190322580645161,310,0.730277787114189,-0.198161501614655
BobWhite_c27816_523,chr2B,458224557,0.0884119478121788,0.453225806451613,310,0.730277787114189,-0.227504459987664
Excalibur_c22285_762,chr2B,492493648,0.821031223358385,0.262903225806452,310,0.972803937913018,0.0243280216061912
Ku_c6050_678,chr2B,527641078,0.284951575463403,0.129032258064516,310,0.870958144418299,0.183454943539353
Tdurum_contig64416_441,chr2B,528569946,0.0356652932330701,0.361290322580645,310,0.701327299169449,0.243978364024397
wsnp_Ex_c29445_38480890,chr2B,530602951,0.181550826609161,0.132258064516129,310,0.790469379265818,0.180567355261035
Kukri_c25281_99,chr2B,539255935,0.136556546608895,0.204838709677419,310,0.740002278216482,0.187898519657249
wsnp_Ku_c4004_7311479,chr2B,541691751,0.12599293468053,0.209677419354839,310,0.740002278216482,0.193507701120016
Excalibur_c84741_99,chr2B,544851508,0.731896759038248,0.133870967741935,310,0.969010881575547,0.0476599703977101
Ex_c55735_1012,chr2B,602264831,0.157839226551787,0.0483870967741935,310,0.75175717875204,0.270657140795448
Kukri_rep_c112675_676|wsnp_Ex_c55735_58127324,chr2B,602265433,0.588742897112659,0.37741935483871,310,0.969010881575547,-0.0457432750246021
wsnp_Ex_rep_c67561_66188180,chr2B,645740965,0.68639062637933,0.488709677419355,310,0.969010881575547,0.0337513884572402
Tdurum_contig12459_491,chr2B,649815840,0.253353561869096,0.325806451612903,310,0.857616367476422,-0.155771500936027
BS00057475_51,chr2B,650488808,0.0533505509537003,0.317741935483871,310,0.730277787114189,0.196330490100177
Tdurum_contig22828_244,chr2B,651771674,0.692398879521422,0.438709677419355,310,0.969010881575547,-0.0330872422522681
BS00079013_51,chr2B,658079744,0.696342563068832,0.151612903225806,310,0.969010881575547,-0.0473882219137138
wsnp_Ex_c9628_15927045,chr2B,658140718,0.334326079299004,0.414516129032258,310,0.876489884453027,-0.11254881662753
RAC875_c3947_441,chr2B,658444286,0.065281697308808,0.258064516129032,310,0.730277787114189,-0.21439583816904
BobWhite_c12134_1140,chr2B,658449223,0.433459075210001,0.217741935483871,310,0.937293415236168,-0.0831829697189761
BobWhite_c5543_492,chr2B,662694186,0.810631387360641,0.182258064516129,310,0.972803937913018,-0.0317195648606834
BobWhite_c22106_204,chr2B,662948543,0.400446304933338,0.179032258064516,310,0.9269034871207,-0.106611710217059
wsnp_Ex_c58274_59638635,chr2B,663428891,0.109152565172541,0.148387096774194,310,0.740002278216482,-0.185027954767945
Tdurum_contig76090_916,chr2B,664249819,0.375996103279073,0.217741935483871,310,0.911077222709445,0.0823746819438025
wsnp_Ex_c18503_27349536,chr2B,665036395,0.207699442077208,0.164516129032258,310,0.815670653499399,-0.158957564373832
Tdurum_contig5691_596,chr2B,666308911,0.0247102794616029,0.187096774193548,310,0.67761984027302,-0.259298472665666
Tdurum_contig5691_526,chr2B,666308981,0.886854324248641,0.17741935483871,310,0.980645551281194,0.0184264809756947
BS00094373_51,chr2B,668476964,0.934452709807194,0.0806451612903226,310,0.985712244876452,0.0186144682701475
tplb0049b10_696,chr2B,669500070,0.683668925367714,0.196774193548387,310,0.969010881575547,-0.0508348938898493
Tdurum_contig62800_207,chr2B,670067447,0.150068016647495,0.17258064516129,310,0.746958268777811,-0.182138735456412
Tdurum_contig18858_324,chr2B,673052911,0.635676416906409,0.132258064516129,310,0.969010881575547,0.0687318597385058
JD_c8871_331,chr2B,685899987,0.184168303248362,0.161290322580645,310,0.793749100834538,-0.17934763520126
wsnp_Ra_c10658_17500498,chr2B,685900594,0.0230161919820703,0.0758064516129032,310,0.655961471489004,-0.464318243615253
IAAV2633,chr2B,691726284,0.782849180050496,0.164516129032258,310,0.972803937913018,0.0362831386848619
wsnp_Ex_c5123_9088111,chr2B,692712833,0.710353287393124,0.188709677419355,310,0.969010881575547,0.047776759902117
wsnp_Ku_c9901_16493072,chr2B,692715018,0.770634463637136,0.180645161290323,310,0.971956529084096,-0.038942051494498
BS00046165_51,chr2B,693549242,0.753296082160562,0.120967741935484,310,0.969010881575547,-0.0530601991049764
Excalibur_c36280_764,chr2B,693550500,0.568213674412702,0.212903225806452,310,0.969010881575547,-0.0689008693036612
BobWhite_c38001_528,chr2B,708723812,0.298585798861982,0.0854838709677419,310,0.870958144418299,0.183741122742479
BS00025649_51,chr2B,711741987,0.543453186236851,0.195161290322581,310,0.966727173812803,-0.0718554902746504
Excalibur_c2484_2113,chr2B,712442143,0.28308464369676,0.135483870967742,310,0.870958144418299,-0.125897290888179
Tdurum_contig56876_365,chr2B,721733507,0.541869879038961,0.451612903225806,310,0.966727173812803,0.0957765671999198
BS00081109_51,chr2B,728733841,0.341849665556905,0.153225806451613,310,0.878191004181359,-0.119423480373232
Kukri_c64884_106,chr2B,729793265,0.552215134826827,0.435483870967742,310,0.966727173812803,0.119144088010373
Kukri_c38497_174,chr2B,731053947,0.888133234049102,0.161290322580645,310,0.980807690540717,0.0167204324292971
RAC875_c54085_51,chr2B,732976868,0.129454582964024,0.167741935483871,310,0.740002278216482,-0.179607070069206
BS00035380_51,chr2B,734577169,0.590306234060324,0.174193548387097,310,0.969010881575547,-0.0716579781727553
Excalibur_rep_c111396_152,chr2B,734577832,0.74382507585955,0.204838709677419,310,0.969010881575547,-0.0410413285895963
BS00012382_51,chr2B,734578554,0.141951140342109,0.145161290322581,310,0.742164049594072,-0.186010542911607
BobWhite_c15453_1010,chr2B,735073178,0.710631008024052,0.162903225806452,310,0.969010881575547,-0.0514208126898019
BS00030364_51,chr2B,744255572,0.973783512903509,0.240322580645161,310,0.995761265798901,-0.0037515613846395
CAP11_c2941_210,chr2B,745906250,0.457924777021638,0.241935483870968,310,0.937293415236168,-0.0913830564481053
RFL_Contig3713_280,chr2B,760066263,0.984190566190201,0.0741935483870968,310,0.997422067950324,0.0030757921142186
BobWhite_c33464_133,chr2B,760220092,0.586249957887779,0.241935483870968,310,0.969010881575547,0.0486105951512048
RFL_Contig2751_1562,chr2B,768826241,0.545339327946154,0.291935483870968,310,0.966727173812803,0.0611823528048419
Tdurum_contig14482_423,chr2B,771094080,0.0974865986584601,0.237096774193548,310,0.740002278216482,0.200171630052591
BS00072349_51,chr2B,771280632,0.911063219871234,0.0693548387096774,310,0.982463711845299,0.0168144042466061
BobWhite_c24069_257,chr2B,773226077,0.207266246170281,0.0967741935483871,310,0.815670653499399,0.194356918719937
Excalibur_c910_946,chr2B,773622725,0.982673072160579,0.0838709677419355,310,0.997422067950324,-0.00383437230180306
Ra_c12604_447,chr2B,774176278,0.526593823727008,0.146774193548387,310,0.959121740742549,0.0876110386402118
RAC875_c21269_1225,chr2B,774200442,0.772447220156951,0.0967741935483871,310,0.972348486493308,0.0547798951438772
BobWhite_c12911_649,chr2B,775075291,0.257446542059225,0.0887096774193548,310,0.860547068873116,0.193393092695729
BobWhite_c39769_102,chr2B,775267851,0.633871304025267,0.161290322580645,310,0.969010881575547,0.0589291327376671
BS00039187_51,chr2B,775944587,0.101448333430544,0.237096774193548,310,0.740002278216482,0.195975440012049
RAC875_c7735_338,chr2B,776412867,0.478414050752555,0.317741935483871,310,0.939286252977516,-0.0634914289027648
Kukri_c94792_127,chr2B,780018349,0.7188396242564,0.0580645161290323,310,0.969010881575547,-0.0798272207201407
RAC875_c12741_101,chr2B,780403527,0.717422359964586,0.398387096774194,310,0.969010881575547,-0.0546490203579708
RAC875_c35873_1894,chr2B,791032693,0.677848998742122,0.488709677419355,310,0.969010881575547,-0.0367015069650591
BS00012463_51,chr2B,791033894,0.704752797894834,0.333870967741935,310,0.969010881575547,0.033653331436863
RFL_Contig2324_729,chr2B,791203465,0.85530373674722,0.138709677419355,310,0.976160209998383,-0.0204387912038833
BS00065264_51,chr2B,796608972,0.0911265610956839,0.0451612903225806,310,0.730277787114189,0.312493922493697
BS00071755_51,chr2D,16051460,0.907102540713493,0.0516129032258065,310,0.982144561009376,0.0212380548801949
RAC875_c52926_871,chr2D,16510981,0.524406436676313,0.382258064516129,310,0.959121740742549,-0.0520553241586832
BS00047901_51,chr2D,16868665,0.304446285188727,0.188709677419355,310,0.870958144418299,0.120663925294815
wsnp_JD_c69_109951,chr2D,17292338,0.262057825278219,0.187096774193548,310,0.862227700839555,0.132416923608748
RAC875_c16897_367,chr2D,18953272,0.282289694077306,0.12258064516129,310,0.870958144418299,0.185531755029047
Kukri_rep_c113120_104,chr2D,22008879,0.83210898186702,0.224193548387097,310,0.972803937913018,0.0309784561212751
Ex_c14755_1390,chr2D,22009818,0.167649527127613,0.167741935483871,310,0.768808242692026,0.215564209493973
BS00022276_51,chr2D,31231724,0.44554409207041,0.0741935483870968,310,0.937293415236168,0.12194114892865
D_contig05584_210,chr2D,33724378,0.350594456654715,0.437096774193548,310,0.888091235090292,0.162848685637613
CAP12_c812_220,chr2D,34725223,0.145899951604182,0.180645161290323,310,0.744266169416557,0.209077071084671
RAC875_c7319_195,chr2D,36096235,0.991855334753727,0.0435483870967742,310,0.997422067950324,-0.00211390665719513
wsnp_CAP12_c1503_764765,chr2D,37575041,0.219639327821915,0.246774193548387,310,0.838234756503938,0.150649784718524
Excalibur_c39215_100,chr2D,56989437,0.351907420622536,0.267741935483871,310,0.888314874628603,-0.117825091929081
D_GBUVHFX02GV41H_67,chr2D,58984014,0.694972238112245,0.47741935483871,310,0.969010881575547,-0.0524677014902792
Excalibur_c59090_145,chr2D,61033250,0.318499616271048,0.0919354838709677,310,0.870958144418299,-0.143881931357296
Kukri_c20972_618,chr2D,61724514,0.671292342664171,0.283870967741935,310,0.969010881575547,0.0439075145859178
Excalibur_c15048_488,chr2D,63306587,0.262049952488438,0.180645161290323,310,0.862227700839555,-0.176232554960005
wsnp_Ku_c3107_5818628,chr2D,63474471,0.774716326922224,0.0580645161290323,310,0.972348486493308,0.0524298259236122
wsnp_Ex_c1944_3663988,chr2D,63475865,0.64266302285745,0.124193548387097,310,0.969010881575547,0.0783616802747922
wsnp_Ex_c1944_3664205,chr2D,63476082,0.635552227878824,0.0532258064516129,310,0.969010881575547,-0.0917747307018999
Excalibur_c1944_1017,chr2D,63476218,0.777548619929284,0.141935483870968,310,0.972348486493308,0.0317030016180517
RAC875_c65419_229,chr2D,63476391,0.205756137298427,0.0790322580645161,310,0.815670653499399,-0.188660917242102
Kukri_c16477_181,chr2D,64355476,0.0293294876895612,0.483870967741935,310,0.692450422847716,-0.211823784790482
Kukri_c16477_157,chr2D,64355500,0.994020410123986,0.483870967741935,310,0.997694813091276,0.00072251712092708
BobWhite_c16655_421,chr2D,65241964,0.854411432077457,0.256451612903226,310,0.976160209998383,-0.0274481285396559
wsnp_Ex_c6400_11123059,chr2D,65601481,1.25838602177443e-05,0.288709677419355,310,0.0111178405023771,-0.379144687544285
BS00073229_51,chr2D,67632176,0.0974767810649263,0.124193548387097,310,0.740002278216482,0.277607499722265
Excalibur_c2496_1752,chr2D,74452313,0.278302456276478,0.190322580645161,310,0.870958144418299,-0.145343200134242
RAC875_rep_c72220_143,chr2D,81281046,0.462288829899577,0.264516129032258,310,0.937293415236168,-0.0969519774151024
D_contig77859_59,chr2D,81410710,0.568060584695963,0.306451612903226,310,0.969010881575547,0.0696880982756269
Kukri_c26576_329,chr2D,82724851,0.753833389451777,0.238709677419355,310,0.969010881575547,-0.0368048191023753
Kukri_c43943_587,chr2D,95579933,0.80784880466865,0.4,310,0.972803937913018,0.0242159264876172
Excalibur_c62824_402,chr2D,100497677,0.930036090009034,0.108064516129032,310,0.985712244876452,-0.0193648667946675
Excalibur_c65531_147,chr2D,240687708,0.796479206911941,0.438709677419355,310,0.972803937913018,-0.0275418017878302
Excalibur_c31302_230,chr2D,272501525,0.452405261282802,0.287096774193548,310,0.937293415236168,0.0662684851465318
wsnp_Ex_c25311_34578436,chr2D,323580280,0.791302598586199,0.25,310,0.972803937913018,0.0286962461170699
BS00027456_51,chr2D,355048394,0.756003321253835,0.174193548387097,310,0.969010881575547,-0.0390127588329534
BS00000905_51,chr2D,372826720,0.882581990961747,0.188709677419355,310,0.97911824083079,-0.0168296064687672
wsnp_Ku_c8712_14751858,chr2D,476510310,0.708321474243369,0.162903225806452,310,0.969010881575547,0.051222013678295
wsnp_Ex_c8303_14001708,chr2D,484597631,0.808951951513051,0.390322580645161,310,0.972803937913018,0.0332474867378281
wsnp_Ex_rep_c66522_64795143,chr2D,555317716,0.667609114528229,0.0612903225806452,310,0.969010881575547,0.0697850711480346
RAC875_rep_c85788_126,chr2D,575297699,0.359655978922308,0.270967741935484,310,0.895850471273453,0.129200921103333
RAC875_c76186_510,chr2D,580358189,0.831298686403906,0.0580645161290323,310,0.972803937913018,0.0356801858378422
RFL_Contig3172_1512,chr2D,580435936,0.99489832021386,0.0951612903225806,310,0.997721527705954,-0.00136002051427653
Excalibur_c62255_986,chr2D,582833850,0.747372910164627,0.317741935483871,310,0.969010881575547,0.0425523382173623
Excalibur_c21486_352,chr2D,583255270,0.897736082054196,0.112903225806452,310,0.981174554347141,0.0196753921794262
wsnp_RFL_Contig2659_2346243,chr2D,598730639,0.204493017426244,0.0870967741935484,310,0.815670653499399,-0.184240181832733
BobWhite_c6365_965,chr2D,605118755,0.437593670283965,0.141935483870968,310,0.937293415236168,-0.121119613926059
RFL_Contig5204_503,chr2D,610136629,0.223341712296034,0.0725806451612903,310,0.846309070035539,0.211246726915826
Kukri_c31121_1460,chr2D,610846860,0.975910442406119,0.164516129032258,310,0.996711966238265,0.00334795358076079
Excalibur_c44325_339,chr2D,611561802,0.767944890241389,0.0887096774193548,310,0.970623582132709,0.0479946813957781
RAC875_c79540_228,chr2D,611843724,0.43123400201331,0.119354838709677,310,0.937293415236168,-0.110474857758902
Kukri_c25786_210,chr2D,611844255,0.418308049680294,0.104838709677419,310,0.929896649497577,0.114894190863144
RAC875_rep_c120698_93,chr2D,612118868,0.23209803540489,0.161290322580645,310,0.853466056948967,0.123631047884613
Excalibur_c18353_55,chr2D,612119051,0.128608609552645,0.240322580645161,310,0.740002278216482,-0.178938622773064
RAC875_c14766_952,chr2D,612135679,0.855728446682227,0.143548387096774,310,0.976160209998383,0.0258854616076682
Excalibur_c8720_321,chr2D,613642981,0.599364802865447,0.0951612903225806,310,0.969010881575547,0.09229004042664
wsnp_BE426620D_Ta_2_2,chr2D,613653184,0.991151112860876,0.0854838709677419,310,0.997422067950324,-0.00160197375805815
Kukri_c89993_379,chr2D,615559803,0.116042680596729,0.125806451612903,310,0.740002278216482,-0.178566863303825
RFL_Contig2460_547,chr2D,616005424,0.156407792135399,0.133870967741935,310,0.75175717875204,0.158170758977874
Excalibur_c1451_351,chr2D,616006909,0.93159244508543,0.0935483870967742,310,0.985712244876452,-0.0156935446336846
BS00084880_51,chr2D,617544748,0.829533224939524,0.185483870967742,310,0.972803937913018,0.0261528625892566
D_GDS7LZN02G73QS_245,chr2D,618274152,0.127418576566118,0.0612903225806452,310,0.740002278216482,0.250294046232954
Kukri_c40146_77,chr2D,618519846,0.881478698171885,0.332258064516129,310,0.979103971885463,0.0246889828956043
BS00087054_51,chr2D,619269851,0.534967844797497,0.17258064516129,310,0.966136665437417,0.0806097734727516
wsnp_Ex_c21593_30744815,chr2D,620658752,0.807162517169978,0.0532258064516129,310,0.972803937913018,-0.0416506462298507
BS00100106_51,chr2D,620838585,0.98154892166274,0.0693548387096774,310,0.997422067950324,0.00387657903994132
RAC875_c56980_68,chr2D,621354531,0.80635304866317,0.12741935483871,310,0.972803937913018,-0.0360550333346161
Excalibur_c31806_491,chr2D,639613237,0.701701100233218,0.17258064516129,310,0.969010881575547,-0.0534529310609564
Kukri_c16094_406,chr2D,641092837,0.891410453691835,0.119354838709677,310,0.980807690540717,-0.0193398144924686
RFL_Contig2862_1287,chr2D,641094295,0.738078758268331,0.298387096774194,310,0.969010881575547,0.036184622608129
Excalibur_c77068_190,chr2D,645018722,0.146941309990331,0.443548387096774,310,0.744266169416557,-0.251403013907108
RFL_Contig1732_264,chr2D,646607449,0.415647316807399,0.295161290322581,310,0.929896649497577,-0.0899616105961236
RAC875_c67940_296,chr2D,647207324,0.11305531878865,0.179032258064516,310,0.740002278216482,-0.184770234090557
Kukri_c498_2381,chr2D,654403596,0.487453942745076,0.1,310,0.944261455419319,0.0877723260699881
BobWhite_c5756_516,chr2D,654991065,0.973774095729469,0.206451612903226,310,0.995761265798901,0.00387166530736494
BS00086534_51,chr2D,655648075,0.599067166367655,0.246774193548387,310,0.969010881575547,-0.0610029815982536
Kukri_c1526_616,chr2D,655808124,0.201041689565994,0.490322580645161,310,0.813296684869993,-0.143381084925856
Excalibur_c10461_394,chr2D,655998129,0.622006893010614,0.359677419354839,310,0.969010881575547,0.0576056262508899
Excalibur_rep_c67599_2154,chr2D,656452099,0.59639742698375,0.153225806451613,310,0.969010881575547,0.0617043457247703
tplb0062k24_584,chr3A,1339838,0.777050785166091,0.082258064516129,310,0.972348486493308,0.0555527209417441
IAAV4876,chr3A,3681326,0.0501309263446068,0.032258064516129,310,0.720173551633498,0.437849383893287
Excalibur_c11079_101,chr3A,3687599,0.640504058944946,0.0596774193548387,310,0.969010881575547,0.0863093018080754
tplb0050o09_968,chr3A,3757850,0.375649235756997,0.101612903225806,310,0.911077222709445,0.1199542480618
Excalibur_c19658_127,chr3A,3893832,0.756909841877851,0.204838709677419,310,0.969010881575547,0.0479462608424228
Excalibur_c11301_305,chr3A,3896569,0.505237054868019,0.209677419354839,310,0.947217842248791,0.101712429036482
Kukri_rep_c89183_282,chr3A,4861746,0.0177717723071322,0.0645161290322581,310,0.655961471489004,0.421389418866863
RAC875_c7060_67,chr3A,4862416,0.765659162320525,0.0758064516129032,310,0.969602426603275,0.0476590656852061
wsnp_Ex_c10014_16476905,chr3A,5992953,0.0375071307368433,0.0709677419354839,310,0.701327299169449,0.340373539114365
Excalibur_c11824_103,chr3A,6326188,0.452066173866223,0.148387096774194,310,0.937293415236168,-0.11301793769946
wsnp_Ex_rep_c67635_66292689,chr3A,6326519,0.397234193510697,0.0951612903225806,310,0.9269034871207,0.130456028170418
Excalibur_c12875_864,chr3A,6330439,0.703357590065139,0.082258064516129,310,0.969010881575547,0.0543553032504214
BS00066230_51,chr3A,6868533,0.148654387073336,0.12258064516129,310,0.744266169416557,0.188362019849457
Kukri_c2123_1254,chr3A,7265060,0.242880293494553,0.101612903225806,310,0.853466056948967,0.156195524799557
BS00088103_51,chr3A,8932995,0.971935750874898,0.0387096774193548,310,0.995761265798901,0.00728351511685865
Tdurum_contig52302_649,chr3A,17926801,0.89939913452426,0.216129032258065,310,0.982144561009376,0.0146429798734289
Tdurum_contig52302_92,chr3A,17927358,0.628941201045801,0.374193548387097,310,0.969010881575547,-0.0534024615587327
Kukri_c10511_94,chr3A,50917289,0.193664101295608,0.129032258064516,310,0.805186981151387,0.158053027497333
Kukri_c62467_362,chr3A,50918022,0.0873687034409078,0.0870967741935484,310,0.730277787114189,0.261215377211862
Kukri_rep_c73936_154,chr3A,51162762,0.248742389614113,0.187096774193548,310,0.853466056948967,0.11632329054776
BobWhite_c9704_273,chr3A,52213865,0.151922750558652,0.0532258064516129,310,0.747764624615985,0.289602689309465
wsnp_Ex_c21950_31124594,chr3A,52370420,0.903332382232939,0.130645161290323,310,0.982144561009376,0.0149799902214163
JG_c3077_214,chr3A,52420539,0.436829985821527,0.0532258064516129,310,0.937293415236168,0.13516268527834
BS00021694_51,chr3A,53683759,0.304696412417329,0.0983870967741935,310,0.870958144418299,-0.150882583306878
BS00094366_51,chr3A,53684310,0.860756861898896,0.103225806451613,310,0.976566090371759,0.0239332912209562
IAAV2646,chr3A,53960110,0.97220130011751,0.109677419354839,310,0.995761265798901,-0.00495767878614117
wsnp_Ra_c16846_25598885,chr3A,144269218,0.761717106021033,0.27741935483871,310,0.969010881575547,-0.0284786856439041
wsnp_Ex_c10272_16842803,chr3A,181349358,0.463382692714916,0.262903225806452,310,0.937293415236168,-0.0739285648186829
BobWhite_c47722_613,chr3A,311854750,0.164715615036547,0.137096774193548,310,0.764958976424407,0.168778034090167
BS00037400_51,chr3A,439998429,0.644773009149926,0.290322580645161,310,0.969010881575547,0.0431390389611774
BS00089400_51,chr3A,442662335,0.893979927184552,0.3,310,0.980807690540717,-0.0124185905719827
wsnp_CAP11_c2438_1258747,chr3A,480573113,0.165265757044108,0.293548387096774,310,0.764958976424407,0.125057355884641
BS00095423_51,chr3A,490762484,0.623618250996156,0.341935483870968,310,0.969010881575547,0.0434106976296853
wsnp_Ex_c28310_37444843,chr3A,496454492,0.580810828646403,0.0935483870967742,310,0.969010881575547,-0.0705733028270235
Tdurum_contig57693_581,chr3A,519596973,0.830758275985747,0.146774193548387,310,0.972803937913018,0.0301784456035996
RAC875_rep_c75768_245,chr3A,525727952,0.546561702840321,0.138709677419355,310,0.966727173812803,0.0908910657972797
Tdurum_contig42827_1693,chr3A,611873680,0.574278288180659,0.366129032258065,310,0.969010881575547,0.0471101975176502
GENE-1634_405,chr3A,636113871,0.419664189884164,0.0564516129032258,310,0.931591235584571,0.143374261863475
Excalibur_c18747_1292,chr3A,642665101,0.72262985916717,0.37741935483871,310,0.969010881575547,0.0316678254865472
IAAV969,chr3A,642679130,0.50525323302871,0.385483870967742,310,0.947217842248791,0.0557948234538124
CAP7_rep_c12940_130,chr3A,643394742,0.59637647158937,0.361290322580645,310,0.969010881575547,-0.0459030201597024
wsnp_Ex_c27317_36522052,chr3A,682178196,0.971058527588225,0.2,310,0.995761265798901,0.00421490741001662
IAAV1410,chr3A,682180709,0.113304388390107,0.17741935483871,310,0.740002278216482,0.182774669600221
wsnp_Ra_c132_291198,chr3A,682430651,0.442046668899008,0.0580645161290323,310,0.937293415236168,0.138812713009543
Tdurum_contig59585_656|wsnp_JD_c29019_23208078,chr3A,682432792,0.605237022428885,0.0629032258064516,310,0.969010881575547,0.0866582875199953
BobWhite_c5337_225,chr3A,683847798,0.75812322872047,0.467741935483871,310,0.969010881575547,0.0603305224966419
BS00097265_51,chr3A,698464202,0.348074611179803,0.0532258064516129,310,0.887656104189118,0.16551699326719
BS00074926_51,chr3A,742634155,0.819636140378097,0.0241935483870968,310,0.972803937913018,0.0596940184990373
Tdurum_contig67686_633,chr3A,744519119,0.107470448839385,0.496774193548387,310,0.740002278216482,-0.150610961632697
wsnp_Ex_c28679_37784735,chr3A,747603616,0.30981376304236,0.433870967741936,310,0.870958144418299,-0.0880742579327105
RAC875_s113853_61,chr3B,1936570,0.448814807790905,0.211290322580645,310,0.937293415236168,-0.121037448087726
Excalibur_c57482_242,chr3B,3821410,0.0437487945849168,0.0854838709677419,310,0.71173467449109,-0.299201302630612
BobWhite_c5611_281,chr3B,3822948,0.245523334163057,0.135483870967742,310,0.853466056948967,0.143715796450445
Tdurum_contig50954_475,chr3B,3941853,0.493074098750312,0.119354838709677,310,0.945080836364202,0.0832019417257541
Kukri_c12817_59,chr3B,4190096,0.844899428048077,0.169354838709677,310,0.973668271608456,0.024136821091485
Ex_c4578_544,chr3B,4655338,0.0737492575193916,0.475806451612903,310,0.730277787114189,-0.179522506400154
RAC875_rep_c118986_60,chr3B,6517115,0.75578911116207,0.356451612903226,310,0.969010881575547,0.0442684118220384
wsnp_Ex_c16919_25506076,chr3B,7651071,0.810316577867053,0.190322580645161,310,0.972803937913018,-0.0242909592407905
Excalibur_c8314_405,chr3B,10877181,0.739018717792563,0.245161290322581,310,0.969010881575547,-0.0293741266743872
Tdurum_contig14251_320,chr3B,11235481,0.0995843530543381,0.356451612903226,310,0.740002278216482,-0.149517220081979
RFL_Contig5709_3005,chr3B,13020455,0.432392422904733,0.487096774193548,310,0.937293415236168,-0.0702465669681658
CAP7_c1576_371,chr3B,13839037,0.692996738648031,0.483870967741935,310,0.969010881575547,-0.0323675187912471
tplb0041e10_1230,chr3B,19580794,0.755369700474839,0.0451612903225806,310,0.969010881575547,0.0674292590935259
Tdurum_contig22897_107,chr3B,28249938,0.82720097322653,0.158064516129032,310,0.972803937913018,0.0315247024529306
wsnp_Ex_c4063_7344641,chr3B,72169384,0.453189707439448,0.129032258064516,310,0.937293415236168,-0.0894117969496691
Ku_c56846_964,chr3B,72680858,0.0373292699179804,0.188709677419355,310,0.701327299169449,-0.280261360687344
wsnp_Ku_c13069_20938717,chr3B,74068047,0.0888277345173862,0.120967741935484,310,0.730277787114189,-0.270010502899119
Kukri_c48750_1372,chr3B,74069930,0.360469544468265,0.154838709677419,310,0.895850471273453,-0.124183209477902
wsnp_Ex_c11246_18191331,chr3B,75787307,0.300297238988827,0.0612903225806452,310,0.870958144418299,-0.192432132903146
BS00065429_51,chr3B,78993759,0.748140065266284,0.0645161290322581,310,0.969010881575547,-0.0562447797281571
RAC875_c86306_256,chr3B,79633533,0.0418946398883459,0.0661290322580645,310,0.71173467449109,-0.343948593867381
Kukri_c48410_604,chr3B,141816811,0.466511421657988,0.362903225806452,310,0.937293415236168,-0.0656496294214435
wsnp_JD_c9902_10674626,chr3B,153808061,0.620069672169703,0.246774193548387,310,0.969010881575547,0.0473484428090885
BS00045195_51,chr3B,168855051,0.664043252733219,0.179032258064516,310,0.969010881575547,0.0493790668028637
RAC875_c21086_130,chr3B,244829588,0.137688711549695,0.0919354838709677,310,0.740002278216482,-0.257181248842745
GENE-4829_238,chr3B,245563450,0.653018674756682,0.1,310,0.969010881575547,0.0577564958363084
Tdurum_contig3182_132,chr3B,246737866,0.754141945925584,0.166129032258065,310,0.969010881575547,0.035281024363071
Kukri_c14113_98,chr3B,247056235,0.326778211360772,0.198387096774194,310,0.870958144418299,-0.106981938683237
RAC875_s119223_94,chr3B,250994037,0.413456115116002,0.130645161290323,310,0.929896649497577,0.11744019309209
BS00049570_51,chr3B,253746004,0.833856996175972,0.211290322580645,310,0.973200338337479,0.0239344977240066
RAC875_c8755_314,chr3B,254185065,0.675289078133074,0.209677419354839,310,0.969010881575547,0.0478236536051497
BS00091577_51,chr3B,254185364,0.714066934057844,0.135483870967742,310,0.969010881575547,-0.0447014238704782
RAC875_rep_c86918_170,chr3B,263288655,0.779815033157039,0.138709677419355,310,0.972803937913018,-0.0313043636251606
BobWhite_rep_c53979_427,chr3B,270430990,0.551180843320239,0.301612903225806,310,0.966727173812803,0.0522158280687073
IAAV8536,chr3B,442698226,0.990074315799626,0.209677419354839,310,0.997422067950324,-0.0012439007095324
wsnp_Ex_c1116_2138756,chr3B,480585332,0.374406765395078,0.359677419354839,310,0.911077222709445,-0.0723211422414956
BS00082644_51,chr3B,481745930,0.912207010058665,0.0419354838709677,310,0.982847430959549,0.0236024020032275
TA005793-0515,chr3B,490162710,0.151367058922447,0.395161290322581,310,0.747110595295989,0.155247947767052
BS00045330_51,chr3B,494048201,0.664332213526335,0.480645161290323,310,0.969010881575547,-0.102543579763108
BobWhite_c35249_110,chr3B,507821802,0.169932326873243,0.193548387096774,310,0.770416266637801,0.146470856941821
TA002241-1114,chr3B,508130723,0.218114816707489,0.135483870967742,310,0.837845393743766,0.157007092629627
BS00037898_51,chr3B,508496640,0.318894497332335,0.2,310,0.870958144418299,0.106213865412236
wsnp_Ex_c7172_12318529,chr3B,508836747,0.0683729633404617,0.196774193548387,310,0.730277787114189,0.185482412484172
wsnp_Ex_c5457_9632050,chr3B,513051696,0.24971247959401,0.161290322580645,310,0.853466056948967,0.130784467859076
BS00036352_51,chr3B,513053489,0.332624760787542,0.204838709677419,310,0.873325337758672,0.108930845771098
wsnp_Ex_c2920_5385184,chr3B,520221779,0.677395237494563,0.0645161290322581,310,0.969010881575547,0.066995274208379
RAC875_c32792_231,chr3B,521006321,0.581980816913903,0.0532258064516129,310,0.969010881575547,0.10185982778815
BobWhite_c24718_225,chr3B,525432136,0.681569511175118,0.0903225806451613,310,0.969010881575547,-0.0653034077697257
Ex_c5074_1539,chr3B,570228048,0.0192677526997802,0.0435483870967742,310,0.655961471489004,-0.472743577949789
Excalibur_c5921_1315,chr3B,576003677,0.302091578022902,0.488709677419355,310,0.870958144418299,0.200176334095346
Kukri_rep_c107421_115,chr3B,594656729,0.262523204896254,0.270967741935484,310,0.862227700839555,0.108289175594077
BS00005265_51,chr3B,594935164,0.483057001998895,0.05,310,0.940877164738394,-0.12498083572804
Jagger_c5649_59,chr3B,595356881,0.556975639436472,0.0516129032258065,310,0.966727173812803,-0.105889985903126
Tdurum_contig4913_705,chr3B,598452145,0.0719833699737942,0.22258064516129,310,0.730277787114189,0.186381888439417
BobWhite_c32864_250,chr3B,617462379,0.826692711298975,0.0451612903225806,310,0.972803937913018,0.0399962383288877
wsnp_Ra_c69_149518,chr3B,753609407,0.402743182857708,0.183870967741935,310,0.9269034871207,-0.116885141990799
Excalibur_c33274_498,chr3B,755676302,0.591864641411094,0.306451612903226,310,0.969010881575547,-0.0529568472768887
Tdurum_contig11443_1022,chr3B,755676651,0.902056674973067,0.158064516129032,310,0.982144561009376,-0.0176629871649716
Tdurum_contig55751_315,chr3B,758822591,0.0682655008871611,0.37741935483871,310,0.730277787114189,-0.158299125837175
BS00030651_51,chr3B,781879073,0.620317414960537,0.291935483870968,310,0.969010881575547,-0.0527940835301131
RFL_Contig4186_914,chr3B,787799347,0.0225345294450353,0.0580645161290323,310,0.655961471489004,-0.392631793394074
Tdurum_contig28053_218,chr3B,811836284,0.107104710115844,0.112903225806452,310,0.740002278216482,0.2523631458109
BS00071041_51,chr3B,812182698,0.908635896141454,0.067741935483871,310,0.982144561009376,-0.01744252352551
GENE-2712_367,chr3B,812302124,0.34013294676901,0.456451612903226,310,0.878191004181359,-0.143508825164446
RAC875_c37741_476,chr3B,836174029,0.803110250943156,0.393548387096774,310,0.972803937913018,-0.0191171125767795
RAC875_c37741_218,chr3B,836174889,0.475738440090764,0.232258064516129,310,0.939251199598191,0.0656816385079111
wsnp_JD_c18509_16968425,chr3B,841311388,0.33042376379605,0.411290322580645,310,0.872096299089297,0.109012202602386
Tdurum_contig59566_4435,chr3B,841312024,0.143463011629068,0.0758064516129032,310,0.743399242077896,0.263211733230193
IAAV8659,chr3B,842939157,0.192285308025376,0.0629032258064516,310,0.805186981151387,-0.299385516127828
Kukri_c48601_98,chr3B,844119703,0.0555247066523331,0.145161290322581,310,0.730277787114189,-0.247229310406309
Tdurum_contig14350_431,chr3D,77091,0.659877756263739,0.082258064516129,310,0.969010881575547,-0.0674039294783348
BobWhite_c18256_809,chr3D,743093,0.318450257422245,0.340322580645161,310,0.870958144418299,-0.0919360220482197
Kukri_rep_c94244_339,chr3D,803716,0.789162486382628,0.435483870967742,310,0.972803937913018,0.0207815367168287
BS00098760_51,chr3D,1051628,0.602825698086356,0.237096774193548,310,0.969010881575547,-0.0591512406375969
BS00080157_51,chr3D,1476240,0.659054410461984,0.183870967741935,310,0.969010881575547,0.0705054553372619
RAC875_c22383_248,chr3D,1481100,0.818305352240894,0.0403225806451613,310,0.972803937913018,0.0519084921061026
IAAV1578,chr3D,2714182,0.959986200141234,0.37258064516129,310,0.993147315954076,0.00476916681646955
tplb0053a24_1247,chr3D,3588508,0.831986468288303,0.496774193548387,310,0.972803937913018,-0.0235793332042533
Excalibur_c9485_351,chr3D,3695097,0.863927816358978,0.333870967741935,310,0.976566090371759,-0.0146053190548034
Excalibur_c20559_98,chr3D,3695344,0.775426296747858,0.42741935483871,310,0.972348486493308,-0.0243170823208594
Excalibur_c12875_1643,chr3D,5008394,0.75016017157988,0.351612903225806,310,0.969010881575547,0.0276232062039057
wsnp_JD_c396_603720,chr3D,5433044,0.465987800479119,0.114516129032258,310,0.937293415236168,0.107073910443468
D_contig79290_372,chr3D,31799415,0.137781974834874,0.151612903225806,310,0.740002278216482,-0.189060995377471
Kukri_c5252_107,chr3D,34080877,0.0820659097639317,0.170967741935484,310,0.730277787114189,-0.172956717390475
wsnp_Ex_c18250_27065775,chr3D,126064001,0.663778120937698,0.303225806451613,310,0.969010881575547,0.0435850690369968
wsnp_Ex_rep_c78526_74641162,chr3D,162446861,0.277961124896764,0.245161290322581,310,0.870958144418299,0.114411215809646
Kukri_c43208_335,chr3D,178478493,0.781308207495039,0.229032258064516,310,0.972803937913018,0.0291380292550816
wsnp_Ex_c54003_57045475,chr3D,267619256,0.935124720811445,0.264516129032258,310,0.985712244876452,0.00831208706007658
Ra_c4231_465,chr3D,344728534,0.875162323427301,0.0370967741935484,310,0.976934641015279,-0.0326631770389518
IAAV1270,chr3D,378358338,0.921388448286774,0.438709677419355,310,0.985712244876452,-0.0102645719608532
BobWhite_c27541_67,chr3D,378927754,0.479825128563816,0.311290322580645,310,0.940877164738394,0.0586936555114939
tplb0029j24_2118,chr3D,418236443,0.196091871201197,0.219354838709677,310,0.811462146165142,0.121383429219625
RAC875_c494_436,chr3D,424883434,0.85295415122064,0.0419354838709677,310,0.976160209998383,0.0344546681867204
RFL_Contig383_1347,chr3D,508864621,0.750528947005927,0.0483870967741935,310,0.969010881575547,0.0614963227765948
Kukri_c8913_385,chr3D,516319262,0.522534150927481,0.0564516129032258,310,0.95779859407558,-0.112719636392999
BS00054496_51,chr3D,539622336,0.941084638996363,0.374193548387097,310,0.985712244876452,0.00626834281627353
RAC875_c101793_136,chr3D,551216475,0.821619269424146,0.364516129032258,310,0.972803937913018,-0.0198505402904274
D_GDRF1KQ02GV96X_70,chr3D,556604263,0.473952110608612,0.0903225806451613,310,0.937293415236168,-0.0944530758210487
CAP12_c2615_128,chr3D,582172173,0.150556411243543,0.446774193548387,310,0.747110595295989,-0.162554834652369
RAC875_c5606_501,chr3D,604572945,0.0579286424231782,0.138709677419355,310,0.730277787114189,-0.246077048252157
CAP7_c4219_186,chr3D,606219075,0.896981575260973,0.135483870967742,310,0.981174554347141,-0.0152975228068755
CAP7_c4219_359,chr3D,606219247,0.414713855978438,0.141935483870968,310,0.929896649497577,-0.0941119622830975
Kukri_c92813_223,chr3D,606569015,0.774859055362588,0.212903225806452,310,0.972348486493308,0.028212788262941
tplb0060a09_1160,chr3D,608879318,0.307762333676284,0.338709677419355,310,0.870958144418299,0.136784503251796
Jagger_c3292_145,chr3D,611260936,0.404457880344236,0.182258064516129,310,0.9269034871207,-0.111365535917486
wsnp_Ex_c12369_19730765,chr3D,613343797,0.505721098198966,0.195161290322581,310,0.947217842248791,0.0799216019898417
RAC875_c5222_411,chr3D,613758364,0.785712634171301,0.180645161290323,310,0.972803937913018,0.0294748932278743
BS00073760_51,chr3D,613957933,0.752743591266366,0.382258064516129,310,0.969010881575547,-0.0284976352723341
BobWhite_rep_c52911_146,chr3D,614179926,0.554847353388287,0.325806451612903,310,0.966727173812803,-0.0649352945891302
IAAV686,chr3D,614247171,0.397549591846526,0.179032258064516,310,0.9269034871207,-0.0915386126344249
IAAV7013,chr3D,614386580,0.394412027208865,0.145161290322581,310,0.924305108856848,-0.0952454018757507
BS00024422_51,chr3D,615044922,0.808108528961724,0.311290322580645,310,0.972803937913018,-0.022685707652073
wsnp_Ex_c7451_12757458,chr3D,615289194,0.417004181534521,0.448387096774194,310,0.929896649497577,0.0721845941369139
Excalibur_c51976_119,chr3D,615289784,0.473445434810352,0.269354838709677,310,0.937293415236168,-0.0643890026147247
TA006354-0937,chr3D,615292492,0.974602308166389,0.245161290322581,310,0.996022139115101,0.00310306917106828
RAC875_c6578_645,chr3D,615711956,0.356466676338401,0.101612903225806,310,0.893977239137489,-0.124281536150319
Excalibur_c42667_427,chr3D,615962873,0.0719892555092361,0.0629032258064516,310,0.730277787114189,-0.282037917474147
BobWhite_c5246_196,chr3D,615963084,0.835597419397702,0.412903225806452,310,0.973543744498009,-0.017169900548069
Excalibur_c6906_804,chr3D,616940285,0.338069974408803,0.456451612903226,310,0.878191004181359,-0.0830094108175778
wsnp_Ku_c7264_12545135,chr3D,616954599,0.78116360738793,0.254838709677419,310,0.972803937913018,0.0275462135852536
CAP12_c2073_98,chr3D,617434955,0.341021836215312,0.411290322580645,310,0.878191004181359,0.0719332780932369
wsnp_CAP11_c1051_622082,chr3D,617435205,0.69240425838524,0.287096774193548,310,0.969010881575547,-0.0349423891208041
CAP11_c1051_121,chr3D,617435313,0.688595708130742,0.304838709677419,310,0.969010881575547,-0.0362087092707561
BS00024440_51,chr3D,617440108,0.630094927662647,0.293548387096774,310,0.969010881575547,-0.0446332710003965
Excalibur_c46790_502,chr3D,617673993,0.736983491760511,0.283870967741935,310,0.969010881575547,0.030664583631534
BS00066691_51,chr3D,617751247,0.963783573006227,0.304838709677419,310,0.994746246204441,0.00400772211344957
Kukri_c12013_443,chr3D,617752442,0.48348413445527,0.319354838709677,310,0.940877164738394,0.0964074367090717
Kukri_c12013_90,chr3D,617752796,0.654632644546023,0.325806451612903,310,0.969010881575547,0.0457383338263142
Kukri_rep_c87658_1542,chr3D,617752952,0.432729328336416,0.375806451612903,310,0.937293415236168,-0.076036276203201
wsnp_Ex_c5061_8986366,chr3D,617753058,0.831184513006763,0.258064516129032,310,0.972803937913018,0.0187565017126659
Excalibur_c54670_110,chr3D,617757062,0.747798110124544,0.440322580645161,310,0.969010881575547,-0.0308900483315711
RAC875_c51595_177,chr3D,617757520,0.860621365549753,0.266129032258065,310,0.976566090371759,0.0167746514732237
BS00064063_51|D_contig04964_668,chr3D,617766333,0.798733989822222,0.356451612903226,310,0.972803937913018,0.0204539948604605
RAC875_c43838_146,chr3D,617840095,0.79482693041273,0.319354838709677,310,0.972803937913018,-0.0223973037080789
Excalibur_c56069_128,chr3D,617840557,0.305008398261399,0.32741935483871,310,0.870958144418299,0.087982938302325
RFL_Contig2432_953,chr3D,618256005,0.840415698970483,0.35,310,0.973543744498009,-0.0165726530029673
BS00078532_51,chr3D,618417590,0.77399551006641,0.298387096774194,310,0.972348486493308,0.0264172312205844
BS00078092_51,chr3D,618417763,0.600851986404043,0.390322580645161,310,0.969010881575547,-0.0412919270271743
BS00035307_51,chr4A,3424618,0.718416666010471,0.183870967741935,310,0.969010881575547,-0.0454657007545443
IAAV2216,chr4A,4642490,0.243595840657579,0.211290322580645,310,0.853466056948967,0.142876659306328
Kukri_c2963_272,chr4A,9987483,0.218050657212408,0.340322580645161,310,0.837845393743766,-0.106319241348595
Excalibur_c12032_1101,chr4A,10712266,0.539550792502406,0.317741935483871,310,0.966727173812803,-0.0576785393914747
BS00022177_51,chr4A,12242671,0.911071574571027,0.27258064516129,310,0.982463711845299,0.0114076798922582
wsnp_Ra_c14920_23225219,chr4A,13178397,0.699511699025729,0.274193548387097,310,0.969010881575547,0.038729953458251
RAC875_c16405_84,chr4A,29280763,0.282094490857541,0.0370967741935484,310,0.870958144418299,0.233942601199205
Kukri_c16916_1073,chr4A,30513653,0.93419274877044,0.0806451612903226,310,0.985712244876452,-0.0119846474605261
wsnp_Ex_c5690_9994334,chr4A,39010175,0.292549211943295,0.37741935483871,310,0.870958144418299,-0.167241239504463
wsnp_Ku_rep_c76865_75281903,chr4A,60651660,0.184174946996129,0.435483870967742,310,0.793749100834538,0.118007009244209
wsnp_Ex_c8131_13754852,chr4A,120070361,0.623204826343061,0.464516129032258,310,0.969010881575547,-0.0985882871942749
RAC875_c27776_86,chr4A,129834424,0.587138661928442,0.229032258064516,310,0.969010881575547,0.0656438090015428
wsnp_Ex_c9464_15689857,chr4A,534414030,0.00457232366886889,0.129032258064516,310,0.630314544739845,-0.321874794592707
IAAV125,chr4A,544012642,0.488429524761323,0.204838709677419,310,0.944261455419319,-0.0752516362589724
BS00010925_51,chr4A,587784360,0.497287735349393,0.0274193548387097,310,0.945080836364202,-0.161538847859401
BobWhite_rep_c49931_364,chr4A,603282322,0.436301206333577,0.482258064516129,310,0.937293415236168,-0.178520999029985
BS00023151_51,chr4A,609381583,0.556237634097378,0.0887096774193548,310,0.966727173812803,0.0823221940777294
BobWhite_c12128_187,chr4A,613169667,0.71181041983545,0.35,310,0.969010881575547,-0.03335376719075
Tdurum_contig42257_4485,chr4A,613283992,0.384157626753667,0.225806451612903,310,0.917259493983658,-0.0791567386725163
wsnp_Ex_c24474_33721784,chr4A,614813951,0.545976788467281,0.369354838709677,310,0.966727173812803,-0.0524438788138148
wsnp_Ku_c4924_8816643,chr4A,615129189,0.115513932418111,0.283870967741935,310,0.740002278216482,-0.137486393710478
BobWhite_c35402_66,chr4A,617281994,0.747799312871905,0.295161290322581,310,0.969010881575547,0.0312129083749326
Tdurum_contig13489_292,chr4A,617282086,0.672966316961686,0.283870967741935,310,0.969010881575547,0.0411064211884984
Kukri_c4594_825,chr4A,619215413,0.156711992584897,0.0241935483870968,310,0.75175717875204,0.495309513326873
Kukri_c5039_2269,chr4A,621255217,0.01357554272973,0.0580645161290323,310,0.630314544739845,0.505095436347766
Excalibur_c20024_806,chr4A,621256874,0.840104195013835,0.145161290322581,310,0.973543744498009,-0.0308283530702518
wsnp_Ex_c41074_47988141,chr4A,621266258,0.709738703834743,0.158064516129032,310,0.969010881575547,0.038862374424026
Excalibur_c2618_1412,chr4A,621666044,0.508431785581717,0.396774193548387,310,0.947217842248791,-0.088128022150272
Kukri_c25832_794,chr4A,623952035,0.777459801125717,0.180645161290323,310,0.972348486493308,0.0394905611176952
JD_c4438_839,chr4A,627277193,0.193384111714892,0.175806451612903,310,0.805186981151387,-0.18157974932069
BobWhite_c20282_164,chr4A,627325347,0.751321989000834,0.469354838709677,310,0.969010881575547,0.0495874814101995
BS00010144_51,chr4A,629639764,0.275191832873788,0.158064516129032,310,0.870958144418299,0.151034926515926
Kukri_c17942_239,chr4A,629640229,0.208206001595083,0.124193548387097,310,0.815742804475635,-0.236953942013898
CAP11_c1989_183,chr4A,633388836,0.190416660362381,0.412903225806452,310,0.803022049785984,0.108683579174716
BobWhite_c33898_150,chr4A,634064111,0.565575592784467,0.485483870967742,310,0.969010881575547,0.0493039352761926
Kukri_c33315_159,chr4A,634134455,0.5931049231276,0.103225806451613,310,0.969010881575547,0.0953761484943456
BS00059503_51,chr4A,642560750,0.406573294419203,0.240322580645161,310,0.9269034871207,0.101264608729757
Kukri_c96159_197,chr4A,646700185,0.836061404199075,0.0483870967741935,310,0.973543744498009,0.0411049878421199
Excalibur_c4325_1440,chr4A,647082974,0.0688797274899079,0.0435483870967742,310,0.730277787114189,-0.370909824194412
Tdurum_contig15586_563,chr4A,647183147,0.0666443781153157,0.0403225806451613,310,0.730277787114189,-0.412268022748531
wsnp_Ex_c3988_7221220,chr4A,666371209,0.311259598501137,0.0483870967741935,310,0.870958144418299,0.187132728029615
Excalibur_c4370_1451,chr4A,667033050,0.526730777747459,0.0483870967741935,310,0.959121740742549,-0.120765961631861
Excalibur_c4370_1221,chr4A,667033280,0.725528564449419,0.0629032258064516,310,0.969010881575547,-0.0592088752016231
wsnp_JD_c27162_22206547,chr4A,668474506,0.323121962437529,0.0403225806451613,310,0.870958144418299,-0.205012732020897
tplb0024a09_919,chr4A,678136068,0.93745126754431,0.159677419354839,310,0.985712244876452,0.0130911004155294
IAAV3960,chr4A,708504916,0.831747099123329,0.0258064516129032,310,0.972803937913018,-0.0602446595093973
wsnp_Ex_c11047_17915225,chr4A,709846287,0.750150263297601,0.414516129032258,310,0.969010881575547,-0.0306721840688766
RAC875_c1115_341,chr4A,709856371,0.542793911937102,0.325806451612903,310,0.966727173812803,-0.0524798699178444
BS00022929_51,chr4A,713341626,0.857407978821511,0.432258064516129,310,0.976566090371759,0.0294288214325178
Excalibur_c7753_51,chr4A,717745269,0.655107443315342,0.32258064516129,310,0.969010881575547,-0.0393637387664789
BS00100441_51,chr4A,717746227,0.2891845122059,0.401612903225806,310,0.870958144418299,-0.094635142673674
Tdurum_contig93156_127,chr4A,717746260,0.0796184360960133,0.148387096774194,310,0.730277787114189,-0.191183160719122
Jagger_c2200_347,chr4A,722472307,0.670509549164264,0.1,310,0.969010881575547,-0.0569241500032263
Tdurum_contig75819_1591,chr4A,723621083,0.786481625853283,0.224193548387097,310,0.972803937913018,-0.0294751441930501
RFL_Contig3841_2409,chr4A,723621320,0.357383433822382,0.140322580645161,310,0.894471002215509,-0.11172716724257
RFL_Contig3841_2433,chr4A,723621344,0.829922712985308,0.440322580645161,310,0.972803937913018,-0.0210140380474506
RFL_Contig3841_2595|Tdurum_contig75819_1309,chr4A,723621647,0.438366762410332,0.196774193548387,310,0.937293415236168,-0.0745997092832482
Tdurum_contig75819_559,chr4A,723623148,0.174160313887012,0.454838709677419,310,0.772989819367173,0.10604340437402
BobWhite_c20306_88,chr4A,723882828,0.249423296202503,0.174193548387097,310,0.853466056948967,-0.116997782976277
RAC875_c54248_724,chr4A,728382481,0.0186428855227061,0.182258064516129,310,0.655961471489004,0.356606028897957
Excalibur_c6050_323,chr4A,737354924,0.118105005706199,0.208064516129032,310,0.740002278216482,-0.202916768192701
Tdurum_contig46583_2146,chr4A,748960423,0.405390589357575,0.366129032258065,310,0.9269034871207,0.0935171411645825
Tdurum_contig42083_757,chr4B,5992523,0.531239533965747,0.480645161290323,310,0.961783049710527,0.0963443234746961
wsnp_BF483640B_Ta_2_2,chr4B,9811182,0.0151543130615581,0.435483870967742,310,0.630314544739845,0.278672354767245
BS00009480_51,chr4B,13966893,0.418124209388211,0.1,310,0.929896649497577,-0.111891938873807
Tdurum_contig10984_210,chr4B,16496592,0.265258790913496,0.0241935483870968,310,0.86638130045129,-0.298535702998961
BS00071658_51,chr4B,19660010,0.146397187464566,0.324193548387097,310,0.744266169416557,-0.153074802690888
wsnp_Ku_c8075_13785546,chr4B,21914939,0.923953708716443,0.264516129032258,310,0.985712244876452,-0.00944170750450724
Tdurum_contig41902_1673,chr4B,26013667,0.566972458330415,0.2,310,0.969010881575547,0.0635119310133554
Tdurum_contig64772_417,chr4B,27919074,0.570898965968021,0.270967741935484,310,0.969010881575547,-0.0573920550264724
RAC875_c44584_162,chr4B,30165134,0.697280989895271,0.482258064516129,310,0.969010881575547,0.0823778320658448
IACX557,chr4B,30367591,0.252056363790229,0.109677419354839,310,0.854862945906594,0.140064879326962
BS00021984_51,chr4B,36883899,0.492536032577202,0.245161290322581,310,0.945080836364202,0.0711589900831413
Tdurum_contig63670_287,chr4B,38005599,0.299234988179739,0.240322580645161,310,0.870958144418299,0.110211237392168
BobWhite_c9876_331,chr4B,389489859,0.914758542776269,0.0435483870967742,310,0.984995944598213,-0.0310640765676844
TA006298-0500,chr4B,392977418,0.259089440090831,0.258064516129032,310,0.860547068873116,0.127451584322031
Tdurum_contig5562_730,chr4B,405410925,0.805228885277098,0.438709677419355,310,0.972803937913018,-0.022785454827126
Tdurum_contig5562_441,chr4B,405411214,0.556909502687698,0.448387096774194,310,0.966727173812803,0.0506141288000848
Excalibur_rep_c66744_2113,chr4B,411427953,0.492744960019486,0.42741935483871,310,0.945080836364202,0.0624527540520283
Tdurum_contig52805_183,chr4B,417331471,0.759114922798129,0.240322580645161,310,0.969010881575547,0.0313579065600749
BS00064884_51,chr4B,426786962,0.656035277576647,0.437096774193548,310,0.969010881575547,0.0407692632963297
Kukri_c322_1394,chr4B,533039128,0.755051343201278,0.325806451612903,310,0.969010881575547,-0.0305064117069449
wsnp_Ex_c23363_32607637,chr4B,541848846,0.430930820192027,0.348387096774194,310,0.937293415236168,0.0702258749698323
BS00087144_51,chr4B,546425684,0.908371312541188,0.467741935483871,310,0.982144561009376,-0.01092088403216
Tdurum_contig47552_957,chr4B,546613590,0.798744873794089,0.319354838709677,310,0.972803937913018,0.0241840445322374
BS00077411_51,chr4B,552428337,0.215986476977924,0.32258064516129,310,0.835116203107203,0.116048955783029
Excalibur_c56741_119,chr4B,558353165,0.423540338978317,0.303225806451613,310,0.935240639415532,0.0776486274836401
wsnp_Ex_c19319_28253742,chr4B,565521094,0.331209848819466,0.346774193548387,310,0.872096299089297,0.0951957301603983
wsnp_CAP12_rep_c4278_1949864,chr4B,566478398,0.246539714047721,0.338709677419355,310,0.853466056948967,0.114543990771484
IAAV2228,chr4B,566490208,0.361829974012452,0.462903225806452,310,0.897968488876408,0.104050141425141
RAC875_c24550_1150,chr4B,566493200,0.703864045060276,0.338709677419355,310,0.969010881575547,0.0512479200108729
BS00022181_51,chr4B,567454376,0.543925910942013,0.479032258064516,310,0.966727173812803,-0.0694067693543801
BS00069989_51,chr4B,567855344,0.278350052230549,0.398387096774194,310,0.870958144418299,-0.130139776275513
BS00058659_51,chr4B,570039984,0.354576996878945,0.438709677419355,310,0.893776823801848,-0.0933824771467613
wsnp_Ex_c42895_49355806,chr4B,570962358,0.366750510607588,0.343548387096774,310,0.902574028194439,-0.106473574584051
Ex_c57212_719,chr4B,570977417,0.455381153573292,0.398387096774194,310,0.937293415236168,0.0659579671243975
RAC875_c39226_131,chr4B,574955516,0.885396808716125,0.480645161290323,310,0.980260752507139,0.013169992662494
Ra_c15473_681,chr4B,578566549,0.601397078900723,0.285483870967742,310,0.969010881575547,0.0497551548380422
RAC875_c15143_227,chr4B,579338703,0.667072717425892,0.346774193548387,310,0.969010881575547,0.0367687222841759
RAC875_c3790_429,chr4B,581540703,0.365934806171089,0.212903225806452,310,0.902574028194439,0.0905979967894979
BobWhite_c1295_470,chr4B,582119206,0.418374553678876,0.456451612903226,310,0.929896649497577,0.0770865851131362
RAC875_rep_c108328_299,chr4B,585672870,0.841593147488452,0.264516129032258,310,0.973543744498009,-0.0243280518778803
Tdurum_contig28920_296,chr4B,588233608,0.753767015925346,0.337096774193548,310,0.969010881575547,0.0304078911218291
Tdurum_contig31737_203,chr4B,589903423,0.449825947587767,0.193548387096774,310,0.937293415236168,0.116835125133207
BobWhite_c13247_795,chr4B,590482284,0.724075529389976,0.416129032258065,310,0.969010881575547,0.0275457152476868
Tdurum_contig93160_155,chr4B,591131978,0.970628125039718,0.317741935483871,310,0.995761265798901,-0.00375350344254599
RAC875_c89195_138,chr4B,593980601,0.289172560164081,0.319354838709677,310,0.870958144418299,-0.100298937638403
BobWhite_c40424_143,chr4B,633387116,0.625253226226525,0.0887096774193548,310,0.969010881575547,-0.0702893439110923
Excalibur_c31044_482,chr4B,633872661,0.704474242933528,0.220967741935484,310,0.969010881575547,-0.0487683866114104
Excalibur_c25270_218,chr4B,634767824,0.65747131798341,0.104838709677419,310,0.969010881575547,0.0629743908873301
BobWhite_c27751_206,chr4B,634855587,0.527955974150209,0.0870967741935484,310,0.959121740742549,0.0934455287505109
Kukri_c4221_1114,chr4B,645235940,0.404302123530162,0.3,310,0.9269034871207,-0.110604375802538
Excalibur_c1706_1413,chr4B,651659784,0.331404690271646,0.264516129032258,310,0.872096299089297,0.096326380891707
tplb0027f12_503,chr4B,654991791,0.205415743001478,0.125806451612903,310,0.815670653499399,-0.144284147208428
wsnp_BE499546B_Ta_2_1,chr4B,656245718,0.840948854613109,0.338709677419355,310,0.973543744498009,-0.0188892434943426
Excalibur_c49297_159,chr4B,656249543,0.85415589339165,0.138709677419355,310,0.976160209998383,-0.0206768830209274
tplb0056i06_856,chr4B,659634248,0.302020294354943,0.254838709677419,310,0.870958144418299,0.0896027446283938
RAC875_c87897_333,chr4B,667583494,0.571687652488196,0.483870967741935,310,0.969010881575547,-0.0493189002157592
BS00022808_51,chr4B,668709559,0.423489831549066,0.0741935483870968,310,0.935240639415532,0.124193754419117
BS00040517_51,chr4B,673375605,0.156317818623516,0.151612903225806,310,0.75175717875204,0.209629347788432
wsnp_Ex_c4148_7494801,chr4B,673887818,0.644472221363751,0.0661290322580645,310,0.969010881575547,0.0787934488691029
JD_c15782_595,chr4B,676710748,0.939400117312761,0.230645161290323,310,0.985712244876452,-0.00740541877367207
RAC875_c48025_483,chr4B,681822696,0.819917534210766,0.374193548387097,310,0.972803937913018,-0.0195709388811558
Ku_c2885_1286,chr4B,689021947,0.249517283160954,0.208064516129032,310,0.853466056948967,-0.113270223338819
Ku_c2885_1189,chr4B,689022044,0.558752431886989,0.480645161290323,310,0.966727173812803,-0.0469854969475918
Ku_c9134_782,chr4B,689184395,0.560220154478158,0.479032258064516,310,0.966727173812803,-0.0478995116306749
Tdurum_contig9118_1078,chr4B,689336210,0.375353655780538,0.235483870967742,310,0.911077222709445,-0.123640464944813
BS00108770_51,chr4D,3673713,0.401001908061386,0.0338709677419355,310,0.9269034871207,-0.18919074827404
BS00022283_51,chr4D,3680171,0.287768191399964,0.0306451612903226,310,0.870958144418299,0.262689778760627
wsnp_Ex_rep_c107564_91144523,chr4D,26735190,0.102535408807282,0.0387096774193548,310,0.740002278216482,0.351574953310509
Ra_c350_837,chr4D,111721106,0.0494941355708386,0.0403225806451613,310,0.720173551633498,-0.396480528636067
wsnp_BE444858D_Ta_1_1,chr4D,134619728,0.25725665045704,0.124193548387097,310,0.860547068873116,-0.131921779274167
RAC875_rep_c109674_414,chr4D,187014339,0.00178966530015029,0.0258064516129032,310,0.448893791437249,-0.80826090422881
wsnp_BF202706D_Ta_1_1,chr4D,218513069,0.0780478824995255,0.12258064516129,310,0.730277787114189,-0.2113657763876
Ku_c2271_358,chr4D,253939544,0.00254042892720571,0.0274193548387097,310,0.448893791437249,-0.707839033169574
wsnp_BF473052D_Ta_2_1,chr4D,441152501,0.0452030560632385,0.00967741935483871,310,0.71173467449109,-0.825563923992897
D_GDS7LZN02F0W89_230,chr4D,458388630,0.704589940526935,0.00645161290322581,310,0.969010881575547,-0.203846029041749
BS00022436_51,chr4D,458393778,0.427161065892511,0.00645161290322581,310,0.936468490610504,-0.424414714096336
BS00064002_51,chr4D,458802353,0.859518299189866,0.0403225806451613,310,0.976566090371759,0.0360617470177029
BS00106571_51,chr4D,458807647,0.444698494704056,0.0403225806451613,310,0.937293415236168,0.150138098630435
BS00047797_51,chr4D,459122261,0.915532593856341,0.032258064516129,310,0.9852290458856,-0.0248241438793269
BS00101071_51,chr5A,9357157,0.671314719155257,0.0290322580645161,310,0.969010881575547,0.0964855435671765
wsnp_Ku_c9559_15999945,chr5A,9546069,0.702899339242259,0.229032258064516,310,0.969010881575547,0.0471834496491752
Kukri_c17126_1211,chr5A,9547331,0.467739982978738,0.258064516129032,310,0.937293415236168,0.083662169757126
wsnp_Ex_c25707_34968426,chr5A,9548776,0.113539572782196,0.241935483870968,310,0.740002278216482,0.184164529476643
Ra_c10762_1137,chr5A,9549092,0.896594561854759,0.240322580645161,310,0.981174554347141,0.0158855386031256
Kukri_c29420_310,chr5A,10633268,0.765926814786451,0.237096774193548,310,0.969602426603275,0.0338860031569013
wsnp_BE399966A_Ta_2_3,chr5A,11349947,0.456049859236705,0.0564516129032258,310,0.937293415236168,-0.131926515036973
wsnp_Ku_c1254_2498515,chr5A,11617185,0.90617749624694,0.230645161290323,310,0.982144561009376,-0.0132568290425752
Excalibur_rep_c88724_127,chr5A,22324829,0.933367044087663,0.27741935483871,310,0.985712244876452,0.0115944630400335
BS00029347_51,chr5A,50006921,0.841864652853966,0.0709677419354839,310,0.973543744498009,-0.0322114347161584
wsnp_Ku_c48254_54492007,chr5A,50403368,0.410847804584883,0.138709677419355,310,0.929896649497577,-0.0973648206879858
BS00078654_51,chr5A,52064637,0.0900257129382596,0.0709677419354839,310,0.730277787114189,0.268442353444279
RAC875_c15192_51,chr5A,52354691,0.166852006749108,0.0709677419354839,310,0.767779937306445,0.22725381371432
BS00046772_51,chr5A,53433438,0.10000657291519,0.0838709677419355,310,0.740002278216482,0.225918897397976
wsnp_Ra_c212_447994,chr5A,56320359,0.0680035440720925,0.0983870967741935,310,0.730277787114189,0.248328729029122
wsnp_Ku_c1102_2211433,chr5A,56321316,0.19951885086451,0.0741935483870968,310,0.811656592932588,0.197235678072929
BobWhite_c37803_125,chr5A,77908786,0.0657670454761872,0.156451612903226,310,0.730277787114189,0.23658330761593
TA006001-0725,chr5A,90201408,0.923725444378361,0.148387096774194,310,0.985712244876452,-0.0106736513790224
BobWhite_rep_c49176_485,chr5A,90215490,0.148868392234393,0.067741935483871,310,0.744266169416557,0.239959501151564
Excalibur_c25331_1224,chr5A,90906625,0.750559572200237,0.0612903225806452,310,0.969010881575547,-0.0511568746708377
RFL_Contig4653_1217,chr5A,93736406,0.655169098556812,0.101612903225806,310,0.969010881575547,0.0622744056991209
IAAV5061,chr5A,95154087,0.0806816843683751,0.32258064516129,310,0.730277787114189,-0.157126860808308
wsnp_Ex_c2922_5391083,chr5A,96200429,0.0654209010991921,0.0967741935483871,310,0.730277787114189,0.248605086122243
RAC875_c29957_355,chr5A,96204453,0.617697882209128,0.491935483870968,310,0.969010881575547,-0.0623566241408824
Excalibur_c22926_514,chr5A,97211536,0.393153371442853,0.109677419354839,310,0.924305108856848,0.103513182999771
wsnp_Ra_c10053_16636851,chr5A,102991330,0.982925452035335,0.466129032258065,310,0.997422067950324,0.00291069398267751
wsnp_Ku_c16812_25759885,chr5A,102992259,0.0749870456891803,0.0741935483870968,310,0.730277787114189,0.277922435112245
Ku_c4397_2120,chr5A,103387172,0.560086306659224,0.209677419354839,310,0.966727173812803,0.0729683487902442
wsnp_Ex_c130_259533,chr5A,108202113,0.309376225741481,0.0741935483870968,310,0.870958144418299,0.148146877299125
Ex_c5902_360,chr5A,111232258,0.556607234986257,0.398387096774194,310,0.966727173812803,-0.0732837753769786
BS00045284_51|wsnp_Ex_c15084_23263641,chr5A,113109004,0.227962894342069,0.082258064516129,310,0.853411937081431,0.175462949203009
wsnp_Ra_c13_24911,chr5A,418865118,0.73626943385363,0.0451612903225806,310,0.969010881575547,0.0690533818458459
wsnp_Ra_c13_24540,chr5A,418865489,0.325241903094633,0.132258064516129,310,0.870958144418299,-0.136464635909466
RAC875_c13_1589,chr5A,418866847,0.377625799524042,0.0903225806451613,310,0.911563917703527,-0.167978077073212
wsnp_Ex_c4666_8349206,chr5A,418968514,0.760360499824252,0.0532258064516129,310,0.969010881575547,-0.0807345903536323
Tdurum_contig49844_958|tplb0031i04_452,chr5A,419574386,0.668932683522488,0.135483870967742,310,0.969010881575547,0.0607227652217794
CAP12_c667_143,chr5A,420174302,0.300213713904231,0.140322580645161,310,0.870958144418299,-0.146273571345521
RAC875_c4033_192,chr5A,444492894,0.710781092903004,0.0403225806451613,310,0.969010881575547,0.0746092372134921
BS00067453_51,chr5A,450797402,0.65509409672123,0.0338709677419355,310,0.969010881575547,-0.0999722503138809
BS00089968_51,chr5A,450898638,0.222947245955784,0.217741935483871,310,0.846309070035539,-0.132617300507647
Tdurum_contig43874_1129,chr5A,470754069,0.875205170756756,0.05,310,0.976934641015279,0.0330489128970868
wsnp_Ex_c2474_4619730,chr5A,473639409,0.522131038513764,0.212903225806452,310,0.95779859407558,-0.0597246797014126
Kukri_c1106_1489,chr5A,482529631,0.125862628059408,0.256451612903226,310,0.740002278216482,-0.146051066475522
Tdurum_contig49187_601,chr5A,483286973,0.616742358956659,0.469354838709677,310,0.969010881575547,0.0819168567168589
CAP8_c1066_309,chr5A,489070639,0.951974278578145,0.153225806451613,310,0.990979051529381,0.00803265775105189
Tdurum_contig96830_155,chr5A,489446077,0.722805292049351,0.240322580645161,310,0.969010881575547,0.0357909142756974
Ex_c9327_1198,chr5A,489450223,0.082812706079843,0.25,310,0.730277787114189,0.172313556366625
RAC875_c18195_718,chr5A,506206035,0.957181345236676,0.25,310,0.992326933081198,-0.00791714272220645
BobWhite_c1387_798,chr5A,529293612,0.956466040121526,0.437096774193548,310,0.992326933081198,0.00439819331462132
wsnp_Ex_c3670_6694480,chr5A,536305605,0.926181982535944,0.116129032258065,310,0.985712244876452,-0.0109182559812009
BS00021805_51,chr5A,536306153,0.939960396352308,0.0935483870967742,310,0.985712244876452,0.0108855193942343
BS00067676_51,chr5A,555910234,0.722146952750577,0.320967741935484,310,0.969010881575547,-0.0294075777731795
BS00065292_51,chr5A,556701936,0.406720738929805,0.324193548387097,310,0.9269034871207,0.114465574258695
RFL_Contig2031_2040,chr5A,560134598,0.496723969206324,0.491935483870968,310,0.945080836364202,0.0627964996124781
BS00077858_51,chr5A,560556750,0.566803094026438,0.341935483870968,310,0.969010881575547,-0.0524807363901907
BS00010179_51,chr5A,560558215,0.311185441108765,0.391935483870968,310,0.870958144418299,-0.0842567330472228
RAC875_c23340_2243,chr5A,560787823,0.435910089400794,0.232258064516129,310,0.937293415236168,0.0867790855716386
Tdurum_contig71499_211,chr5A,571844070,0.236612681482658,0.179032258064516,310,0.853466056948967,0.13016705930503
Ex_c4208_839,chr5A,574186123,0.595812150569165,0.387096774193548,310,0.969010881575547,-0.0677428737231978
Excalibur_c54774_408,chr5A,594527080,0.935537225604444,0.435483870967742,310,0.985712244876452,-0.0123230724280035
Tdurum_contig50175_875,chr5A,595410894,0.537463344742746,0.356451612903226,310,0.966727173812803,-0.0690640863842518
RFL_Contig316_572,chr5A,596468536,0.464800289645711,0.203225806451613,310,0.937293415236168,-0.0932502258348578
Ku_c21235_676,chr5A,619747127,0.701459035257306,0.391935483870968,310,0.969010881575547,-0.0330112145534258
wsnp_Ex_c53426_56666788,chr5A,626963779,0.649570634074808,0.119354838709677,310,0.969010881575547,0.0524918890177961
wsnp_Ex_c16715_25264080,chr5A,634713681,0.306159039600192,0.385483870967742,310,0.870958144418299,-0.0890898152422537
BobWhite_c2830_327,chr5A,658205331,0.981951074689846,0.338709677419355,310,0.997422067950324,0.00302003211674418
TA003720-0955,chr5A,658352121,0.42600102996081,0.0725806451612903,310,0.936020777091042,-0.128839173402504
CAP8_rep_c4852_130,chr5A,658544683,0.298227473519626,0.12258064516129,310,0.870958144418299,-0.149257152106966
BS00067351_51,chr5A,672599918,0.0644392192743527,0.137096774193548,310,0.730277787114189,0.237706034593517
CAP11_c2623_196,chr5A,678261079,0.902356135593321,0.285483870967742,310,0.982144561009376,0.0148556103854069
BobWhite_rep_c63332_67,chr5A,678938518,0.31081344996091,0.269354838709677,310,0.870958144418299,-0.101157066823646
wsnp_Ra_c25624_35192195,chr5A,682249930,0.275539479193918,0.253225806451613,310,0.870958144418299,0.131428596442788
BobWhite_c6966_236,chr5A,684113579,0.319207225033038,0.0564516129032258,310,0.870958144418299,-0.207196781835592
CAP12_c956_61,chr5A,685656275,0.73288993376532,0.264516129032258,310,0.969010881575547,0.0438960655915466
wsnp_Ex_c3136_5798185,chr5A,686253587,0.549256670773487,0.259677419354839,310,0.966727173812803,0.0754494639990462
BS00036851_51,chr5A,686258686,0.205166234010835,0.267741935483871,310,0.815670653499399,0.156607357500057
tplb0029a15_1300,chr5A,686258843,0.747585289858247,0.301612903225806,310,0.969010881575547,0.0368976138466479
Ku_c19516_384,chr5A,688004183,0.451268309827645,0.0516129032258065,310,0.937293415236168,-0.148632753878603
BS00023152_51,chr5A,688483685,0.0810455414730158,0.0419354838709677,310,0.730277787114189,0.376845611281418
BS00022864_51,chr5A,701425767,0.00819537743297474,0.0193548387096774,310,0.630314544739845,0.821487790155487
BS00034658_51,chr5B,473718,0.820436532555846,0.2,310,0.972803937913018,0.0224496360366118
IACX7443,chr5B,1565766,0.93922430050316,0.212903225806452,310,0.985712244876452,-0.00836028608460282
wsnp_Ex_c214_422365,chr5B,44131996,0.0208122692718608,0.0451612903225806,310,0.655961471489004,0.420351597646365
Tdurum_contig81708_212,chr5B,45851978,0.110258352218176,0.0225806451612903,310,0.740002278216482,0.431349598575062
BS00045447_51,chr5B,331676966,0.296139038012757,0.433870967741936,310,0.870958144418299,0.115941584679874
BS00045446_51,chr5B,331676982,0.040778992774326,0.424193548387097,310,0.71173467449109,-0.187362916902266
BS00023803_51|wsnp_Ex_c8985_14979134,chr5B,354891844,0.00631959574797209,0.390322580645161,310,0.630314544739845,-0.248376078602931
Kukri_c23070_350,chr5B,355139255,0.408504141559428,0.3,310,0.927797966755153,0.0684186360198868
TA008675-0589,chr5B,357771776,0.0832529634374308,0.183870967741935,310,0.730277787114189,0.25094421735438
BS00002191_51,chr5B,359067842,0.031350330406235,0.37258064516129,310,0.692450422847716,0.257938006761592
RAC875_c42518_57,chr5B,359816371,0.123748714369041,0.295161290322581,310,0.740002278216482,0.182729067594902
wsnp_Ex_c6391_11109898,chr5B,359816662,0.0124145270155833,0.408064516129032,310,0.630314544739845,-0.229081550127532
Kukri_c36789_230,chr5B,360466353,0.0467239514663081,0.398387096774194,310,0.71173467449109,-0.171941960270189
wsnp_Ex_c2132_4006417,chr5B,360525728,0.791129922492586,0.141935483870968,310,0.972803937913018,-0.0290704849650609
wsnp_Ex_c2132_4004831,chr5B,360528244,0.00850348262939556,0.367741935483871,310,0.630314544739845,0.229244511837447
Kukri_c38365_158,chr5B,360535355,0.185824522727456,0.474193548387097,310,0.796970707911202,-0.122986950668341
BS00070771_51,chr5B,361040947,0.11183213972307,0.154838709677419,310,0.740002278216482,0.165715740357394
Ex_c5632_778,chr5B,361042376,0.133620225118098,0.429032258064516,310,0.740002278216482,-0.131975315535716
wsnp_Ex_c5632_9904112,chr5B,361042777,0.0685826889594951,0.32741935483871,310,0.730277787114189,-0.169603940496266
Kukri_c17783_58,chr5B,361043921,0.14563457732673,0.341935483870968,310,0.744266169416557,-0.126582742468234
BS00022086_51,chr5B,361887298,0.0444689752487097,0.403225806451613,310,0.71173467449109,-0.185412786982109
wsnp_Ku_c7199_12444840,chr5B,361887841,0.0648384598370526,0.429032258064516,310,0.730277787114189,-0.161565845239938
RAC875_c47060_61,chr5B,361888806,0.724663180436087,0.109677419354839,310,0.969010881575547,-0.0443100135771388
wsnp_Ex_c40022_47169752,chr5B,361901491,0.0282655144750147,0.380645161290323,310,0.692450422847716,-0.236676732167794
wsnp_Ex_c40022_47169698,chr5B,361901545,0.444874658320341,0.235483870967742,310,0.937293415236168,0.0792141853734343
Ex_c40022_873,chr5B,361902277,0.093383717434289,0.411290322580645,310,0.733373460917283,-0.148884311522298
IAAV3825,chr5B,362344561,0.0105751563852266,0.290322580645161,310,0.630314544739845,0.278890270488063
CAP12_c1419_574,chr5B,367232787,0.452385395349842,0.332258064516129,310,0.937293415236168,-0.0637147504019318
IAAV5873,chr5B,413547967,3.64657801957758e-05,0.154838709677419,310,0.021478344535312,-0.427344519481387
Excalibur_rep_c110067_199,chr5B,464223005,0.0776998668533416,0.0645161290322581,310,0.730277787114189,0.293785568899672
Ku_c1083_1314,chr5B,479329184,0.0484254834714958,0.0516129032258065,310,0.719057389026328,0.347740124237978
RFL_Contig658_1166,chr5B,480565937,0.88158144836999,0.183870967741935,310,0.979103971885463,0.0161064682672709
Excalibur_c10444_2056,chr5B,480797485,0.542314193617611,0.267741935483871,310,0.966727173812803,0.0653093252561732
Kukri_rep_c103253_565,chr5B,482345599,0.119414979520737,0.245161290322581,310,0.740002278216482,0.154975185560598
Excalibur_c44034_479,chr5B,508433475,0.188314829496892,0.137096774193548,310,0.799885345483192,-0.215634432998105
BobWhite_c9070_287,chr5B,515089459,0.784006355649718,0.0548387096774194,310,0.972803937913018,0.0597573044953457
wsnp_Ex_c1314_2513802,chr5B,517063261,0.724182442925147,0.229032258064516,310,0.969010881575547,0.0366575289410633
Excalibur_c35011_203,chr5B,536861033,0.918513464648014,0.0854838709677419,310,0.985441678723352,-0.0225393505722629
BobWhite_c47456_121,chr5B,536864108,0.269946939165421,0.0532258064516129,310,0.870958144418299,0.243475778690005
Tdurum_contig67535_391,chr5B,537083150,0.65884716147592,0.140322580645161,310,0.969010881575547,0.0666901827500368
BS00017264_51,chr5B,550885636,0.402447105341157,0.0274193548387097,310,0.9269034871207,-0.209476551235984
RAC875_c10139_336,chr5B,550954241,0.141964600318504,0.433870967741936,310,0.742164049594072,-0.215372317770459
Excalibur_c33675_201,chr5B,551546734,0.599299443996907,0.169354838709677,310,0.969010881575547,-0.0719999176340913
Excalibur_c29928_1264,chr5B,551657746,0.115464323500113,0.0790322580645161,310,0.740002278216482,-0.222349291517704
Ku_c11429_519,chr5B,555007956,0.351628211542672,0.0741935483870968,310,0.888314874628603,0.132944733655121
RAC875_c7011_435,chr5B,584376293,0.323891610365955,0.130645161290323,310,0.870958144418299,-0.14987079862745
RFL_Contig539_1789,chr5B,584793957,0.985865523345497,0.388709677419355,310,0.997422067950324,0.00154059262531447
BobWhite_c11495_120,chr5B,585291153,0.620848477341838,0.437096774193548,310,0.969010881575547,-0.0499478594668332
BS00022673_51,chr5B,585345950,0.992757233984992,0.382258064516129,310,0.997422067950324,-0.000814650215559709
Kukri_c59540_137,chr5B,587550927,0.224856348526046,0.212903225806452,310,0.846309070035539,0.112531086432114
wsnp_Ex_c11265_18216936,chr5B,588628753,0.280389547740882,0.00967741935483871,310,0.870958144418299,0.453367015758513
Kukri_c6176_1400,chr5B,589773102,0.850204211690528,0.417741935483871,310,0.97552652081634,-0.0161125251287366
Excalibur_rep_c106165_238,chr5B,592445656,0.136049064729845,0.353225806451613,310,0.740002278216482,0.126415236304904
Ra_c2216_1449,chr5B,592446577,0.198891166985042,0.398387096774194,310,0.811656592932588,0.105024387987061
Tdurum_contig10669_1535,chr5B,592493445,0.702082489655353,0.420967741935484,310,0.969010881575547,0.0376586777517574
BS00080495_51,chr5B,592950186,0.617656940764576,0.0806451612903226,310,0.969010881575547,-0.0755382385773942
tplb0021e12_793,chr5B,593131916,0.625054821965138,0.220967741935484,310,0.969010881575547,-0.0535491798147341
tplb0021e12_768,chr5B,593131941,0.429065651454993,0.274193548387097,310,0.937293415236168,0.0932931906678505
BS00021735_51,chr5B,595269513,0.124194507381758,0.4,310,0.740002278216482,0.133653459333189
wsnp_Ra_c47696_53184502,chr5B,595269762,0.286200063675052,0.35,310,0.870958144418299,0.0927784178514237
BobWhite_rep_c50349_139,chr5B,596112681,0.324266495514391,0.240322580645161,310,0.870958144418299,0.119420106947974
IACX5390,chr5B,596114112,0.113386707292069,0.167741935483871,310,0.740002278216482,0.161583901315055
Tdurum_contig13773_321,chr5B,597202829,0.125446958143739,0.0580645161290323,310,0.740002278216482,0.309598771360598
BS00026678_51,chr5B,598319581,0.833396080822512,0.0645161290322581,310,0.973200338337479,-0.0351379743649325
BS00022065_51,chr5B,604865232,0.965200011430311,0.148387096774194,310,0.99562663175561,-0.00503145498457869
Tdurum_contig43078_437,chr5B,605003201,0.223097078048373,0.262903225806452,310,0.846309070035539,-0.128387119180587
Tdurum_contig70554_1006,chr5B,605128793,0.836553880264928,0.129032258064516,310,0.973543744498009,-0.0241211265492343
Tdurum_contig68741_839,chr5B,611698146,0.932248535312877,0.435483870967742,310,0.985712244876452,-0.0110477490320164
Kukri_c10508_438,chr5B,618183711,0.0999571853992882,0.467741935483871,310,0.740002278216482,0.127930745517208
BobWhite_c22036_399,chr5B,618185783,0.932295893989333,0.479032258064516,310,0.985712244876452,0.00676563435768429
Tdurum_contig50731_961,chr5B,618774147,0.340431450704643,0.0709677419354839,310,0.878191004181359,-0.161665242208258
wsnp_Ku_c25613_35580381,chr5B,618891524,0.0191809152462283,0.491935483870968,310,0.655961471489004,-0.1966431262051
wsnp_Ex_c11070_17950604,chr5B,619349569,0.441797222017471,0.114516129032258,310,0.937293415236168,0.0926337302567504
wsnp_JD_c6562_7716133,chr5B,621039177,0.0876640814541639,0.475806451612903,310,0.730277787114189,-0.142423496750347
BS00065029_51,chr5B,621040275,0.0735550701648887,0.469354838709677,310,0.730277787114189,-0.151562351831767
Tdurum_contig82473_67,chr5B,621864049,0.139950434000495,0.469354838709677,310,0.742164049594072,-0.129372724146936
Tdurum_contig51422_127,chr5B,622274830,0.806095846278303,0.108064516129032,310,0.972803937913018,0.0373129039776678
Tdurum_contig94033_717,chr5B,623081019,0.244622243230782,0.0274193548387097,310,0.853466056948967,0.285349325773748
BS00037104_51,chr5B,623426098,0.0186357839820124,0.0225806451612903,310,0.655961471489004,0.631947980266787
RAC875_rep_c91630_132,chr5B,623589269,0.0634223582295964,0.266129032258065,310,0.730277787114189,0.220798085426022
wsnp_Ku_rep_c102339_89347150,chr5B,623952830,0.838899711110448,0.391935483870968,310,0.973543744498009,0.0166496311625615
Tdurum_contig5017_1015,chr5B,634799117,0.311840125142762,0.483870967741935,310,0.870958144418299,0.0793558401700167
Tdurum_contig27843_375,chr5B,635941324,0.890102357045562,0.190322580645161,310,0.980807690540717,-0.0134246180908733
Tdurum_contig29090_280,chr5B,636022907,0.435887080084591,0.112903225806452,310,0.937293415236168,0.124160296384915
Kukri_rep_c72756_155,chr5B,636023245,0.477951861473904,0.0580645161290323,310,0.939286252977516,-0.118447697911805
RAC875_rep_c109658_614,chr5B,636023548,0.324374500897304,0.375806451612903,310,0.870958144418299,0.107194339881872
RAC875_rep_c109658_382,chr5B,636023780,0.826968401273737,0.454838709677419,310,0.972803937913018,-0.0170182963468761
RAC875_c48052_127,chr5B,636023819,0.0433464084636814,0.438709677419355,310,0.71173467449109,-0.177635618970882
Excalibur_c1925_2569,chr5B,636028611,0.147518941616521,0.496774193548387,310,0.744266169416557,-0.119913438729725
wsnp_Ra_c12489_19996904,chr5B,636043554,0.405010954615969,0.459677419354839,310,0.9269034871207,0.070199754517926
Kukri_c4096_220,chr5B,657268199,0.487486257586445,0.401612903225806,310,0.944261455419319,-0.0583412774198813
wsnp_Ku_c1045_2115866,chr5B,660297335,0.135223148135315,0.424193548387097,310,0.740002278216482,-0.117808412294909
Tdurum_contig35470_227,chr5B,660870053,0.264917417333063,0.317741935483871,310,0.86638130045129,-0.0979992389233715
Excalibur_c45488_148|wsnp_Ex_c11951_19164786,chr5B,664566617,0.159584732273113,0.345161290322581,310,0.751963258470909,-0.1244210173233
Tdurum_contig8210_317,chr5B,665696229,0.258490607829924,0.417741935483871,310,0.860547068873116,-0.0932780551634806
BS00062618_51,chr5B,674914454,0.27587945630104,0.425806451612903,310,0.870958144418299,-0.0898628910138441
RAC875_c13208_684,chr5B,676679683,0.339498793464666,0.351612903225806,310,0.878191004181359,0.13218353964912
BS00069416_51,chr5B,681763131,0.755602977065485,0.441935483870968,310,0.969010881575547,0.0610279559078606
Excalibur_c6785_155,chr5B,687835981,0.0908956075112259,0.0983870967741935,310,0.730277787114189,0.296107566643563
RFL_Contig5616_1779,chr5B,689325399,0.457578271169521,0.0758064516129032,310,0.937293415236168,-0.123454459278774
Excalibur_c2618_1723,chr5B,690479072,0.681316635130497,0.258064516129032,310,0.969010881575547,0.0401238399466806
BS00031338_51,chr5B,690681816,0.711524099323126,0.0645161290322581,310,0.969010881575547,-0.0581559249177239
BS00031339_51,chr5B,690681819,0.276037910409557,0.435483870967742,310,0.870958144418299,0.0856221743197416
Excalibur_c23801_115,chr5B,693423394,0.105522925621502,0.0467741935483871,310,0.740002278216482,-0.314471104491545
Kukri_c18410_409,chr5B,695863508,0.428243164252316,0.0580645161290323,310,0.937293415236168,0.138014081010191
Excalibur_c146_170,chr5B,695866220,0.106412233466179,0.382258064516129,310,0.740002278216482,0.206958519689636
RFL_Contig3285_1009,chr5B,697225030,0.135100968026715,0.230645161290323,310,0.740002278216482,0.167053231159056
BobWhite_c3488_386,chr5B,697225666,0.579606633516142,0.0338709677419355,310,0.969010881575547,0.124761143805278
RAC875_c79095_311,chr5B,697237337,0.892766694615687,0.0483870967741935,310,0.980807690540717,0.0249365633584322
Excalibur_c34579_263,chr5B,698719268,0.663240549255101,0.211290322580645,310,0.969010881575547,-0.0406914758746453
RAC875_rep_c106589_650,chr5B,703925182,0.65395907865116,0.05,310,0.969010881575547,0.0822286418190963
BobWhite_rep_c49751_629,chr5B,703927108,0.606238190633772,0.0774193548387097,310,0.969010881575547,-0.0898770722039437
Tdurum_contig92922_58,chr5B,703927864,0.495899719061313,0.0951612903225806,310,0.945080836364202,0.0903419015626916
Excalibur_rep_c106082_272,chr5B,704447399,0.356680222745857,0.124193548387097,310,0.893977239137489,0.149696702585253
Tdurum_contig43552_666,chr5B,709702508,0.875108109691048,0.1,310,0.976934641015279,-0.020635687989472
Excalibur_c19267_919,chr5D,47392052,0.21799619874558,0.383870967741935,310,0.837845393743766,-0.133510106729183
RAC875_c44064_222,chr5D,47833988,0.263525264002735,0.183870967741935,310,0.863913063994122,0.123077383614106
RAC875_rep_c117371_229,chr5D,47865033,0.698292240066213,0.167741935483871,310,0.969010881575547,0.0456900011413239
Excalibur_c4964_275,chr5D,47905988,0.640859606125543,0.253225806451613,310,0.969010881575547,0.0482084552700428
Excalibur_c37393_75,chr5D,48034868,0.967597745414555,0.185483870967742,310,0.995761265798901,-0.00463801896846761
D_GBF1XID01A16U2_148,chr5D,48284437,0.797617309457016,0.196774193548387,310,0.972803937913018,0.0273328530963504
BobWhite_c836_422,chr5D,48382226,0.553706607575577,0.162903225806452,310,0.966727173812803,-0.0673091314291234
Kukri_c20991_1642,chr5D,49030455,0.961112275023546,0.193548387096774,310,0.993730479793216,0.00505067463623732
BobWhite_c1372_133,chr5D,79000474,0.928560442531069,0.454838709677419,310,0.985712244876452,-0.0101372262881441
RAC875_c51455_182,chr5D,83067414,0.724619932795913,0.187096774193548,310,0.969010881575547,0.0384127622793784
BobWhite_c7263_337,chr5D,389145327,0.126163466043975,0.0854838709677419,310,0.740002278216482,-0.233633253274757
Kukri_c15380_902,chr5D,449241634,0.482704113975341,0.0790322580645161,310,0.940877164738394,-0.102485284294465
Kukri_c52028_104,chr5D,449246885,0.50844602176838,0.082258064516129,310,0.947217842248791,-0.102167538632965
BS00067651_51,chr5D,526369070,0.795245473688129,0.279032258064516,310,0.972803937913018,0.0247110861355555
BS00022699_51,chr5D,536839579,0.143429366029251,0.291935483870968,310,0.743399242077896,-0.142753616790085
wsnp_Ku_c44483_51751682,chr5D,545209817,0.652770637174249,0.187096774193548,310,0.969010881575547,-0.0588239202318057
D_GB5Y7FA02JRQ1I_101,chr5D,545275332,0.193345384807047,0.187096774193548,310,0.805186981151387,0.141327420895493
Excalibur_rep_c109856_92,chr5D,545569446,0.250981431896771,0.161290322580645,310,0.854862945906594,-0.121241343128696
wsnp_Ku_c10877_17896883,chr5D,545604103,0.778859633366958,0.0887096774193548,310,0.972803937913018,0.0415852900399294
wsnp_Ex_c23618_32855041,chr5D,547984486,0.742986067714907,0.0983870967741935,310,0.969010881575547,0.0472464753140365
BobWhite_c13030_406,chr5D,548813910,0.472999275515043,0.140322580645161,310,0.937293415236168,-0.104248932930719
tplb0030a05_2386,chr5D,549987853,0.729294482481143,0.216129032258065,310,0.969010881575547,-0.0388628813845315
Excalibur_c1289_927,chr5D,549987983,0.520284797365102,0.193548387096774,310,0.95764920515014,-0.0942548515046511
JD_c825_1450,chr5D,549988825,0.0206595650244236,0.17741935483871,310,0.655961471489004,-0.304395247961935
CAP7_c756_531,chr5D,550021324,0.844457531498785,0.348387096774194,310,0.973668271608456,0.0237174216647205
BS00079676_51,chr5D,551738077,0.294183014012623,0.317741935483871,310,0.870958144418299,-0.102445831248833
RAC875_c13169_459,chr5D,551738684,0.0077593519799445,0.190322580645161,310,0.630314544739845,-0.3220548519229
wsnp_JD_c4438_5568170,chr5D,551781233,0.153488138406865,0.287096774193548,310,0.75175717875204,-0.127146303100261
wsnp_JD_c4438_5567972,chr5D,551781431,0.527966948533547,0.238709677419355,310,0.959121740742549,-0.0710911014161724
wsnp_JD_c4438_5567834,chr5D,551781569,0.338195450884301,0.329032258064516,310,0.878191004181359,-0.0903800296206434
Kukri_c24695_273,chr5D,551867050,0.115250159888684,0.193548387096774,310,0.740002278216482,-0.212744196381887
Excalibur_c28592_377,chr5D,551967239,0.471275297119085,0.129032258064516,310,0.937293415236168,0.0867334884153443
Excalibur_c2795_1518,chr5D,551978729,0.256450177618691,0.119354838709677,310,0.860547068873116,-0.175107000352998
BS00022036_51,chr5D,552346597,0.168380752643924,0.319354838709677,310,0.768808242692026,-0.130350613382255
wsnp_Ex_c17928_26697183,chr5D,553003074,0.0888660458717725,0.256451612903226,310,0.730277787114189,-0.173125508942089
wsnp_Ku_c3022_5674299,chr5D,553003948,0.0912976865631009,0.319354838709677,310,0.730277787114189,-0.150386945750466
BobWhite_c16578_171,chr5D,553257760,0.229664996575743,0.191935483870968,310,0.853466056948967,-0.122722014548934
RAC875_c50750_234,chr5D,553260475,0.123051987111172,0.237096774193548,310,0.740002278216482,-0.140659032193392
Excalibur_rep_c104791_725|wsnp_Ku_c5228_9318604,chr5D,553274247,0.546762265177443,0.164516129032258,310,0.966727173812803,0.0634287575148278
D_GCE8AKX02IXEFJ_281,chr5D,553624145,0.829729828253133,0.0725806451612903,310,0.972803937913018,0.0402128515709137
Excalibur_c50584_358,chr5D,554264007,0.68889740053934,0.146774193548387,310,0.969010881575547,-0.0474545759892901
RAC875_c31971_336,chr5D,554540351,0.0131085040299523,0.269354838709677,310,0.630314544739845,0.255446552570827
wsnp_Ra_c40111_47657505,chr5D,555172657,0.405372344842054,0.137096774193548,310,0.9269034871207,-0.119381715283648
wsnp_Ku_rep_c101796_88894110,chr5D,555173572,0.440239389271963,0.354838709677419,310,0.937293415236168,-0.0657877542224981
BS00009287_51,chr5D,555174959,0.0329205025322605,0.0806451612903226,310,0.693586126921267,-0.451008995326447
BS00084133_51,chr5D,555175675,0.0493718918124577,0.0774193548387097,310,0.720173551633498,-0.379852231874956
BS00022267_51,chr5D,555190420,0.0148522595166131,0.146774193548387,310,0.630314544739845,-0.296042322203562
BS00074353_51,chr5D,555565394,0.0118141433489962,0.124193548387097,310,0.630314544739845,-0.352011644640868
BS00075368_51,chr5D,555586190,0.0709698678596641,0.145161290322581,310,0.730277787114189,-0.221710941744576
BS00025017_51,chr5D,555697773,0.0356008369658901,0.156451612903226,310,0.701327299169449,-0.245192699778414
RAC875_c3672_705,chr5D,557354151,0.106884273892828,0.2,310,0.740002278216482,-0.188135302199392
D_contig27392_286|Kukri_c6412_124,chr5D,557425850,0.380292934409024,0.0774193548387097,310,0.914828801172447,-0.124528744816446
GENE-2281_931,chr5D,558361985,0.686974456568715,0.346774193548387,310,0.969010881575547,0.0633454441996548
RAC875_c93365_200,chr5D,562060883,0.617042893742624,0.32258064516129,310,0.969010881575547,0.0448084805424607
BS00011935_51,chr5D,562252120,0.766662423508731,0.32741935483871,310,0.969715463378616,-0.031027179808035
BS00094333_51,chr5D,562252514,0.302672695299879,0.32258064516129,310,0.870958144418299,0.106576787841853
D_GDS7LZN02F4FP5_176,chr5D,562289685,0.606745684000556,0.459677419354839,310,0.969010881575547,-0.0522794801488402
BS00010322_51,chr5D,562558071,0.291800069260463,0.0354838709677419,310,0.870958144418299,0.234065116716
tplb0031c19_924,chr5D,562593253,0.320775371094753,0.312903225806452,310,0.870958144418299,0.101808996503571
RAC875_c8100_245,chr5D,562835131,0.0417762050387042,0.348387096774194,310,0.71173467449109,0.206492004705591
wsnp_Ex_c11055_17928283,chr5D,564030767,0.536732106956736,0.0435483870967742,310,0.966727173812803,-0.138326523354795
wsnp_Ex_c11055_17927692,chr5D,564031713,0.684118055491147,0.0467741935483871,310,0.969010881575547,-0.0804034538647951
BS00070751_51,chr5D,564411054,0.270830940993841,0.374193548387097,310,0.870958144418299,0.105984148317745
BS00021991_51,chr5D,564416759,0.189308312166275,0.304838709677419,310,0.800980317972492,0.140123697245546
BS00085191_51,chr5D,564417082,0.44490700998568,0.316129032258064,310,0.937293415236168,0.0764385377107217
BobWhite_c47158_89,chr5D,564444102,0.241030798674474,0.316129032258064,310,0.853466056948967,0.119046197433367
wsnp_Ex_c6657_11523455,chr5D,564972428,0.494600356445196,0.295161290322581,310,0.945080836364202,0.0643215902803327
RAC875_c3988_3479,chr5D,565042995,0.612560942182148,0.145161290322581,310,0.969010881575547,0.0576006682204451
Excalibur_c33062_305,chr5D,565149017,0.622731248753502,0.109677419354839,310,0.969010881575547,-0.0628463208322234
Excalibur_c19430_1066,chr6A,853287,0.82240982707901,0.393548387096774,310,0.972803937913018,-0.0317470763887826
RAC875_c13610_822,chr6A,856118,0.136809016983586,0.246774193548387,310,0.740002278216482,0.153207357885563
Kukri_c7146_870,chr6A,1179961,0.460126870838137,0.412903225806452,310,0.937293415236168,0.0600858419393795
Kukri_c8500_728,chr6A,1371862,0.83241627284917,0.404838709677419,310,0.972803937913018,-0.019542635479791
Tdurum_contig44853_1083,chr6A,1381461,0.518239518480638,0.280645161290323,310,0.955860106957461,0.056647945507212
RAC875_c6135_95,chr6A,3392250,0.247031435423093,0.267741935483871,310,0.853466056948967,0.118485001506066
BobWhite_rep_c52979_181,chr6A,5330053,0.707889392661392,0.346774193548387,310,0.969010881575547,-0.0302976023545014
Excalibur_c431_1130,chr6A,6284330,0.97155092451081,0.246774193548387,310,0.995761265798901,0.00332105200756061
Tdurum_contig12045_868,chr6A,6284606,0.131466793284645,0.148387096774194,310,0.740002278216482,0.185210375503203
wsnp_Ex_c431_848217,chr6A,6284933,0.580800557112716,0.141935483870968,310,0.969010881575547,-0.0706887074199578
TA005787-0140,chr6A,6305743,0.45501368178384,0.212903225806452,310,0.937293415236168,0.0745743005976678
RFL_Contig5170_330,chr6A,7488477,0.604890108963276,0.461290322580645,310,0.969010881575547,0.0718516048817719
Kukri_c3009_1374,chr6A,7492582,0.613193075145127,0.362903225806452,310,0.969010881575547,-0.0729048220038635
IAAV9150,chr6A,7492910,0.69048151852511,0.180645161290323,310,0.969010881575547,-0.0445597285944963
BobWhite_c13779_636,chr6A,10477021,0.052110907096848,0.225806451612903,310,0.725039156221499,-0.256831519400986
wsnp_Ex_c9779_16145653,chr6A,10757488,0.0678295945861672,0.480645161290323,310,0.730277787114189,0.154096268594209
Kukri_c21443_482,chr6A,14518123,0.756511088196348,0.47741935483871,310,0.969010881575547,-0.0333724156137336
Excalibur_c8197_381,chr6A,19116006,0.648572058010864,0.0548387096774194,310,0.969010881575547,-0.0808143998444493
RAC875_c45444_883,chr6A,21672758,0.27451087636104,0.0596774193548387,310,0.870958144418299,0.21466652504224
Tdurum_contig9544_2233,chr6A,31858297,0.10362018897364,0.175806451612903,310,0.740002278216482,-0.203154292671403
TA001668-0792,chr6A,32055395,0.238365970106817,0.154838709677419,310,0.853466056948967,-0.132083573513968
BS00076530_51,chr6A,32106332,0.0803941104922053,0.25,310,0.730277787114189,-0.204839417593046
BS00063990_51,chr6A,47790264,0.499345399883289,0.345161290322581,310,0.945705596563527,0.0864933379884221
wsnp_Ex_c15378_23639387,chr6A,48436676,0.716451431092135,0.438709677419355,310,0.969010881575547,-0.0292751589781055
Tdurum_contig17126_1477,chr6A,59543545,0.0497410906616299,0.430645161290323,310,0.720173551633498,0.24376047725039
BobWhite_c18017_209,chr6A,60193545,0.596366387869046,0.438709677419355,310,0.969010881575547,-0.102903660521164
IAAV2681,chr6A,72679186,0.86658496304636,0.217741935483871,310,0.976566090371759,-0.0234961297831333
Ra_c28284_223,chr6A,76531998,0.666016146480265,0.374193548387097,310,0.969010881575547,0.0387623655303457
Kukri_c14418_2376,chr6A,518727439,0.808106700940738,0.0935483870967742,310,0.972803937913018,-0.0469713283952871
wsnp_Ku_c4296_7807837,chr6A,520757834,0.824163747076376,0.403225806451613,310,0.972803937913018,-0.0203859182779418
wsnp_JD_c10969_11530496,chr6A,520918877,0.420675243783306,0.483870967741935,310,0.932193195814958,-0.0766064223658489
wsnp_JD_c3839_4902725,chr6A,520965138,0.499108791128228,0.190322580645161,310,0.945705596563527,-0.104036544766803
RAC875_c7560_398,chr6A,522646901,0.417901592063414,0.185483870967742,310,0.929896649497577,0.124520350047085
wsnp_Ex_c8741_14630167,chr6A,522657633,0.470747928553085,0.306451612903226,310,0.937293415236168,-0.0830905076921447
wsnp_JD_rep_c48797_33040150,chr6A,522657674,0.158921514737191,0.206451612903226,310,0.751963258470909,0.199767585251397
BS00063215_51,chr6A,524104335,0.716446487245998,0.270967741935484,310,0.969010881575547,-0.0321455205563606
IAAV5035|wsnp_CAP12_c1226_628910,chr6A,524873532,0.393966208077949,0.27741935483871,310,0.924305108856848,0.0907375427478563
BS00065633_51,chr6A,526232270,0.900691583333948,0.469354838709677,310,0.982144561009376,-0.0123165358431976
BS00074754_51,chr6A,528369319,0.603803440146385,0.398387096774194,310,0.969010881575547,0.0464104828324565
BS00037223_51,chr6A,528565875,0.135662177614074,0.398387096774194,310,0.740002278216482,0.136591317335366
Ku_c18430_1287,chr6A,529666950,0.57357107281644,0.367741935483871,310,0.969010881575547,0.0524291645856003
RAC875_c691_1486,chr6A,530666612,0.930214931693206,0.375806451612903,310,0.985712244876452,-0.00830645331390656
BS00010780_51,chr6A,530669193,0.571390484124968,0.4,310,0.969010881575547,0.0514593870018203
Kukri_c19612_514,chr6A,530784353,0.59450118153957,0.387096774193548,310,0.969010881575547,-0.0479234481907618
BS00028263_51,chr6A,532025818,0.405844135519491,0.395161290322581,310,0.9269034871207,0.0759846922664025
BS00087447_51,chr6A,532779860,0.728974667280388,0.393548387096774,310,0.969010881575547,0.0295956050293782
wsnp_BE490147A_Ta_2_1,chr6A,539626421,0.323828596338798,0.225806451612903,310,0.870958144418299,0.105806392045835
CAP8_rep_c9395_153,chr6A,540211451,0.471370913550361,0.214516129032258,310,0.937293415236168,0.0759173699780664
wsnp_Ex_rep_c86110_78630016,chr6A,546248727,0.16653694095269,0.211290322580645,310,0.767779937306445,0.14452785067423
BS00072216_51,chr6A,549119737,0.0813312906691235,0.195161290322581,310,0.730277787114189,0.196758841857863
Kukri_c19802_710,chr6A,552338674,0.28961305231963,0.267741935483871,310,0.870958144418299,0.12969378539799
wsnp_RFL_Contig3136_3092151,chr6A,561390593,0.355948652773067,0.211290322580645,310,0.893977239137489,0.125044244414017
wsnp_BE495143A_Ta_2_2,chr6A,578284241,0.438801033474871,0.196774193548387,310,0.937293415236168,0.0802317001694455
BS00062781_51,chr6A,578284926,0.0925762446596369,0.195161290322581,310,0.730277787114189,0.169174703830482
Excalibur_c10372_1256,chr6A,583458047,0.310216871066273,0.120967741935484,310,0.870958144418299,0.126442951634251
Tdurum_contig29357_338,chr6A,592907982,0.603205728896452,0.141935483870968,310,0.969010881575547,-0.0647204496720946
wsnp_Ex_c20457_29526403,chr6A,594560074,0.506426326956253,0.15,310,0.947217842248791,-0.0783537759515376
wsnp_Ex_c20457_29526260,chr6A,594560217,0.27158347477648,0.106451612903226,310,0.870958144418299,-0.138878481377176
RFL_Contig1715_631,chr6A,595459929,0.959211408591768,0.159677419354839,310,0.992927099579176,0.00612508176092774
RFL_Contig6053_3082,chr6A,596082476,0.854222364033919,0.0548387096774194,310,0.976160209998383,0.0373757757831115
Tdurum_contig46670_1680,chr6A,597608897,0.171295750295789,0.017741935483871,310,0.771444763799951,-0.503527540996188
RAC875_c1998_2067,chr6A,597610510,0.239727902323893,0.0516129032258065,310,0.853466056948967,0.204945428318494
Tdurum_contig33799_172,chr6A,599763478,0.47826357236092,0.208064516129032,310,0.939286252977516,-0.0723098001900517
wsnp_Ra_c11651_18855691,chr6A,602037120,0.248800293229325,0.179032258064516,310,0.853466056948967,-0.13087335019371
RAC875_c15525_271,chr6A,603916407,0.644697417573612,0.309677419354839,310,0.969010881575547,0.0491188354816892
Excalibur_c25390_2483,chr6A,604252528,0.0958758277617719,0.301612903225806,310,0.740002278216482,0.142535756692823
RAC875_c38488_164,chr6A,604394245,0.276737861232693,0.116129032258065,310,0.870958144418299,-0.147487233910573
Tdurum_contig30953_142,chr6A,604395580,0.356219587966532,0.116129032258065,310,0.893977239137489,-0.128397677345458
Excalibur_c79991_552,chr6A,606064043,0.323253241676972,0.496774193548387,310,0.870958144418299,0.0770436781502291
D_GDEEGVY02GMZ4L_337,chr6A,606943130,0.575643879730606,0.362903225806452,310,0.969010881575547,0.0506414628539034
RFL_Contig5262_1500,chr6A,608640995,0.131137361162243,0.191935483870968,310,0.740002278216482,-0.15219546921173
BS00034337_51,chr6A,609188436,0.240057147600277,0.330645161290323,310,0.853466056948967,-0.0960401576012124
BobWhite_c10832_1131,chr6A,609602209,0.265847946761895,0.293548387096774,310,0.866703545993116,-0.118913484725912
Tdurum_contig83087_104,chr6A,610598464,0.281360715371425,0.124193548387097,310,0.870958144418299,-0.137439961316854
Kukri_rep_c70558_246,chr6A,614102014,0.447431586166722,0.287096774193548,310,0.937293415236168,-0.0651896349084637
tplb0050d17_1401,chr6A,614416275,0.689747776564161,0.0483870967741935,310,0.969010881575547,-0.0699180273364739
BobWhite_c27364_124,chr6A,614732976,0.844598826659156,0.274193548387097,310,0.973668271608456,0.0257632098190683
Kukri_c494_1479,chr6A,616792479,0.273240537164264,0.196774193548387,310,0.870958144418299,-0.106918912567593
Excalibur_c5082_158,chr6A,619345299,0.120861339491407,0.495161290322581,310,0.740002278216482,0.116197700313858
IAAV1761,chr6B,4340062,0.716126221879233,0.141935483870968,310,0.969010881575547,-0.0388098143087561
Tdurum_contig61178_618,chr6B,4557815,0.0794543431090424,0.232258064516129,310,0.730277787114189,0.255984437083299
RFL_Contig2424_2617,chr6B,5579542,0.845928528018687,0.117741935483871,310,0.973668271608456,-0.0238238787221707
Kukri_c21405_2131,chr6B,5581925,0.0385863739389676,0.193548387096774,310,0.702908481960369,-0.202035549673738
Ex_c16090_1439,chr6B,7226097,0.154809078134866,0.137096774193548,310,0.75175717875204,-0.163732386004932
Tdurum_contig32779_217,chr6B,9654099,0.927029554302697,0.0629032258064516,310,0.985712244876452,-0.0150409465384396
RFL_Contig3110_2172,chr6B,17158086,0.886828406120319,0.390322580645161,310,0.980645551281194,0.0153724569722442
Excalibur_c50559_622,chr6B,17275679,0.3354115049518,0.154838709677419,310,0.878032784073822,0.156277130960454
wsnp_Ex_c702_1383612,chr6B,21203244,0.480308914270498,0.470967741935484,310,0.940877164738394,0.0606127888054928
Kukri_rep_c104879_103,chr6B,40166798,0.680279948539656,0.0661290322580645,310,0.969010881575547,-0.0651666835221274
Tdurum_contig9612_971,chr6B,40407602,0.47212720537704,0.437096774193548,310,0.937293415236168,-0.059240221387121
RAC875_c92963_773,chr6B,41395152,0.987251326953645,0.166129032258065,310,0.997422067950324,-0.00227659633128496
Excalibur_rep_c76289_85,chr6B,41657316,0.999927808155933,0.217741935483871,310,0.999927808155933,9.40274994576384e-06
RAC875_c26450_575,chr6B,41657660,0.917341725907106,0.293548387096774,310,0.985441678723352,-0.00937256740143333
BS00100307_51,chr6B,41872065,0.12496920458224,0.317741935483871,310,0.740002278216482,-0.132001104137245
BS00090070_51,chr6B,41931523,0.626111875793591,0.109677419354839,310,0.969010881575547,-0.0662645774774546
Kukri_c35255_1234,chr6B,41947726,0.952282076681884,0.32258064516129,310,0.990979051529381,0.00475921463932494
Tdurum_contig43092_876,chr6B,41948125,0.196828712708903,0.220967741935484,310,0.811656592932588,-0.133363750550437
Kukri_rep_c103613_253,chr6B,41949545,0.571285100326672,0.138709677419355,310,0.969010881575547,-0.0623320530808105
Kukri_c61725_362,chr6B,42487282,0.759940911538045,0.190322580645161,310,0.969010881575547,-0.029963942559359
RAC875_c13920_836,chr6B,42779478,0.401412367406426,0.353225806451613,310,0.9269034871207,-0.0718232954829183
IACX6023,chr6B,43274391,0.505943980822007,0.193548387096774,310,0.947217842248791,-0.0950274077925535
Tdurum_contig61150_752,chr6B,61999322,0.327516453352147,0.0790322580645161,310,0.871568634146452,-0.146638809110103
Tdurum_contig58200_210,chr6B,91788342,0.491802901523114,0.47258064516129,310,0.945080836364202,-0.0570781082018783
Tdurum_contig13901_55,chr6B,91911452,0.685175753068779,0.32741935483871,310,0.969010881575547,-0.0337809015658301
wsnp_Ex_c7907_13427724,chr6B,121827975,0.9785435353511,0.193548387096774,310,0.997341672977213,-0.00406721313150626
wsnp_Ex_c12577_20022294,chr6B,134856731,0.78533119974797,0.117741935483871,310,0.972803937913018,-0.0360316965377194
Tdurum_contig41980_2722,chr6B,140447863,0.554771968162409,0.409677419354839,310,0.966727173812803,-0.0491706982150895
Tdurum_contig41980_1727,chr6B,140449098,0.205203765423161,0.42258064516129,310,0.815670653499399,-0.102535941933919
Tdurum_contig41980_619,chr6B,140450206,0.359506626850949,0.379032258064516,310,0.895850471273453,-0.0781859455087037
BS00003214_51,chr6B,146559912,0.680694709323721,0.293548387096774,310,0.969010881575547,-0.0376065401076922
Tdurum_contig6121_947,chr6B,159494753,0.613269979376411,0.0483870967741935,310,0.969010881575547,-0.0929928951712391
CAP8_c1678_709,chr6B,163564152,0.307464832509208,0.345161290322581,310,0.870958144418299,-0.0889695739056648
BobWhite_c47659_100,chr6B,168506828,0.146821165552443,0.0629032258064516,310,0.744266169416557,-0.250925497792551
RAC875_c81264_124,chr6B,175045985,0.0914477900876398,0.42258064516129,310,0.730277787114189,-0.136613837412696
BobWhite_c10140_297,chr6B,176030131,0.312433531140205,0.0806451612903226,310,0.870958144418299,-0.151647683320691
wsnp_Ra_c57648_59682822,chr6B,185173497,0.109426280151187,0.0725806451612903,310,0.740002278216482,-0.251443154566161
wsnp_CAP8_c1530_885118,chr6B,189339270,0.311199321589029,0.409677419354839,310,0.870958144418299,-0.0834186508484898
Kukri_rep_c69660_52,chr6B,189876876,0.86405048405386,0.348387096774194,310,0.976566090371759,-0.0145360701013111
BS00058305_51,chr6B,206629051,0.766024327978592,0.0564516129032258,310,0.969602426603275,-0.054591325719219
Ra_c17795_425,chr6B,206630635,0.440717239823241,0.380645161290323,310,0.937293415236168,-0.0652851572088267
BobWhite_c17750_568,chr6B,211707872,0.405606063365809,0.379032258064516,310,0.9269034871207,-0.0701231892593093
Kukri_c66543_712,chr6B,228095587,0.0628424547082095,0.319354838709677,310,0.730277787114189,-0.218678352434896
Excalibur_c28771_400,chr6B,232184408,0.445978191893136,0.158064516129032,310,0.937293415236168,-0.0793369827550876
BobWhite_c10852_309,chr6B,235052954,0.830786303982976,0.225806451612903,310,0.972803937913018,-0.0193567366794145
Kukri_c44940_117,chr6B,273623097,0.0689411524490816,0.0693548387096774,310,0.730277787114189,-0.303297158053528
RAC875_c7110_2706,chr6B,277610928,0.872617892009579,0.082258064516129,310,0.976934641015279,-0.0244359682950019
D_GBB4FNX01BO9N8_336,chr6B,284509623,0.876626781487084,0.0903225806451613,310,0.977286765228818,-0.0225844567321545
BS00026203_51,chr6B,305885219,0.41576185431966,0.0983870967741935,310,0.929896649497577,0.103743321069256
wsnp_Ex_c16446_24946990,chr6B,318373853,0.30602993203507,0.0612903225806452,310,0.870958144418299,-0.182387629506046
Excalibur_c7823_397,chr6B,323148501,0.245236441169175,0.0870967741935484,310,0.853466056948967,-0.182306191135815
Ku_c47744_1073,chr6B,425174896,0.672937374987155,0.183870967741935,310,0.969010881575547,-0.0560982376492269
BobWhite_c11301_226,chr6B,447219599,0.137667974304983,0.388709677419355,310,0.740002278216482,-0.123568879377878
Ex_c1145_552,chr6B,456101999,0.443190234374997,0.280645161290323,310,0.937293415236168,-0.0905615002413604
RAC875_c64560_111,chr6B,456103535,0.390721813299943,0.245161290322581,310,0.921980151861298,-0.112535327329983
BS00067073_51,chr6B,459086682,0.149105955842366,0.0919354838709677,310,0.744266169416557,-0.205660510565341
BS00073906_51,chr6B,472040473,0.162687440556746,0.0758064516129032,310,0.758492631830529,0.221575441999555
RAC875_c6431_1012,chr6B,487244663,0.970720690543611,0.0774193548387097,310,0.995761265798901,0.00588973690125627
wsnp_BE591931B_Ta_2_2,chr6B,529149473,0.72603762574332,0.109677419354839,310,0.969010881575547,-0.0503796915665902
wsnp_JD_c34368_25929293,chr6B,553778886,0.623529020908409,0.475806451612903,310,0.969010881575547,0.047763553392322
Tdurum_contig44173_792,chr6B,560781552,0.618283670154657,0.0564516129032258,310,0.969010881575547,0.0915827394412077
RFL_Contig4251_851,chr6B,602793525,0.972555012186132,0.067741935483871,310,0.995761265798901,0.00574679726941163
RAC875_c13216_111,chr6B,630446803,0.111240483922075,0.325806451612903,310,0.740002278216482,-0.177502897049873
Tdurum_contig76997_244,chr6B,630755690,0.816370531840868,0.359677419354839,310,0.972803937913018,-0.0202977306480889
Tdurum_contig76997_462,chr6B,630755908,0.030282055757843,0.401612903225806,310,0.692450422847716,-0.185960203723788
BS00023050_51|Tdurum_contig76997_664,chr6B,630756109,0.0377710603514957,0.369354838709677,310,0.701327299169449,-0.185410639884452
BS00022599_51,chr6B,632282933,0.949500627562498,0.254838709677419,310,0.990343914546998,-0.0061327700077527
Kukri_rep_c68504_1403,chr6B,635965377,0.677142795365989,0.141935483870968,310,0.969010881575547,0.0479480092079374
BobWhite_rep_c53133_385,chr6B,647372358,0.463342009226345,0.12741935483871,310,0.937293415236168,-0.0935339680511156
CAP7_rep_c12929_169,chr6B,650812725,0.266957710435869,0.275806451612903,310,0.868388787674373,-0.127370653189026
Tdurum_contig53779_1074,chr6B,652161389,0.067819635463792,0.295161290322581,310,0.730277787114189,-0.20350302689074
wsnp_BE637911B_Ta_2_2,chr6B,652162564,0.548526307904556,0.256451612903226,310,0.966727173812803,-0.0580740882676913
wsnp_BE637911B_Ta_2_1,chr6B,652162812,0.0829030632658536,0.304838709677419,310,0.730277787114189,-0.18249476916359
BS00063217_51,chr6B,652871833,0.842643224442076,0.456451612903226,310,0.973668271608456,0.0209501130161556
BS00068506_51,chr6B,652977737,0.172014282363996,0.285483870967742,310,0.771444763799951,-0.157923617298213
GENE-4093_178,chr6B,653046902,0.521425848271227,0.280645161290323,310,0.957754130868251,-0.0594774056417933
Tdurum_contig17421_310,chr6B,667436427,0.0381026716017357,0.291935483870968,310,0.701327299169449,0.190983851453513
Excalibur_rep_c110824_66,chr6B,667437484,0.29999771917382,0.391935483870968,310,0.870958144418299,-0.0965447144232527
BS00023080_51,chr6B,667547478,0.818962165703364,0.316129032258064,310,0.972803937913018,0.0207809585997936
BS00109717_51,chr6B,667550423,0.574498491612967,0.461290322580645,310,0.969010881575547,0.045640954569226
Kukri_c16404_100,chr6B,668281604,0.143069216936615,0.464516129032258,310,0.743399242077896,0.112844340403356
BS00041633_51,chr6B,669292378,0.111459825083387,0.485483870967742,310,0.740002278216482,0.131478757073729
Kukri_c85856_60,chr6B,680423612,0.0449048469310943,0.22741935483871,310,0.71173467449109,0.272386850818172
Kukri_c20590_210,chr6B,685151594,0.251789594413007,0.0838709677419355,310,0.854862945906594,-0.167790954942259
BobWhite_c27559_270,chr6B,685244445,0.653938442783305,0.1,310,0.969010881575547,-0.0573391565121995
BS00046264_51,chr6B,687410691,0.440365834439649,0.293548387096774,310,0.937293415236168,0.0664526141836639
BS00046263_51,chr6B,687410926,0.93196796425454,0.414516129032258,310,0.985712244876452,0.00719616837422521
BS00085688_51,chr6B,687621646,0.564635741066545,0.291935483870968,310,0.969010881575547,0.0522029766560692
IAAV3657,chr6B,688071134,0.523715967938349,0.269354838709677,310,0.958970067717163,0.0562173704698417
Kukri_rep_c101126_469,chr6B,688275278,0.337694801982313,0.403225806451613,310,0.878191004181359,-0.0817194483297783
tplb0046e21_618,chr6B,690415049,0.174338580792413,0.0854838709677419,310,0.772989819367173,-0.233706171007125
Tdurum_contig7986_704,chr6B,690415134,0.917530644989904,0.17741935483871,310,0.985441678723352,-0.0121330844149412
RAC875_c5413_1266,chr6B,692702675,0.966402781592995,0.291935483870968,310,0.995704790131092,0.00373205191843695
wsnp_Ex_c54772_57527555,chr6B,692783381,0.83177671503267,0.475806451612903,310,0.972803937913018,-0.0169954190528223
wsnp_Ex_c54772_57528275,chr6B,692784320,0.640329307133405,0.435483870967742,310,0.969010881575547,-0.039017480620064
wsnp_Ex_c293_568575,chr6B,693010696,0.703888838231855,0.0483870967741935,310,0.969010881575547,0.0897078277117096
wsnp_Ex_c293_568283,chr6B,693010988,0.63871603219529,0.229032258064516,310,0.969010881575547,0.0415254447415254
RAC875_c56205_127,chr6B,694908864,0.676256675135007,0.358064516129032,310,0.969010881575547,-0.0370241256662247
IAAV1771,chr6B,694909003,0.866446580169783,0.406451612903226,310,0.976566090371759,-0.0133180227485994
RAC875_c45987_106,chr6B,694916868,0.74531772709949,0.47741935483871,310,0.969010881575547,-0.0270470868646626
RAC875_c1927_197,chr6B,703811130,0.94081934319871,0.22741935483871,310,0.985712244876452,-0.00708697655968038
Excalibur_c10358_1800,chr6D,1151876,0.951613167362807,0.0919354838709677,310,0.990979051529381,0.00838589330662209
Excalibur_c52276_176,chr6D,1503859,0.678616642090614,0.430645161290323,310,0.969010881575547,-0.0504889626394132
Kukri_c55362_75,chr6D,1820453,0.862539061411152,0.448387096774194,310,0.976566090371759,-0.025236892509767
BS00022523_51,chr6D,5712193,0.219512355350807,0.12258064516129,310,0.838234756503938,-0.161357904376038
IACX9471,chr6D,5778807,0.00898006222738197,0.108064516129032,310,0.630314544739845,-0.365116391247511
Ra_c42576_780,chr6D,5778906,0.00209613896310835,0.143548387096774,310,0.448893791437249,-0.372150205319763
wsnp_BE445201D_Ta_1_1,chr6D,114460376,0.637887977072389,0.319354838709677,310,0.969010881575547,-0.0382931639721917
IACX179,chr6D,152594622,0.90633361800853,0.116129032258065,310,0.982144561009376,-0.0149410547169353
wsnp_Ex_c1035_1980908,chr6D,160807187,0.612699704386224,0.116129032258065,310,0.969010881575547,0.0689447875812021
Ex_c39405_712,chr6D,169801520,0.243029510301386,0.138709677419355,310,0.853466056948967,0.145920060600787
Jagger_c211_207,chr6D,220780001,0.599170473945759,0.12741935483871,310,0.969010881575547,0.0689138027133787
BS00021881_51,chr6D,433062115,0.871937331467219,0.0629032258064516,310,0.976934641015279,-0.0264140445118581
BS00036102_51,chr6D,467428502,0.192063951622908,0.137096774193548,310,0.805186981151387,-0.16007919032895
RAC875_c17946_277,chr6D,467639548,0.949990342477171,0.138709677419355,310,0.990343914546998,-0.00685579033029882
wsnp_Ex_c25390_34655262,chr6D,469342249,0.634578531565596,0.469354838709677,310,0.969010881575547,0.0356451046556217
Kukri_rep_c70361_193,chr6D,469342501,0.0149551007496488,0.120967741935484,310,0.630314544739845,-0.321163290253741
wsnp_Ex_c25390_34654575,chr6D,469342936,0.425312710823923,0.198387096774194,310,0.935899825686016,-0.100052052391089
CAP7_rep_c12716_77,chr6D,469721666,0.602392765785487,0.138709677419355,310,0.969010881575547,-0.066535430386601
GENE-3976_443,chr6D,469722499,0.328262224009562,0.285483870967742,310,0.872096299089297,-0.0924656461314015
wsnp_Ra_c7200_12462543,chr6D,469731296,0.346231846245875,0.170967741935484,310,0.885371450530335,-0.100844516793176
IAAV1012,chr6D,470208435,0.302660324354559,0.27741935483871,310,0.870958144418299,-0.0915730543010707
Excalibur_c30035_368,chr6D,470208464,0.925754536817425,0.490322580645161,310,0.985712244876452,-0.00708469795101507
tplb0025h02_894,chr6D,470667422,0.119678426321631,0.125806451612903,310,0.740002278216482,-0.20455707093239
RAC875_c64099_90,chr6D,471528107,0.558324478413289,0.187096774193548,310,0.966727173812803,0.0706588188322463
RAC875_c48570_361,chr6D,471530500,0.689664904827568,0.135483870967742,310,0.969010881575547,-0.0492195896154044
BobWhite_c34996_280,chr6D,471655495,0.283745296546162,0.162903225806452,310,0.870958144418299,-0.135926610583443
Excalibur_c22599_921,chr6D,471657156,0.578910676815061,0.112903225806452,310,0.969010881575547,-0.0787745096520673
tplb0046a04_902,chr6D,471960938,0.123820679275617,0.162903225806452,310,0.740002278216482,-0.178425118058245
Excalibur_c83056_83,chr6D,472263729,0.181624543283487,0.1,310,0.790469379265818,-0.203939017398078
wsnp_Ex_c14691_22763609,chr6D,472304683,0.642025729651847,0.151612903225806,310,0.969010881575547,0.0489062555342183
GENE-3864_207,chr6D,472310433,0.245095870657665,0.0548387096774194,310,0.853466056948967,-0.2081559678548
IAAV3944,chr6D,472341415,0.120075901253374,0.0725806451612903,310,0.740002278216482,-0.239256234924543
Excalibur_c43740_95,chr6D,472344152,0.0214112179094459,0.0741935483870968,310,0.655961471489004,-0.362334884124294
Excalibur_c4261_1098,chr6D,472401057,0.212764693906678,0.367741935483871,310,0.828095185315198,-0.122399102026655
wsnp_JD_rep_c50999_34772439,chr6D,472660811,0.772442142867699,0.161290322580645,310,0.972348486493308,-0.0297433426921163
Ku_c107983_831,chr6D,472871571,0.826299339626744,0.0629032258064516,310,0.972803937913018,0.0396465964438786
RAC875_rep_c115101_171,chr6D,472871976,0.0302314715472875,0.159677419354839,310,0.692450422847716,-0.229750651535172
BobWhite_c34798_184,chr6D,473158971,0.000792045489355882,0.217741935483871,310,0.349886094922961,-0.309681899880895
RAC875_c24285_1049,chr6D,473425756,0.171624200239095,0.120967741935484,310,0.771444763799951,-0.165014466627493
Excalibur_c8134_1319,chr6D,473563887,0.734748986782609,0.419354838709677,310,0.969010881575547,0.0347791930076653
Excalibur_c29102_933,chr6D,473565054,0.776190634062801,0.408064516129032,310,0.972348486493308,-0.0348004005757403
Ex_c31468_763,chr6D,473572658,0.0778135428213567,0.0758064516129032,310,0.730277787114189,-0.276563379936157
Ex_c31468_598,chr6D,473572823,0.758915633422082,0.47741935483871,310,0.969010881575547,0.0440279986061825
CAP7_c2559_543,chr6D,474710482,0.508391383352369,0.0193548387096774,310,0.947217842248791,-0.237980182588906
wsnp_Ex_c6942_11966469,chr6D,474714743,0.310523445968145,0.082258064516129,310,0.870958144418299,-0.153114091031648
BobWhite_c13435_700,chr6D,474719776,0.832116221136942,0.0725806451612903,310,0.972803937913018,-0.0315795246646324
tplb0038e08_609,chr6D,475043287,0.819978548128694,0.445161290322581,310,0.972803937913018,-0.0359830978995603
Excalibur_c2991_320,chr6D,475822943,0.181258338296945,0.0516129032258065,310,0.790469379265818,-0.23954711159622
Excalibur_c63506_512,chr6D,475826293,0.189479215004245,0.0596774193548387,310,0.800980317972492,-0.234269580087858
wsnp_CAP7_c1735_859744,chr6D,476519223,0.160862343405902,0.0467741935483871,310,0.753962230234027,-0.268809083368167
wsnp_CAP7_c1735_859875,chr6D,476519355,0.291398001112959,0.274193548387097,310,0.870958144418299,-0.126063056479872
Kukri_rep_c107605_164,chr6D,476520297,0.753055056593876,0.0467741935483871,310,0.969010881575547,-0.059025982695216
Excalibur_c16566_485,chr6D,476889546,0.129178951758081,0.0629032258064516,310,0.740002278216482,-0.258779327592066
BS00022206_51,chr6D,476890714,0.280631427080527,0.067741935483871,310,0.870958144418299,-0.182837263846789
BS00105877_51,chr6D,479165444,0.153765579065576,0.0612903225806452,310,0.75175717875204,-0.265808633602866
RAC875_c14354_934,chr6D,482228853,0.69540271866957,0.293548387096774,310,0.969010881575547,-0.0332364843940951
Excalibur_c15309_646,chr6D,482230102,0.104332020420625,0.148387096774194,310,0.740002278216482,-0.181042686057717
Ex_c12134_939,chr6D,482716332,0.0181131652031051,0.0693548387096774,310,0.655961471489004,-0.372794264909864
BS00070856_51,chr6D,483739858,0.757472413580351,0.0467741935483871,310,0.969010881575547,-0.0572873683461523
RFL_Contig2615_982,chr6D,483805184,0.726591055658816,0.032258064516129,310,0.969010881575547,-0.0774075117273423
BS00061126_51,chr6D,483982851,0.891403775956183,0.0290322580645161,310,0.980807690540717,0.0310331217594246
BS00095826_51,chr7A,1706781,0.197243423949682,0.174193548387097,310,0.811656592932588,0.161364522623
Kukri_c38338_485,chr7A,13723399,0.0836839442444509,0.154838709677419,310,0.730277787114189,0.202492467764747
Kukri_c36885_58,chr7A,13787485,0.763307425027971,0.148387096774194,310,0.969602426603275,-0.0369034983359082
RAC875_rep_c114991_493,chr7A,17135188,0.0799838714526339,0.196774193548387,310,0.730277787114189,0.238744676094012
wsnp_Ra_c63822_63288359,chr7A,25057395,0.40706118053518,0.169354838709677,310,0.9269034871207,0.114291395330198
RAC875_c63822_185,chr7A,25058429,0.158675287777858,0.208064516129032,310,0.751963258470909,0.172049287200362
IAAV6131,chr7A,25983207,0.508555871912125,0.232258064516129,310,0.947217842248791,0.0778267257385643
Tdurum_contig85217_286,chr7A,30068113,0.690988237655535,0.0403225806451613,310,0.969010881575547,-0.0844274852143503
Tdurum_contig67992_238,chr7A,63155684,0.0329718362543217,0.179032258064516,310,0.693586126921267,-0.246202907496762
Tdurum_contig28195_198,chr7A,63715214,0.0608202990305542,0.190322580645161,310,0.730277787114189,-0.226923115694863
BS00111112_51,chr7A,67932872,0.207725972877606,0.0935483870967742,310,0.815670653499399,0.204151006036064
Ex_c4463_146,chr7A,82484003,0.751033643290958,0.0467741935483871,310,0.969010881575547,0.0604255213139879
BS00074230_51,chr7A,83230747,0.619372202386675,0.0548387096774194,310,0.969010881575547,0.0902722261984277
Tdurum_contig63598_188,chr7A,116164416,0.700350396410427,0.453225806451613,310,0.969010881575547,0.0332472833337221
wsnp_Ex_c40247_47349166,chr7A,116518294,0.0672607415229985,0.159677419354839,310,0.730277787114189,0.25392530628158
RAC875_rep_c111778_387,chr7A,116520582,0.144504704581304,0.469354838709677,310,0.744266169416557,-0.127458931761272
RAC875_rep_c76772_850,chr7A,117353100,0.561401934027356,0.316129032258064,310,0.967755609312989,-0.0583735192373176
Tdurum_contig61653_948,chr7A,117827314,0.958841342580184,0.0274193548387097,310,0.992927099579176,-0.0129291122051196
BS00021769_51,chr7A,118856384,0.735944800845668,0.0596774193548387,310,0.969010881575547,0.0571240109569171
Tdurum_contig13080_153,chr7A,149047446,0.84700103795222,0.482258064516129,310,0.973668271608456,-0.0165382112769024
Tdurum_contig4676_3592,chr7A,158008204,0.994307054812528,0.456451612903226,310,0.997694813091276,0.000633496156158486
BS00092805_51,chr7A,160452438,0.718699242526374,0.491935483870968,310,0.969010881575547,0.0314555270578083
Kukri_s118416_65,chr7A,167980070,0.956184327862484,0.275806451612903,310,0.992326933081198,0.00631772060918223
BS00051338_51,chr7A,169518996,0.840272483469889,0.201612903225806,310,0.973543744498009,0.019288292455526
BobWhite_c3670_517,chr7A,172407805,0.451101400978142,0.37258064516129,310,0.937293415236168,0.0683689540059724
Kukri_c24337_416,chr7A,202681037,0.243686345660154,0.111290322580645,310,0.853466056948967,-0.194183888615704
Excalibur_rep_c81365_214|wsnp_JD_c6050_7214383,chr7A,246132388,0.608296380805679,0.103225806451613,310,0.969010881575547,0.103884088745616
BS00067759_51,chr7A,247501601,0.525076885010577,0.214516129032258,310,0.959121740742549,0.0732387001486963
Tdurum_contig11862_341,chr7A,259647856,0.469461484831024,0.216129032258065,310,0.937293415236168,0.0826075456661144
Ra_c8425_1331,chr7A,261044837,0.235590751490662,0.183870967741935,310,0.853466056948967,0.140373562464678
Excalibur_c48973_1688,chr7A,280935326,0.820331136575021,0.158064516129032,310,0.972803937913018,0.0237626148592227
Tdurum_contig76441_240,chr7A,285225672,0.677129163095398,0.209677419354839,310,0.969010881575547,0.0477770972348672
RAC875_c37071_73,chr7A,296344858,0.482001423593975,0.211290322580645,310,0.940877164738394,0.0808553538262196
Tdurum_contig28843_80,chr7A,296345296,0.546968772720893,0.203225806451613,310,0.966727173812803,0.0711596358092841
Excalibur_c26782_423,chr7A,432819293,0.223831074594983,0.383870967741935,310,0.846309070035539,0.18175295963956
Excalibur_rep_c68850_592,chr7A,505791672,0.957508444201156,0.195161290322581,310,0.992326933081198,-0.00625717257183922
wsnp_Ex_c558_1105911,chr7A,515632441,0.750085132356069,0.196774193548387,310,0.969010881575547,0.037314186096733
BS00015354_51|Kukri_c64283_212,chr7A,541306840,0.63649779573515,0.193548387096774,310,0.969010881575547,0.0552035346608371
BS00065462_51,chr7A,542734798,0.990799845382914,0.183870967741935,310,0.997422067950324,0.00146468026678193
BobWhite_c66165_77,chr7A,543557005,0.805057592984878,0.104838709677419,310,0.972803937913018,-0.0514210199221665
Excalibur_c12916_123,chr7A,574041546,0.249073916372963,0.495161290322581,310,0.853466056948967,0.114570472182621
IAAV8081,chr7A,576110262,0.177743665609182,0.387096774193548,310,0.784233610677638,-0.122209357850945
RAC875_c4732_1672|wsnp_Ku_c4591_8286583,chr7A,576512294,0.249240731502589,0.32258064516129,310,0.853466056948967,0.0958338632370292
RAC875_c21280_2176,chr7A,585401984,0.891881650848801,0.22258064516129,310,0.980807690540717,-0.0138726370583164
wsnp_Ra_c21280_30656003,chr7A,585402124,0.574258510891668,0.204838709677419,310,0.969010881575547,0.0711521338842793
Ra_c1227_2718,chr7A,585467638,0.973236337512773,0.235483870967742,310,0.995761265798901,0.00386267248890704
Kukri_c47141_79,chr7A,587249974,0.746305511597133,0.141935483870968,310,0.969010881575547,-0.0359821464859582
GENE-4270_242,chr7A,592585602,0.409195255109323,0.130645161290323,310,0.928174603052854,-0.113408888581265
wsnp_Ra_c40910_48252997,chr7A,597726092,0.322400109344187,0.256451612903226,310,0.870958144418299,0.112423365090379
wsnp_RFL_Contig1510_707132,chr7A,598682800,0.816511885331793,0.316129032258064,310,0.972803937913018,-0.0190630517947916
Ex_c7397_545,chr7A,598683110,0.112830221606841,0.496774193548387,310,0.740002278216482,0.176052846958562
Ex_c7397_535,chr7A,598683120,0.112268943191388,0.474193548387097,310,0.740002278216482,0.167543697249222
Excalibur_rep_c79404_164,chr7A,598683580,0.992853603081254,0.238709677419355,310,0.997422067950324,0.00105611711618536
wsnp_Ex_c1482_2834254,chr7A,599333457,0.439411601607117,0.374193548387097,310,0.937293415236168,-0.109641054549449
wsnp_Ex_c1482_2835474,chr7A,599336465,0.991201093690197,0.424193548387097,310,0.997422067950324,-0.00102269341951455
wsnp_Ex_c6059_10615895,chr7A,599364299,0.927905628888887,0.235483870967742,310,0.985712244876452,0.0105281108103163
wsnp_Ra_c16813_25556454,chr7A,600982250,0.3445969487205,0.248387096774194,310,0.883748633365925,0.108896283874842
TA005578-0927,chr7A,604620635,0.688229647782206,0.259677419354839,310,0.969010881575547,0.0434124772666635
BS00035807_51,chr7A,604756468,0.541332078724345,0.25,310,0.966727173812803,0.0718004095545801
BS00059928_51,chr7A,605590060,0.969973900206002,0.245161290322581,310,0.995761265798901,0.00420818236730724
BS00075525_51,chr7A,606081784,0.803977979957344,0.241935483870968,310,0.972803937913018,-0.0282924532687048
wsnp_Ex_c8614_14453388,chr7A,608297993,0.953508688076492,0.290322580645161,310,0.991671484303214,-0.00568668200402911
wsnp_Ex_rep_c68405_67220388,chr7A,610070466,0.133175442164139,0.325806451612903,310,0.740002278216482,-0.127509608779892
Ra_c72413_1987,chr7A,610070856,0.782353316731921,0.193548387096774,310,0.972803937913018,0.0272865872337089
wsnp_Ex_c38981_46383475,chr7A,610715364,0.987346611695242,0.254838709677419,310,0.997422067950324,0.00176177515331233
wsnp_Ex_c19582_28564743,chr7A,611247295,0.0790919592480485,0.0516129032258065,310,0.730277787114189,-0.322113329029328
wsnp_Ex_c19005_27918129,chr7A,611514975,0.244473430616068,0.261290322580645,310,0.853466056948967,0.12105330188648
BS00044260_51,chr7A,611515954,0.384549936350023,0.0532258064516129,310,0.917259493983658,-0.147453710126095
Ku_c5901_1487,chr7A,611909139,0.553589349253999,0.164516129032258,310,0.966727173812803,-0.0612481573433037
RAC875_c13696_226,chr7A,613241025,0.0094798628655963,0.159677419354839,310,0.630314544739845,0.306635388176279
BS00092631_51,chr7A,613484154,0.00930026313763815,0.0741935483870968,310,0.630314544739845,-0.372593896980586
Kukri_c6676_172,chr7A,613488811,0.315991866384187,0.0580645161290323,310,0.870958144418299,-0.164762949904407
Kukri_c16922_106,chr7A,615341146,0.665649422236349,0.285483870967742,310,0.969010881575547,-0.0452566795790368
CAP7_c1522_255,chr7A,619318726,0.139065927802881,0.301612903225806,310,0.742164049594072,-0.154152157600517
wsnp_CAP11_c827_513472,chr7A,619598078,0.536097638775774,0.298387096774194,310,0.966616865017136,-0.0593133910295904
Ku_c2990_1997,chr7A,623951492,0.866292420043714,0.104838709677419,310,0.976566090371759,-0.0232930959255544
CAP8_c3496_118,chr7A,628258831,0.580859385367129,0.206451612903226,310,0.969010881575547,0.0620820797183832
wsnp_Ex_c15341_23592177,chr7A,637162608,0.331663108651957,0.169354838709677,310,0.872096299089297,-0.120166916865212
wsnp_Ex_c15341_23592075,chr7A,637162710,0.316632249834067,0.111290322580645,310,0.870958144418299,0.140139411458968
wsnp_JD_c5102_6225151,chr7A,645455423,0.350813628801937,0.461290322580645,310,0.888091235090292,0.0759090352844716
RAC875_c35723_106,chr7A,659821504,0.71297920488328,0.325806451612903,310,0.969010881575547,0.0351177990587672
RAC875_c43295_135,chr7A,663534731,0.847521167108779,0.275806451612903,310,0.973668271608456,-0.0184881895119986
Excalibur_c14451_389,chr7A,673729628,0.324353723347088,0.282258064516129,310,0.870958144418299,0.101194116868687
tplb0045p11_893,chr7A,673763752,0.458737590974095,0.220967741935484,310,0.937293415236168,0.0883937181579064
RAC875_c24411_889,chr7A,677625516,0.31635078123317,0.167741935483871,310,0.870958144418299,0.101651380475406
wsnp_Ex_c9428_15641609,chr7A,677736623,0.73107841689241,0.261290322580645,310,0.969010881575547,0.0331676309528603
IAAV5268,chr7A,682233957,0.720869129330678,0.148387096774194,310,0.969010881575547,0.057361656056429
RAC875_rep_c119304_226,chr7A,692358395,0.169255822686596,0.00645161290322581,310,0.770416266637801,-0.633802748111005
wsnp_Ku_c44760_51961180,chr7A,692637444,0.0723477473048888,0.220967741935484,310,0.730277787114189,0.179075670408203
BS00065529_51,chr7A,692955614,0.634177720551771,0.295161290322581,310,0.969010881575547,0.0406719345584925
BobWhite_c19346_434,chr7A,696459217,0.823056819080833,0.437096774193548,310,0.972803937913018,-0.0182277561015063
Tdurum_contig43216_852,chr7A,705563849,0.400770794533059,0.22258064516129,310,0.9269034871207,-0.11025379105509
Tdurum_contig61864_1352,chr7A,705594059,0.0966646376336228,0.112903225806452,310,0.740002278216482,0.293540126795008
JD_c1314_1184,chr7A,711613052,0.32005116405301,0.245161290322581,310,0.870958144418299,-0.101675709938345
BS00081057_51,chr7A,712784880,0.894216858778209,0.230645161290323,310,0.980807690540717,-0.0139871987567446
Kukri_c28968_130,chr7A,720270650,0.731963123808991,0.0693548387096774,310,0.969010881575547,0.054651783903946
wsnp_Ra_c7112_12318340,chr7A,720981510,0.986196156722255,0.432258064516129,310,0.997422067950324,0.00170122474496281
Tdurum_contig12454_585,chr7A,723972206,0.800935755841303,0.0338709677419355,310,0.972803937913018,0.0743844387022783
Tdurum_contig59633_56,chr7A,723980490,0.275668742172116,0.241935483870968,310,0.870958144418299,0.105794022166595
BS00010677_51,chr7A,723986356,0.530737764926999,0.146774193548387,310,0.961783049710527,-0.0803484574046038
RAC875_c90330_82,chr7A,725491311,0.670786911707061,0.458064516129032,310,0.969010881575547,-0.0716425137118648
RFL_Contig2814_385,chr7A,737730734,0.157459848606827,0.0725806451612903,310,0.75175717875204,0.226661526891036
Tdurum_contig45618_1089,chr7A,737884396,0.578928762610137,0.0774193548387097,310,0.969010881575547,-0.0829808813633619
RAC875_c18550_228,chr7A,737885505,0.0852396949221912,0.261290322580645,310,0.730277787114189,-0.212233747097585
Tdurum_contig28435_107,chr7A,738022186,0.0249265928793131,0.119354838709677,310,0.67761984027302,-0.368280476729613
Excalibur_c8486_419,chr7B,16481,0.135615076928801,0.17741935483871,310,0.740002278216482,-0.167698597586732
GENE-2935_114,chr7B,2281105,0.949027123303924,0.0225806451612903,310,0.990343914546998,-0.0159921480395102
RFL_Contig6075_1128,chr7B,2885702,0.339975067308027,0.338709677419355,310,0.878191004181359,0.1261297188261
RAC875_rep_c78258_214,chr7B,3383560,0.244001019498901,0.187096774193548,310,0.853466056948967,-0.156332003914077
Tdurum_contig25857_274,chr7B,3822839,0.642206544114484,0.370967741935484,310,0.969010881575547,0.0409248217709361
Kukri_c41117_824,chr7B,3832150,0.0434693793607992,0.124193548387097,310,0.71173467449109,0.282265479718461
Tdurum_contig98005_272,chr7B,4662572,0.304930771064254,0.329032258064516,310,0.870958144418299,0.0921135820762231
Tdurum_contig85266_280,chr7B,5558560,0.0472097141768332,0.353225806451613,310,0.712987734619352,0.176203314683125
Ra_c39042_935,chr7B,12171340,0.449844804719523,0.432258064516129,310,0.937293415236168,0.0608742033002336
BS00021952_51,chr7B,43286870,0.600036569145518,0.17741935483871,310,0.969010881575547,-0.0567935463747489
GENE-4376_439,chr7B,43290208,0.187080168844227,0.17258064516129,310,0.799689804199458,0.146804536121181
RAC875_c30123_913,chr7B,79041916,0.863567641690872,0.404838709677419,310,0.976566090371759,0.0139894058101504
Excalibur_c32859_652,chr7B,87150682,0.317050376508415,0.425806451612903,310,0.870958144418299,0.0806291070625349
GENE-4507_56,chr7B,130466305,0.518552140610747,0.337096774193548,310,0.955860106957461,0.0615645708226324
GENE-4507_113,chr7B,130466358,0.576355510393632,0.0838709677419355,310,0.969010881575547,0.0839250562436007
wsnp_Ex_rep_c66351_64532511,chr7B,130480340,0.323710926320009,0.419354838709677,310,0.870958144418299,0.0877863517785791
wsnp_Ra_c31052_40235870,chr7B,130634075,0.999760358537836,0.261290322580645,310,0.999927808155933,-3.38011206189037e-05
wsnp_Ex_rep_c69954_68913284,chr7B,130634178,0.366579532505275,0.285483870967742,310,0.902574028194439,0.0917842234511781
wsnp_Ex_c27666_36847022,chr7B,130636566,0.8317499643493,0.267741935483871,310,0.972803937913018,0.0186661887190631
Tdurum_contig50984_599,chr7B,429421995,0.244538486907843,0.498387096774194,310,0.853466056948967,0.115547732733809
Tdurum_contig54532_206,chr7B,440575969,0.871517158148517,0.137096774193548,310,0.976934641015279,0.0259771482816582
wsnp_Ex_c65605_63952614,chr7B,454540269,0.295500559672117,0.269354838709677,310,0.870958144418299,-0.0975670637879027
Tdurum_contig48695_527,chr7B,460005311,0.81665184931182,0.225806451612903,310,0.972803937913018,-0.0208038778361068
wsnp_Ku_c19037_28455905,chr7B,460023036,0.0133391815856134,0.396774193548387,310,0.630314544739845,-0.223957969929504
Tdurum_contig81318_116,chr7B,470087643,0.256639560974545,0.295161290322581,310,0.860547068873116,-0.102957747641696
Excalibur_c17078_400,chr7B,470612372,0.21870234782529,0.290322580645161,310,0.838234756503938,-0.113357187697172
RFL_Contig3306_194,chr7B,486378939,0.260930848370951,0.135483870967742,310,0.862227700839555,-0.155221876515391
Excalibur_c16687_476,chr7B,491053428,0.822665696542617,0.220967741935484,310,0.972803937913018,-0.022397623270269
Kukri_c48870_115,chr7B,491053591,0.236939109150543,0.312903225806452,310,0.853466056948967,-0.106945557004504
BobWhite_rep_c49587_1290,chr7B,491345170,0.168098185402417,0.282258064516129,310,0.768808242692026,-0.128350627678948
RAC875_rep_c106651_635,chr7B,532301752,0.668664801082209,0.251612903225806,310,0.969010881575547,0.0380730194188192
Kukri_c34355_722,chr7B,543184224,0.706449341593062,0.198387096774194,310,0.969010881575547,-0.0375838141954237
wsnp_Ex_c10550_17231658,chr7B,632289892,0.707129510350328,0.196774193548387,310,0.969010881575547,0.0381059594391022
GENE-4624_79,chr7B,633507557,0.136458300306408,0.185483870967742,310,0.740002278216482,-0.159751603655495
wsnp_Ex_rep_c70700_69597262,chr7B,634181119,0.325826397487912,0.340322580645161,310,0.870958144418299,-0.109103987083468
RAC875_c24101_284,chr7B,636880918,0.437886936764881,0.179032258064516,310,0.937293415236168,0.0805994245926556
Tdurum_contig97814_355,chr7B,648091240,0.159254537129018,0.290322580645161,310,0.751963258470909,-0.165543866290026
BS00022053_51,chr7B,648696805,0.682978086142288,0.435483870967742,310,0.969010881575547,-0.0335080320613024
Kukri_c25451_119,chr7B,651534868,0.0653460055810304,0.290322580645161,310,0.730277787114189,0.187621254853688
Kukri_c29415_392,chr7B,651535852,0.61982737364582,0.404838709677419,310,0.969010881575547,-0.0389430384205909
RAC875_c45062_305,chr7B,658493608,0.0813110155580931,0.462903225806452,310,0.730277787114189,-0.140092402767767
BobWhite_c9774_101,chr7B,666983983,0.86327985934327,0.35,310,0.976566090371759,0.0178941135290813
Tdurum_contig44993_359,chr7B,670628424,0.0711483024887443,0.0564516129032258,310,0.730277787114189,-0.332880682551142
Excalibur_c16856_432,chr7B,685802816,0.516574695285091,0.191935483870968,310,0.955798415255241,-0.0876350932485543
Tdurum_contig4658_346,chr7B,687058202,0.383726879617988,0.214516129032258,310,0.917259493983658,0.108684875965565
BobWhite_c1802_456,chr7B,687058274,0.792000169178883,0.114516129032258,310,0.972803937913018,0.0381952282840174
Ra_c21094_506,chr7B,687836118,0.0279936447582653,0.0483870967741935,310,0.692450422847716,-0.421536933375089
Kukri_c10430_1138,chr7B,700204215,0.372850145753329,0.138709677419355,310,0.911077222709445,-0.100581126661346
wsnp_Ex_rep_c68762_67626384,chr7B,707835747,0.790259263887474,0.0612903225806452,310,0.972803937913018,-0.0468577514336666
Tdurum_contig17062_665,chr7B,708306460,0.901092599166262,0.2,310,0.982144561009376,-0.0137680771542108
Excalibur_c7338_563,chr7B,708309524,0.512449220555485,0.141935483870968,310,0.951153122606661,-0.089114904391284
wsnp_Ex_c1721_3261986,chr7B,708641818,0.42642712255704,0.440322580645161,310,0.936020777091042,0.0882627842898316
BobWhite_c12048_145,chr7B,708642117,0.0144645485120919,0.37741935483871,310,0.630314544739845,0.208154463049436
TA005284-0990,chr7B,712320916,0.45308679252564,0.0370967741935484,310,0.937293415236168,-0.164647422856746
CAP7_c2649_283,chr7B,714646871,0.472118496426538,0.0370967741935484,310,0.937293415236168,-0.157810888381253
RAC875_rep_c117259_207,chr7B,716558650,0.874071763084846,0.0774193548387097,310,0.976934641015279,-0.0226605031084191
tplb0035h03_1251,chr7B,717851388,0.314188623428803,0.0774193548387097,310,0.870958144418299,-0.144252945332776
BS00040283_51,chr7B,717910972,0.132856780998927,0.0612903225806452,310,0.740002278216482,-0.258953431926891
Excalibur_c4948_454,chr7B,718170078,0.699101286938165,0.1,310,0.969010881575547,-0.0519303449782278
BobWhite_c4729_243,chr7B,718253809,0.194614429198261,0.0403225806451613,310,0.807238723927996,-0.285961481479498
BS00022810_51,chr7B,719591810,0.847982140424541,0.109677419354839,310,0.973668271608456,0.0314396573481055
Tdurum_contig8402_460,chr7B,719763877,0.888491225946158,0.0580645161290323,310,0.980807690540717,0.0236340352811482
Tdurum_contig8402_638,chr7B,719764055,0.505925319697764,0.0354838709677419,310,0.947217842248791,0.146280728618637
Excalibur_c4042_223,chr7B,724890148,0.0218184830471771,0.067741935483871,310,0.655961471489004,-0.389277917316917
BobWhite_c12316_383,chr7D,7357620,0.133724250432442,0.0419354838709677,310,0.740002278216482,0.330404339175274
Kukri_c20938_270,chr7D,7986459,0.748036501122683,0.106451612903226,310,0.969010881575547,0.0637869199769483
D_F5XZDLF02H192C_184,chr7D,9278177,0.63266096876719,0.0467741935483871,310,0.969010881575547,0.10115790866049
Excalibur_c27950_459,chr7D,54998126,0.921217259323876,0.488709677419355,310,0.985712244876452,-0.00814049619026491
BobWhite_c40479_283,chr7D,59309787,0.494010141468253,0.237096774193548,310,0.945080836364202,0.0773542508776792
BobWhite_rep_c65034_450,chr7D,90543595,0.0220880861075585,0.17258064516129,310,0.655961471489004,-0.264150486182025
RAC875_c13942_2973,chr7D,94763397,0.854940576167718,0.162903225806452,310,0.976160209998383,0.0187810721212784
Kukri_c20975_765,chr7D,102982144,0.316240717412391,0.370967741935484,310,0.870958144418299,-0.148510948229038
wsnp_Ex_c4637_8299644,chr7D,103122012,0.201137889806558,0.35,310,0.813296684869993,0.116399783060498
CAP12_c2046_153,chr7D,104536964,0.467612400160771,0.395161290322581,310,0.937293415236168,-0.0710335684361496
D_contig35184_357,chr7D,105305853,0.0811168374942252,0.398387096774194,310,0.730277787114189,-0.161582497824917
RAC875_c4453_2678,chr7D,105647896,0.647984616610539,0.401612903225806,310,0.969010881575547,-0.0430616965321988
Ku_c30772_1151,chr7D,105649400,0.642613203875597,0.238709677419355,310,0.969010881575547,-0.0545544990996021
D_GDEEGVY02FN6KZ_98,chr7D,105673995,0.657117697643672,0.446774193548387,310,0.969010881575547,0.0415887631427978
wsnp_Ex_c20320_29383733,chr7D,105679359,0.946957958796992,0.459677419354839,310,0.989517867057531,-0.00610532443198863
RAC875_c1863_3196,chr7D,105679820,0.562290709359131,0.319354838709677,310,0.967755609312989,0.0579605172864852
Kukri_c11890_709,chr7D,106099353,0.989123258120316,0.366129032258065,310,0.997422067950324,0.00200650437339789
RAC875_c53629_483,chr7D,144584842,0.487474082531684,0.22258064516129,310,0.944261455419319,-0.0656336288472481
wsnp_Ex_c2123_3988735,chr7D,172976023,0.30470561155802,0.293548387096774,310,0.870958144418299,-0.0855714351053845
wsnp_CAP11_c2839_1425826,chr7D,213831428,0.174266210090054,0.0870967741935484,310,0.772989819367173,-0.202474665188017
IAAV7925,chr7D,255040936,0.54184898438132,0.067741935483871,310,0.966727173812803,0.106291099392511
wsnp_Ex_c23001_32223579,chr7D,268178205,0.363023092561135,0.0274193548387097,310,0.899345324360873,-0.307766367317221
wsnp_bm138650D_Ta_2_2,chr7D,268870177,0.679470847709724,0.0967741935483871,310,0.969010881575547,-0.0576170612358968
IACX7714,chr7D,389487508,0.756134005717722,0.0919354838709677,310,0.969010881575547,0.0469141832555025
wsnp_cd454041D_Ta_2_1,chr7D,392298332,0.385227148043559,0.119354838709677,310,0.917380553359796,-0.103788959535128
IAAV4133,chr7D,394409246,0.643590056391875,0.103225806451613,310,0.969010881575547,0.0657983351987887
wsnp_Ex_c6664_11531767,chr7D,395093667,0.1745460882442,0.0306451612903226,310,0.772989819367173,-0.420107597274239
Kukri_rep_c109239_223,chr7D,396358142,0.895464358620399,0.082258064516129,310,0.980958165953035,-0.0210085797401938
wsnp_Ex_rep_c66483_64738995,chr7D,396358712,0.311188809299971,0.0596774193548387,310,0.870958144418299,0.195888492169619
Kukri_c58234_519,chr7D,416191413,0.498639271341111,0.0548387096774194,310,0.945705596563527,-0.118605956256291
Ex_c8238_637,chr7D,464338258,0.315541022088481,0.0596774193548387,310,0.870958144418299,0.164567249283294
wsnp_Ex_c17914_26681837,chr7D,504182022,0.579039169707507,0.283870967741935,310,0.969010881575547,0.072662682489117
TA001185-0966,chr7D,519574795,0.64325431299458,0.196774193548387,310,0.969010881575547,-0.0542693755666122
RFL_Contig471_835,chr7D,526524314,0.459087347515468,0.288709677419355,310,0.937293415236168,0.0615885274474639
BS00051607_51,chr7D,529494695,0.708011065561772,0.240322580645161,310,0.969010881575547,0.0407372058472539
BS00066128_51,chr7D,531229184,0.873364599606929,0.280645161290323,310,0.976934641015279,0.0134019439656576
wsnp_Ex_c145_285194,chr7D,533549451,0.393501644661025,0.254838709677419,310,0.924305108856848,0.0891689990668532
Ku_c32426_324,chr7D,552228822,0.64837490762859,0.0870967741935484,310,0.969010881575547,-0.0646859293948516
BS00022610_51,chr7D,553528968,0.55410681565406,0.190322580645161,310,0.966727173812803,-0.0849842084205576
RAC875_c16367_81,chr7D,572091412,0.631734640651399,0.290322580645161,310,0.969010881575547,-0.0483327769739752
tplb0049k01_89,chr7D,573162684,0.404965408411553,0.27258064516129,310,0.9269034871207,0.073317300943625
Kukri_c22576_148,chr7D,573744387,0.703289044133162,0.317741935483871,310,0.969010881575547,-0.0376393213542627
Excalibur_c7895_385,chr7D,573803660,0.757668810202476,0.287096774193548,310,0.969010881575547,-0.0302561078893966
BobWhite_c11549_468,chr7D,574260504,0.701913515036029,0.180645161290323,310,0.969010881575547,-0.056535145297353
Kukri_c61816_202,chr7D,574331477,0.814657865264445,0.441935483870968,310,0.972803937913018,0.0226853586591389
D_contig57690_497,chr7D,585248188,0.897882996253156,0.111290322580645,310,0.981174554347141,-0.0209042370539585
tplb0057p21_1365,chr7D,585668368,0.667426891972377,0.329032258064516,310,0.969010881575547,-0.0397699197875063
Excalibur_c30730_1503,chr7D,601674848,0.0666912494923278,0.130645161290323,310,0.730277787114189,-0.217442959618737
BS00000744_51,chrUn,2128412,0.3302783167047,0.390322580645161,310,0.872096299089297,0.0965376389958656
BS00086387_51,chrUn,5306850,0.535284547517392,0.017741935483871,310,0.966136665437417,0.178662735990963
Ex_c45438_377,chrUn,35000738,0.87022046642539,0.383870967741935,310,0.976934641015279,-0.0201300448887665
IAAV4595,chrUn,42458587,0.894781170530195,0.235483870967742,310,0.980817821542713,0.0148550300584667
BobWhite_c15849_189,chrUn,94654791,0.0340425529399424,0.130645161290323,310,0.699455709824166,0.340979640586554
RAC875_c58425_286,chrUn,208301821,0.742772862090085,0.335483870967742,310,0.969010881575547,-0.0295300906946032
