SNP,Chr,Pos,P.value,MAF,nobs,H&B.P.Value,Effect
BS00093327_51,chr1A,1354675,0.789333823944375,0.423076923076923,195,0.995916515071236,-0.0423654855023603
Excalibur_c9509_1180,chr1A,1354748,0.870375798474181,0.48974358974359,195,0.995916515071236,0.0234431744289108
Tdurum_contig44888_837,chr1A,1355110,0.758824732360335,0.487179487179487,195,0.995916515071236,0.048232096943531
RAC875_rep_c110533_92,chr1A,1357290,0.553846788972407,0.364102564102564,195,0.995916515071236,0.0914576863183072
Kukri_c2408_857,chr1A,1360891,0.779769261473576,0.479487179487179,195,0.995916515071236,0.0447300083279405
BS00033749_51,chr1A,1816397,0.770424775703917,0.484615384615385,195,0.995916515071236,0.0488888367728268
tplb0025b13_1721,chr1A,4167188,0.927003642442513,0.292307692307692,195,0.995916515071236,0.0147996455527828
CAP12_c8501_370,chr1A,4718945,0.96414209623133,0.297435897435897,195,0.995916515071236,-0.00821665197381805
BS00056550_51,chr1A,6999797,0.357254541501149,0.0205128205128205,195,0.995916515071236,-0.478700672273474
RAC875_c57939_78,chr1A,12439180,0.518319341036597,0.346153846153846,195,0.995916515071236,-0.149691757830091
RAC875_c34888_65,chr1A,12909949,0.411638214833738,0.243589743589744,195,0.995916515071236,-0.159536274628412
BobWhite_c6558_234,chr1A,12915431,0.617168329843238,0.494871794871795,195,0.995916515071236,0.0992038037340315
wsnp_Ex_c4876_8692783,chr1A,13228692,0.706527029122172,0.0179487179487179,195,0.995916515071236,0.221648032374169
BS00074370_51,chr1A,13552412,0.286677399908998,0.246153846153846,195,0.995916515071236,0.280132415586507
BobWhite_c27474_124,chr1A,13674933,0.518275960324305,0.243589743589744,195,0.995916515071236,-0.133962806950375
Jagger_rep_c10343_173,chr1A,14484241,0.857664225924144,0.384615384615385,195,0.995916515071236,-0.0341746525934674
D_contig08749_250,chr1A,20208049,0.561016281194708,0.192307692307692,195,0.995916515071236,-0.144846570947074
CAP7_c4833_55,chr1A,25868810,0.924534081056548,0.0333333333333333,195,0.995916515071236,0.0427429503741728
RAC875_c16820_419,chr1A,27603266,0.0932285515951735,0.0487179487179487,195,0.995916515071236,0.609132661427174
BobWhite_c4328_1345,chr1A,28461062,0.516487409735739,0.0128205128205128,195,0.995916515071236,-0.410259590358468
Excalibur_c7026_2635,chr1A,28467461,0.929177001177911,0.251282051282051,195,0.995916515071236,0.0203486634193091
Tdurum_contig13946_329,chr1A,33724809,0.935855558378131,0.302564102564103,195,0.995916515071236,0.0123860767965667
wsnp_CAP11_c23_61357,chr1A,65077856,0.301608473389039,0.305128205128205,195,0.995916515071236,0.186269550570135
IAAV4243,chr1A,71367943,0.623934920254519,0.279487179487179,195,0.995916515071236,0.0889875631932959
BS00087437_51,chr1A,113855345,0.524763558741588,0.233333333333333,195,0.995916515071236,-0.115418287199097
BS00062869_51,chr1A,248549559,0.0625056935769444,0.194871794871795,195,0.995916515071236,0.31910887172785
wsnp_Ex_c44049_50205904,chr1A,336951094,0.429495900518051,0.146153846153846,195,0.995916515071236,0.168509410065955
TA004725-0348,chr1A,397284657,0.377752281448851,0.266666666666667,195,0.995916515071236,-0.150598523142519
IACX3496,chr1A,470800686,0.871190311597333,0.256410256410256,195,0.995916515071236,0.0333740499413544
BS00033469_51,chr1A,472323049,0.865315163835265,0.0846153846153846,195,0.995916515071236,0.0687790171138829
Kukri_c3582_87,chr1A,473918642,0.860146689467032,0.225641025641026,195,0.995916515071236,0.0358396430571748
GENE-0112_64,chr1A,473977326,0.774548218673126,0.143589743589744,195,0.995916515071236,0.0660451908757285
RAC875_c2734_135,chr1A,479860652,0.0195560567430667,0.458974358974359,195,0.995916515071236,0.404905530882472
BS00067421_51,chr1A,479992930,0.874384709137976,0.305128205128205,195,0.995916515071236,0.0290036441441597
BS00012283_51,chr1A,480067827,0.80879005375773,0.230769230769231,195,0.995916515071236,-0.044735293834604
BS00023101_51,chr1A,480068381,0.888432382588588,0.315384615384615,195,0.995916515071236,0.0252905850333498
wsnp_JD_c13903_13781269,chr1A,480068628,0.198886015873942,0.123076923076923,195,0.995916515071236,0.275709488801972
BS00021889_51,chr1A,480889849,0.239863372453003,0.0846153846153846,195,0.995916515071236,0.328861504278882
wsnp_BE495786A_Ta_2_1,chr1A,480890263,0.376371455043564,0.0974358974358974,195,0.995916515071236,-0.225760067115814
IACX4378,chr1A,481526778,0.76204825326063,0.143589743589744,195,0.995916515071236,0.078518913630802
wsnp_Ex_c4539_8148835,chr1A,481528464,0.340683388048347,0.0871794871794872,195,0.995916515071236,0.242531457903282
Excalibur_c30591_637,chr1A,481964686,0.928617674761655,0.143589743589744,195,0.995916515071236,-0.0215832561791736
RAC875_c31276_1128,chr1A,483405666,0.493743528109634,0.315384615384615,195,0.995916515071236,0.124173367302864
wsnp_Ex_c5192_9203100,chr1A,484060367,0.121933981344707,0.0615384615384615,195,0.995916515071236,0.554272194581742
wsnp_Ex_c12336_19686808,chr1A,484062365,0.163169138610539,0.041025641025641,195,0.995916515071236,-0.512665885312373
BS00021714_51,chr1A,489169148,0.462618562110602,0.274358974358974,195,0.995916515071236,0.138872183117773
Ra_c4159_2716,chr1A,489617658,0.357643450713531,0.182051282051282,195,0.995916515071236,0.218106176607735
BobWhite_c12568_900,chr1A,490253962,0.776620195318757,0.105128205128205,195,0.995916515071236,-0.075662974748349
Kukri_c25215_124,chr1A,491269251,0.815619347532096,0.225641025641026,195,0.995916515071236,-0.0426427699632406
BobWhite_c37384_208,chr1A,498821176,0.966044655818958,0.317948717948718,195,0.995916515071236,-0.0081280672255204
BobWhite_c7337_717,chr1A,511557116,0.813163290483974,0.164102564102564,195,0.995916515071236,0.065210519907545
wsnp_Ex_c1997_3757721,chr1A,513064456,0.568059093168786,0.325641025641026,195,0.995916515071236,-0.10083709943072
wsnp_JD_c6544_7697578,chr1A,513066693,0.903353413768648,0.3,195,0.995916515071236,0.0204312534485371
Jagger_c5280_407,chr1A,513066859,0.67748433176622,0.476923076923077,195,0.995916515071236,-0.0798194110786525
wsnp_Ku_c23012_32893918,chr1A,514746340,0.759777212842627,0.271794871794872,195,0.995916515071236,-0.0535553388875325
Excalibur_c49946_169,chr1A,520448683,0.980897299413645,0.251282051282051,195,0.997745773069475,0.00485872690298272
BS00039377_51,chr1A,521739732,0.340863188108787,0.148717948717949,195,0.995916515071236,-0.200059784623837
BobWhite_c27438_81,chr1A,527160340,0.892335195911575,0.146153846153846,195,0.995916515071236,0.0270719421712018
wsnp_Ku_c5210_9289260,chr1A,527160478,0.567600167143601,0.158974358974359,195,0.995916515071236,0.115124267768504
wsnp_Ku_c5210_9290700,chr1A,527163793,0.977003452799166,0.141025641025641,195,0.997745773069475,0.00617980156106679
wsnp_Ra_c11594_18777085,chr1A,529465274,0.892643568199372,0.156410256410256,195,0.995916515071236,0.0296725279681969
Excalibur_c7370_179,chr1A,530229961,0.426062173083004,0.417948717948718,195,0.995916515071236,-0.133225769993485
IAAV8743,chr1A,532099147,0.67202094549322,0.433333333333333,195,0.995916515071236,0.0602818894590964
BS00110627_51,chr1A,535721747,0.603526961729609,0.225641025641026,195,0.995916515071236,0.0933625210447975
RAC875_c21411_162,chr1A,539294401,0.655852963962746,0.241025641025641,195,0.995916515071236,0.0713444112330377
Jagger_c6890_167,chr1A,540738981,0.97703460374623,0.264102564102564,195,0.997745773069475,-0.00631216230256904
RAC875_c12348_720,chr1A,540937942,0.630732708899183,0.102564102564103,195,0.995916515071236,0.123843434728989
Ra_c29200_300,chr1A,545236493,0.930613752791048,0.466666666666667,195,0.995916515071236,-0.014431527975713
Ra_c8027_1021,chr1A,549334497,0.734021583425395,0.21025641025641,195,0.995916515071236,0.07385397751586
BobWhite_rep_c49755_131,chr1A,549894332,0.682476221079322,0.412820512820513,195,0.995916515071236,-0.0647371792931413
BS00030043_51,chr1A,549999988,0.327422557442205,0.415384615384615,195,0.995916515071236,0.171357845446908
BS00066212_51,chr1A,550613782,0.323645280554592,0.469230769230769,195,0.995916515071236,0.159866866244913
Tdurum_contig78830_745,chr1A,558465541,0.752734490801406,0.258974358974359,195,0.995916515071236,0.0594075649691685
wsnp_RFL_Contig3951_4390396,chr1A,560345683,0.193202907989983,0.241025641025641,195,0.995916515071236,0.339296080959215
Tdurum_contig51167_390,chr1A,565387073,0.291366446394217,0.361538461538462,195,0.995916515071236,0.193919927658939
Excalibur_c88792_93,chr1A,576699754,0.904440180796801,0.282051282051282,195,0.995916515071236,0.0212115691296848
wsnp_Ex_c3264_6017750,chr1A,579495807,0.742612943929161,0.317948717948718,195,0.995916515071236,0.0597980753072296
wsnp_Ku_c816_1684613,chr1A,579800618,0.751545152672018,0.0358974358974359,195,0.995916515071236,-0.151766055936023
Tdurum_contig8224_378,chr1A,579800877,0.620047086535451,0.0897435897435897,195,0.995916515071236,-0.121473678862899
Excalibur_c41553_213,chr1A,580101627,0.413923207704419,0.128205128205128,195,0.995916515071236,0.199400128932391
wsnp_Ex_c41553_48351921,chr1A,580104194,0.586180890668715,0.0461538461538462,195,0.995916515071236,-0.206488268806158
Kukri_c2338_533|wsnp_Ex_c7684_13109335,chr1A,580105699,0.80185770822122,0.058974358974359,195,0.995916515071236,-0.0793399537198982
Excalibur_c16947_114,chr1A,580529487,0.920271226349575,0.0461538461538462,195,0.995916515071236,0.0328369899084713
TA001430-0733,chr1A,580738176,0.634279373743035,0.0179487179487179,195,0.995916515071236,-0.283444547847928
IAAV4238,chr1A,584049510,0.796925261350531,0.0205128205128205,195,0.995916515071236,-0.159128364267983
BS00035273_51,chr1A,586167981,0.0393371353372095,0.0974358974358974,195,0.995916515071236,0.556910996891373
BS00075271_51,chr1A,586624992,0.0773119780124147,0.464102564102564,195,0.995916515071236,0.536419546818088
RFL_Contig3395_1311,chr1A,588535850,0.690754224748013,0.287179487179487,195,0.995916515071236,0.065742661694042
BS00021780_51,chr1A,590952711,0.0323591252261142,0.0846153846153846,195,0.995916515071236,0.603689493069862
BobWhite_c44947_277,chr1A,593735900,0.361976951097442,0.412820512820513,195,0.995916515071236,0.141658538524474
wsnp_Ex_rep_c67492_66096650,chr1A,595126027,0.792115273822007,0.202564102564103,195,0.995916515071236,-0.0593661644409824
BS00050522_51,chr1B,22335,0.604723619797645,0.474358974358974,195,0.995916515071236,-0.0770584174708926
Ku_c3169_1250,chr1B,5151885,0.694972577657772,0.274358974358974,195,0.995916515071236,-0.0727222915718695
RAC875_c3692_2287,chr1B,8142192,0.231092220270154,0.348717948717949,195,0.995916515071236,0.292193067571091
CAP11_c852_603,chr1B,8667979,0.773974810727976,0.5,195,0.995916515071236,-0.0461209630671515
RAC875_rep_c70613_78,chr1B,12778945,0.421030893523105,0.497435897435897,195,0.995916515071236,-0.127645888956632
Tdurum_contig44861_1253,chr1B,24100217,0.854652253464491,0.446153846153846,195,0.995916515071236,0.0278010582642487
BS00065737_51,chr1B,38915610,0.601596672846785,0.405128205128205,195,0.995916515071236,-0.0742184264810071
Ra_c29142_340,chr1B,50691940,0.270732550360198,0.0820512820512821,195,0.995916515071236,-0.354636991712608
Excalibur_c4058_1121,chr1B,57086380,0.495921494181302,0.0512820512820513,195,0.995916515071236,0.308179848370022
Kukri_c65759_98,chr1B,283865024,0.255102421676471,0.279487179487179,195,0.995916515071236,-0.260660962644067
IAAV5269,chr1B,311474930,0.389177614938826,0.282051282051282,195,0.995916515071236,-0.166546856504121
IAAV8661,chr1B,311756323,0.302263067041537,0.179487179487179,195,0.995916515071236,-0.205106327754252
Kukri_c2535_98,chr1B,323187964,0.84340382009271,0.220512820512821,195,0.995916515071236,-0.0396682631319241
Kukri_c62848_106,chr1B,323371934,0.0419973064750996,0.28974358974359,195,0.995916515071236,-0.464567987905335
BS00062942_51,chr1B,325756734,0.474702516075277,0.230769230769231,195,0.995916515071236,-0.135910128881497
CAP7_c1241_128,chr1B,334516236,0.941913158920717,0.294871794871795,195,0.995916515071236,0.0148608613316039
Kukri_c49091_415,chr1B,341648517,0.40330865531879,0.451282051282051,195,0.995916515071236,0.213352723476184
BS00022670_51,chr1B,341955467,0.307496820400451,0.258974358974359,195,0.995916515071236,-0.181105013098454
RAC875_c44575_561,chr1B,343628061,0.843133465340715,0.453846153846154,195,0.995916515071236,0.0416997077061723
RAC875_c44575_396,chr1B,343628226,0.550708909293574,0.135897435897436,195,0.995916515071236,0.233405225989618
IAAV2546|wsnp_Ku_c30982_40765341,chr1B,343800079,0.531811273410975,0.264102564102564,195,0.995916515071236,0.133693954249006
wsnp_Ku_c66585_65967792,chr1B,376231351,0.895704926893441,0.238461538461538,195,0.995916515071236,0.0285965805150816
Tdurum_contig65023_587,chr1B,376367714,0.728291830357021,0.302564102564103,195,0.995916515071236,0.0771166281818836
JD_c10376_670,chr1B,380749208,0.255049376518381,0.287179487179487,195,0.995916515071236,-0.212231073327652
Kukri_rep_c95031_104,chr1B,381979642,0.803548155810673,0.197435897435897,195,0.995916515071236,0.0563068128918847
Kukri_c8308_245,chr1B,388396521,0.357787988086179,0.212820512820513,195,0.995916515071236,0.236891228231922
Tdurum_contig84184_124|wsnp_Ex_c15934_24341135,chr1B,388904013,0.723093688508059,0.287179487179487,195,0.995916515071236,0.0754087867485804
Kukri_rep_c70738_896,chr1B,389675488,0.73413062401987,0.266666666666667,195,0.995916515071236,-0.0749490659299266
BS00041010_51,chr1B,389681588,0.403853730564855,0.207692307692308,195,0.995916515071236,0.254840029324928
Tdurum_contig10326_151,chr1B,396633638,0.867741880759625,0.243589743589744,195,0.995916515071236,-0.0299296375824927
Kukri_rep_c108436_534,chr1B,398246044,0.142440609616424,0.253846153846154,195,0.995916515071236,-0.26060810794494
BS00062740_51,chr1B,398251099,0.563989074327849,0.138461538461538,195,0.995916515071236,-0.161068101987542
Tdurum_contig42217_127,chr1B,415831210,0.424428404395387,0.412820512820513,195,0.995916515071236,-0.135383217671222
Tdurum_contig43910_687,chr1B,415841752,0.680382340140663,0.376923076923077,195,0.995916515071236,0.0711176328774847
wsnp_BE442716B_Ta_2_2,chr1B,416367185,0.214884966931271,0.220512820512821,195,0.995916515071236,-0.206361730906647
BS00022581_51,chr1B,420891509,0.435002744809759,0.297435897435897,195,0.995916515071236,-0.160601710566706
BobWhite_c11460_291,chr1B,421760674,0.271279836013116,0.128205128205128,195,0.995916515071236,-0.308316620893066
Tdurum_contig57127_56,chr1B,422242469,0.992810066282461,0.220512820512821,195,0.997745773069475,-0.002005101318586
Tdurum_contig8081_2331,chr1B,422259364,0.834507700779583,0.258974358974359,195,0.995916515071236,0.0470327717114838
BS00071083_51,chr1B,428575338,0.909168700152092,0.302564102564103,195,0.995916515071236,-0.0202609388769499
BS00076696_51,chr1B,428575404,0.757506756343498,0.343589743589744,195,0.995916515071236,-0.0490755725787047
Kukri_c12151_467,chr1B,428578789,0.929591105735503,0.143589743589744,195,0.995916515071236,0.0198601219336521
Tdurum_contig28305_106,chr1B,434454031,0.988831532659567,0.333333333333333,195,0.997745773069475,-0.00257044236712289
BS00110480_51,chr1B,435014214,0.679472560782175,0.258974358974359,195,0.995916515071236,-0.0793440021350911
IACX5764,chr1B,437206836,0.296648131835626,0.253846153846154,195,0.995916515071236,-0.261446031666893
Tdurum_contig48171_189,chr1B,445021239,0.69848438825488,0.266666666666667,195,0.995916515071236,-0.0706777517517789
BS00073132_51,chr1B,454685170,0.174647632130219,0.302564102564103,195,0.995916515071236,0.250189224847697
wsnp_Ra_c2027_3945713,chr1B,464716376,0.926659349441795,0.176923076923077,195,0.995916515071236,-0.0244137662738027
Ra_c3083_982,chr1B,465069906,0.574925466163188,0.166666666666667,195,0.995916515071236,0.170033705128736
IAAV5704,chr1B,465205324,0.949270086353965,0.141025641025641,195,0.995916515071236,-0.0223779867625638
wsnp_Ex_c34966_43196962,chr1B,465207721,0.710835430688201,0.241025641025641,195,0.995916515071236,0.0754967603571206
RAC875_c46646_549,chr1B,479560518,0.0694887621805417,0.207692307692308,195,0.995916515071236,-0.48134494854887
Excalibur_s102212_259,chr1B,482244929,0.216264698846282,0.476923076923077,195,0.995916515071236,-0.231893386052281
CAP8_c9553_109,chr1B,482246415,0.101350420766809,0.474358974358974,195,0.995916515071236,-0.284304218414878
Kukri_c667_1073,chr1B,482247845,0.456748658091121,0.233333333333333,195,0.995916515071236,0.124591086887335
CAP7_c3456_113,chr1B,483824929,0.922410467733272,0.492307692307692,195,0.995916515071236,0.0161839479427215
Excalibur_rep_c105376_485,chr1B,484685232,0.618838333006882,0.261538461538462,195,0.995916515071236,0.114744765812308
BS00023142_51,chr1B,484687372,0.842848627804312,0.482051282051282,195,0.995916515071236,0.0357866545333287
BS00034925_51|Tdurum_contig28316_442,chr1B,485203357,0.643630606697948,0.469230769230769,195,0.995916515071236,-0.0862050958137175
BS00067146_51,chr1B,488628573,0.485051630927041,0.153846153846154,195,0.995916515071236,0.139979130391286
wsnp_Ku_c19618_29134473,chr1B,490545756,0.071734925659659,0.430769230769231,195,0.995916515071236,0.275361336205247
RAC875_c87890_234,chr1B,495275022,0.570379252676425,0.402564102564103,195,0.995916515071236,-0.0849628685098942
Tdurum_contig59449_249,chr1B,495276116,0.965759496705891,0.476923076923077,195,0.995916515071236,-0.00819290611909196
wsnp_Ex_c23992_33235984,chr1B,540458499,0.451086901893954,0.166666666666667,195,0.995916515071236,0.157849207331163
BS00065126_51,chr1B,548030097,0.33081928423132,0.238461538461538,195,0.995916515071236,-0.189985113126008
Tdurum_contig83770_218,chr1B,551693240,0.341928781179847,0.133333333333333,195,0.995916515071236,0.222550558960355
Tdurum_contig42749_3287,chr1B,557183418,0.0161317241371506,0.179487179487179,195,0.995916515071236,0.497293980140393
BS00023071_51,chr1B,609474528,0.476350145519223,0.153846153846154,195,0.995916515071236,-0.144096326946188
RAC875_c52957_154,chr1B,611027568,0.480442423804462,0.405128205128205,195,0.995916515071236,0.146179398453267
Excalibur_c44818_109,chr1B,611027714,0.175456770329398,0.317948717948718,195,0.995916515071236,-0.216110536724418
RFL_Contig2176_1111,chr1B,611028387,0.257940421051844,0.423076923076923,195,0.995916515071236,0.214965226546902
RFL_Contig2176_932,chr1B,611028566,0.301846016547979,0.394871794871795,195,0.995916515071236,-0.174793841515815
BS00064162_51,chr1B,611145616,0.05903785100381,0.0205128205128205,195,0.995916515071236,-1.06970332649073
Tdurum_contig96049_200,chr1B,613632313,8.0796923368406e-06,0.417948717948718,195,0.00713840817959867,0.641627635404556
BS00022775_51,chr1B,614467582,0.373519264471383,0.212820512820513,195,0.995916515071236,-0.172459615213592
BobWhite_c48071_144,chr1B,624345061,0.0789187490628332,0.346153846153846,195,0.995916515071236,0.321514235490756
RAC875_c16136_1597,chr1B,632415952,0.113393987261678,0.417948717948718,195,0.995916515071236,0.372702849881723
Tdurum_contig49651_546,chr1B,637979778,0.171351785805151,0.176923076923077,195,0.995916515071236,-0.28459018725068
BS00022411_51,chr1B,639185133,0.944797756285456,0.425641025641026,195,0.995916515071236,-0.0118633065170943
Ra_c17685_927,chr1B,641746937,0.652173244918525,0.123076923076923,195,0.995916515071236,0.114987429645016
BobWhite_c36862_84,chr1B,642008969,0.0375487849474662,0.102564102564103,195,0.995916515071236,0.668127420394427
CAP12_c6260_64|Kukri_c63336_621,chr1B,643756710,0.96396829638233,0.241025641025641,195,0.995916515071236,-0.00766067019370276
BobWhite_c2844_569|BS00039135_51,chr1B,646331263,0.678450705000985,0.0384615384615385,195,0.995916515071236,0.17484607062597
BS00094237_51,chr1B,647594072,0.861674965621317,0.11025641025641,195,0.995916515071236,0.0382075042640286
CAP11_c6406_104,chr1B,647594448,0.70858170633295,0.135897435897436,195,0.995916515071236,0.107193817198393
Tdurum_contig10036_1057,chr1B,650372614,0.0631578180074855,0.464102564102564,195,0.995916515071236,-0.280021965702646
Tdurum_contig93532_89,chr1B,650732830,0.494349851001074,0.138461538461538,195,0.995916515071236,-0.1512712350141
TA004946-0577,chr1B,650733704,0.776583527643994,0.117948717948718,195,0.995916515071236,0.0689310619500318
wsnp_Ex_c27176_36393952,chr1B,651094835,0.603158736337264,0.184615384615385,195,0.995916515071236,0.111783377425972
Kukri_c4453_1248,chr1B,651095088,0.750810314470625,0.305128205128205,195,0.995916515071236,0.0488751368092473
Tdurum_contig50988_500,chr1B,655761835,0.100831080258151,0.371794871794872,195,0.995916515071236,0.256677016981632
BobWhite_c23617_167,chr1B,655818576,0.111804542807653,0.120512820512821,195,0.995916515071236,-0.374268152841786
Jagger_c3757_131,chr1B,655819171,0.558525509254585,0.123076923076923,195,0.995916515071236,-0.139130876817296
RFL_Contig1823_1044,chr1B,655955235,0.60318083793083,0.248717948717949,195,0.995916515071236,-0.0913219553008506
BS00068077_51,chr1B,660645333,0.12789773932086,0.112820512820513,195,0.995916515071236,-0.37125528118389
BS00071893_51,chr1B,667040658,0.0339716377203898,0.182051282051282,195,0.995916515071236,-0.434350533809205
Tdurum_contig57153_1356,chr1B,669462262,0.857355242857953,0.0538461538461538,195,0.995916515071236,-0.0672547373452002
CAP12_c1085_283,chr1B,669989968,0.922619519118012,0.169230769230769,195,0.995916515071236,-0.0216133937951035
Tdurum_contig10475_87,chr1B,669990181,0.374819179272885,0.123076923076923,195,0.995916515071236,-0.264718669223667
IACX8074,chr1B,670565745,0.59024682328162,0.338461538461538,195,0.995916515071236,-0.104987439161892
IACX2234,chr1B,671612273,0.62663370283799,0.143589743589744,195,0.995916515071236,0.120465313243509
wsnp_CAP12_c1337_682282,chr1B,672141700,0.749074012738022,0.128205128205128,195,0.995916515071236,0.0779509121952344
BobWhite_c9963_51,chr1B,672661803,0.187651550452425,0.0615384615384615,195,0.995916515071236,0.381445460228421
Kukri_c1565_111,chr1B,674269701,0.0953372498738817,0.130769230769231,195,0.995916515071236,0.447500874847567
Tdurum_contig4904_2923,chr1B,674537343,0.0236035840580984,0.397435897435897,195,0.995916515071236,0.377991569980336
Kukri_c44604_203,chr1B,682090700,0.26889737079176,0.0846153846153846,195,0.995916515071236,-0.330558421494805
Ku_c11537_539,chr1B,694408430,0.942725444375063,0.0153846153846154,195,0.995916515071236,-0.039723655411259
Kukri_c7822_144,chr1D,119937,0.502972027802057,0.274358974358974,195,0.995916515071236,-0.149531777398181
BobWhite_c47810_111,chr1D,146722,0.449856671496316,0.041025641025641,195,0.995916515071236,-0.298108443269203
D_GDS7LZN02IXNP1_255,chr1D,176881,0.944228846643111,0.392307692307692,195,0.995916515071236,-0.0128765973253326
BS00093325_51,chr1D,201744,0.677048374245198,0.317948717948718,195,0.995916515071236,-0.0739416637837422
RAC875_c48669_292,chr1D,201983,0.28135012852438,0.335897435897436,195,0.995916515071236,0.163730784344921
RAC875_c10925_1887,chr1D,206331,0.37115777974429,0.430769230769231,195,0.995916515071236,0.15823702285152
wsnp_Ex_c278_538285,chr1D,4107550,0.579923844080093,0.412820512820513,195,0.995916515071236,0.0930857483543868
RAC875_c2070_566,chr1D,4108163,0.301429639834109,0.41025641025641,195,0.995916515071236,-0.176493711783584
Kukri_c83523_57,chr1D,4819665,0.824842165035901,0.174358974358974,195,0.995916515071236,0.0637864385934463
wsnp_Ex_c1969_3705930,chr1D,9178798,0.120637500062619,0.169230769230769,195,0.995916515071236,-0.303861257698675
BobWhite_rep_c49356_206,chr1D,9181696,0.497306820504467,0.138461538461538,195,0.995916515071236,-0.147686974787186
IAAV8085,chr1D,9252704,0.827610745694405,0.135897435897436,195,0.995916515071236,0.0533203591383593
wsnp_Ex_c1085_2078686,chr1D,9490728,0.368193467565419,0.264102564102564,195,0.995916515071236,-0.230020898941412
wsnp_Ex_c1358_2600929,chr1D,9889218,0.681651916540206,0.11025641025641,195,0.995916515071236,-0.106430030512159
wsnp_Ex_c1358_2602235,chr1D,9890524,0.685890195390031,0.1,195,0.995916515071236,0.108393029152575
wsnp_Ra_c2633_5017265,chr1D,9894028,0.330067372125088,0.0974358974358974,195,0.995916515071236,-0.268719109498653
wsnp_Ku_c13622_21660346,chr1D,11487828,0.172565941802909,0.18974358974359,195,0.995916515071236,-0.240573014254069
Ku_c13622_482,chr1D,11488050,0.483146367922902,0.412820512820513,195,0.995916515071236,-0.135533408030305
wsnp_Ex_rep_c67198_65703538,chr1D,11549768,0.812013886512421,0.448717948717949,195,0.995916515071236,-0.0369567447764911
Kukri_c17177_1575,chr1D,11552558,0.591614756125028,0.174358974358974,195,0.995916515071236,0.0966000584605222
BobWhite_c33756_74,chr1D,11670552,0.262586740942421,0.425641025641026,195,0.995916515071236,-0.213175454938561
RAC875_c23587_548,chr1D,13032856,0.311091553160302,0.423076923076923,195,0.995916515071236,-0.199540412637948
Ku_c12842_664,chr1D,13713082,0.541383577209252,0.202564102564103,195,0.995916515071236,-0.136353298238403
Ex_c6145_1877,chr1D,13910970,0.689158313750082,0.0256410256410256,195,0.995916515071236,0.182311011739143
RAC875_c7752_549,chr1D,13912290,0.319366125176226,0.0641025641025641,195,0.995916515071236,0.292385869206698
D_F5XZDLF02I14SZ_56,chr1D,14840658,0.107918354974352,0.0153846153846154,195,0.995916515071236,0.982199199149532
D_GBF1XID01CJH0V_94,chr1D,15541438,0.0926957283492898,0.0102564102564103,195,0.995916515071236,1.14121812617957
BS00022178_51,chr1D,17161138,0.699934240980793,0.0641025641025641,195,0.995916515071236,-0.121875463465576
BS00023049_51,chr1D,18034111,0.179956090999433,0.169230769230769,195,0.995916515071236,-0.289455078023671
Kukri_c19257_78,chr1D,18034210,0.434331567031035,0.120512820512821,195,0.995916515071236,-0.20180510986329
Kukri_c46169_294,chr1D,19078051,0.269447893851468,0.261538461538462,195,0.995916515071236,-0.195906442578709
Excalibur_c48750_124,chr1D,19528319,0.15566124730909,0.166666666666667,195,0.995916515071236,0.289069836939591
IAAV5327,chr1D,19530369,0.664001328182079,0.394871794871795,195,0.995916515071236,-0.0649022060273072
wsnp_Ex_rep_c101500_86856679,chr1D,32547194,0.723009530472848,0.320512820512821,195,0.995916515071236,0.0614121479255729
RAC875_c62_1546|RFL_Contig5594_1283,chr1D,33651304,0.761558047049035,0.425641025641026,195,0.995916515071236,-0.0566258278982019
RAC875_c62_1514,chr1D,33651336,0.418034384351998,0.451282051282051,195,0.995916515071236,-0.117931751274922
BS00000721_51,chr1D,33651744,0.980746605948496,0.328205128205128,195,0.997745773069475,0.00430926847530699
wsnp_BE405518D_Ta_2_3,chr1D,33651984,0.206215002839988,0.325641025641026,195,0.995916515071236,0.223874353209331
RAC875_c62_321,chr1D,33652851,0.70500420793834,0.433333333333333,195,0.995916515071236,0.0675043954349164
IACX11290,chr1D,34571815,0.642769237972224,0.0256410256410256,195,0.995916515071236,0.202468397985067
BS00002178_51,chr1D,34811486,0.171891107445775,0.171794871794872,195,0.995916515071236,0.300148746785453
BS00012936_51,chr1D,35723926,0.00491166466322712,0.151282051282051,195,0.788991950902029,0.696956256658265
D_GDS7LZN02JVIW1_263,chr1D,35740701,0.0293768984501047,0.102564102564103,195,0.995916515071236,0.565187832413699
CAP11_c3218_126,chr1D,36043189,0.281539573444128,0.0948717948717949,195,0.995916515071236,0.329186109160885
BS00105568_51,chr1D,36045951,0.039177126886347,0.207692307692308,195,0.995916515071236,-0.369343690919768
wsnp_CAP12_c633_339740,chr1D,37765713,0.334858882020972,0.0794871794871795,195,0.995916515071236,-0.266997659519033
CAP7_c1609_203,chr1D,39898481,0.696720496720596,0.294871794871795,195,0.995916515071236,0.0612299980841708
BS00065478_51,chr1D,39912847,0.229471114440692,0.282051282051282,195,0.995916515071236,0.218546379118477
BS00086679_51,chr1D,40083959,0.769544343987172,0.256410256410256,195,0.995916515071236,0.0604863193305185
BS00034563_51,chr1D,40089836,0.292856229936617,0.302564102564103,195,0.995916515071236,0.211132065912636
BobWhite_c555_1485,chr1D,40090195,0.477137673260973,0.220512820512821,195,0.995916515071236,0.145745241636952
BS00011451_51,chr1D,40092595,0.708572035566604,0.282051282051282,195,0.995916515071236,0.0683973126811246
BS00074824_51,chr1D,40195159,0.37341363812363,0.284615384615385,195,0.995916515071236,0.179223326343205
IAAV4760,chr1D,42691775,0.700881607279601,0.107692307692308,195,0.995916515071236,-0.107645470932665
IAAV4794,chr1D,44855708,0.0854270369008926,0.102564102564103,195,0.995916515071236,-0.507370216443872
BS00100990_51,chr1D,45136819,0.189637580971433,0.0461538461538462,195,0.995916515071236,-0.469284897944348
Kukri_rep_c72587_123,chr1D,45779727,0.0763909726592722,0.143589743589744,195,0.995916515071236,0.470176509083432
Kukri_c53398_200,chr1D,48947800,0.270629037540298,0.112820512820513,195,0.995916515071236,0.296139310213388
BS00077237_51,chr1D,49084981,0.7374473416753,0.125641025641026,195,0.995916515071236,0.0912667645729197
Kukri_c5113_1082,chr1D,49113902,0.58399302902408,0.369230769230769,195,0.995916515071236,0.118454668509724
RAC875_rep_c81479_191,chr1D,49114668,0.326450628400738,0.138461538461538,195,0.995916515071236,-0.248075856344187
BS00033405_51,chr1D,50810410,0.411737744345116,0.125641025641026,195,0.995916515071236,0.223735330573382
Excalibur_c4030_1770,chr1D,51161845,0.0297229842917696,0.0897435897435897,195,0.995916515071236,0.625739103945309
RAC875_c35094_476,chr1D,51565938,0.87805249117415,0.0769230769230769,195,0.995916515071236,0.054722598547281
BS00072193_51,chr1D,52050649,0.337078365680587,0.0923076923076923,195,0.995916515071236,0.287944625803862
Kukri_c20844_116,chr1D,52392217,0.826049667989788,0.115384615384615,195,0.995916515071236,0.0588465038487591
BS00074817_51,chr1D,53588898,0.263006271961241,0.115384615384615,195,0.995916515071236,0.280643548116226
D_contig16934_681,chr1D,53591999,0.890607801553223,0.105128205128205,195,0.995916515071236,-0.0407339415247314
IACX6432,chr1D,57088704,0.630060080249679,0.0974358974358974,195,0.995916515071236,-0.156778246290688
wsnp_BE445121D_Ta_2_2,chr1D,57314473,0.772084036314414,0.11025641025641,195,0.995916515071236,-0.0765660004879996
Excalibur_c5958_1270,chr1D,58111306,0.980504117016936,0.11025641025641,195,0.997745773069475,0.00609789385893933
Excalibur_c5958_1398,chr1D,58111434,0.942464634462561,0.128205128205128,195,0.995916515071236,0.0197753022015963
BS00094471_51,chr1D,58809326,0.570753078475977,0.112820512820513,195,0.995916515071236,0.163861801190658
BS00024812_51,chr1D,112441745,0.568733313788539,0.343589743589744,195,0.995916515071236,-0.166303118182348
Kukri_c18350_151,chr1D,172527877,0.659207561316186,0.151282051282051,195,0.995916515071236,0.0883248011684721
RAC875_c19509_174,chr1D,193934385,0.823659897690717,0.0897435897435897,195,0.995916515071236,0.0644289411560814
wsnp_Ex_rep_c70574_69491038,chr1D,216049707,0.195647771106025,0.182051282051282,195,0.995916515071236,0.266303768719895
Excalibur_c54055_694,chr1D,312106829,0.412645028531799,0.412820512820513,195,0.995916515071236,0.150649210627625
RAC875_rep_c105196_532,chr1D,329638192,0.749349000021718,0.215384615384615,195,0.995916515071236,-0.0681069264232743
Excalibur_c33661_412,chr1D,341579717,0.85233765713698,0.0794871794871795,195,0.995916515071236,0.0514008788514992
wsnp_Ku_c53270_57959459,chr1D,355119524,0.44860671808943,0.241025641025641,195,0.995916515071236,-0.170331646725369
BS00071465_51,chr1D,358398125,0.0979533916444136,0.153846153846154,195,0.995916515071236,-0.397368025003864
BS00038418_51,chr1D,359836800,0.266014726816973,0.18974358974359,195,0.995916515071236,0.248190456828425
IAAV4656,chr1D,361141537,0.374800060782714,0.133333333333333,195,0.995916515071236,0.229486483952059
D_contig14507_369,chr1D,369511242,0.946267511001481,0.264102564102564,195,0.995916515071236,0.01378652660018
wsnp_Ex_c26626_35864468,chr1D,411773833,0.668068865148123,0.271794871794872,195,0.995916515071236,0.087958848279845
BobWhite_c3283_54,chr1D,411994616,0.593669200368629,0.105128205128205,195,0.995916515071236,0.151286067442321
Kukri_c12758_1488,chr1D,414251873,0.888803210648674,0.202564102564103,195,0.995916515071236,-0.032762156772657
BS00040568_51,chr1D,439237091,0.869085112691975,0.0282051282051282,195,0.995916515071236,-0.0736744367671625
CAP11_c1701_324,chr1D,439396010,0.601209522944545,0.0128205128205128,195,0.995916515071236,-0.381948229499315
BS00022188_51,chr1D,465703299,0.988755137819856,0.133333333333333,195,0.997745773069475,-0.00315686698770712
Kukri_c3365_1192,chr1D,471972623,0.11875855152019,0.246153846153846,195,0.995916515071236,-0.315617389172237
Excalibur_c20462_128,chr1D,477183304,0.956504016296527,0.274358974358974,195,0.995916515071236,-0.00911885614986119
RAC875_c68124_105,chr1D,477331667,0.33287549003271,0.153846153846154,195,0.995916515071236,-0.22482375360422
D_contig10329_117|Excalibur_c17937_1157,chr1D,478815749,0.216721743950293,0.346153846153846,195,0.995916515071236,0.191053790679387
RAC875_c51493_471,chr1D,479894522,0.085574780350836,0.205128205128205,195,0.995916515071236,-0.323055530522469
CAP7_c6937_354,chr1D,480215313,0.666197687466054,0.223076923076923,195,0.995916515071236,0.0858699169639259
wsnp_Ku_c23598_33524490,chr2A,4150148,0.979301248990332,0.338461538461538,195,0.997745773069475,-0.0043907549862201
Excalibur_c386_894,chr2A,4275967,0.516639126806201,0.392307692307692,195,0.995916515071236,-0.108913407262484
wsnp_Ex_c997_1906900,chr2A,5528827,0.711312927240989,0.197435897435897,195,0.995916515071236,0.076341692555209
wsnp_Ku_c33374_42877546,chr2A,5531907,0.171344532038885,0.128205128205128,195,0.995916515071236,0.314245368412819
Kukri_c27040_309,chr2A,30844971,0.046223781458919,0.107692307692308,195,0.995916515071236,0.490063440119425
BobWhite_c9564_154,chr2A,60480967,0.770018435556469,0.366666666666667,195,0.995916515071236,-0.0669998682509778
BobWhite_c1611_1685,chr2A,62090230,0.673799774975175,0.233333333333333,195,0.995916515071236,-0.0703826612995195
BS00039209_51,chr2A,73598217,0.196855981881148,0.0282051282051282,195,0.995916515071236,0.652446981158294
Tdurum_contig48302_532,chr2A,76225305,0.701317070486712,0.0666666666666667,195,0.995916515071236,0.148329805503762
Excalibur_c15733_252,chr2A,76226142,0.909024602498093,0.0128205128205128,195,0.995916515071236,-0.0975231375346084
Excalibur_c3108_5476,chr2A,76412639,0.68219834519241,0.1,195,0.995916515071236,0.100024998713256
wsnp_BE497494A_Td_2_1,chr2A,79772005,0.194787517850741,0.105128205128205,195,0.995916515071236,0.334292630867152
wsnp_Ex_c41913_48628389,chr2A,86161281,0.0312909925789979,0.0948717948717949,195,0.995916515071236,0.63043382531475
BS00074780_51,chr2A,88038316,0.0640537114478796,0.0923076923076923,195,0.995916515071236,0.54060289861332
Kukri_c29034_492,chr2A,89375701,0.454860247840753,0.041025641025641,195,0.995916515071236,0.416222534819545
BobWhite_c3644_491,chr2A,89387690,0.24070933408837,0.128205128205128,195,0.995916515071236,0.260837794974858
Tdurum_contig56511_144,chr2A,90197856,0.761398385738237,0.112820512820513,195,0.995916515071236,0.0698885730857315
Tdurum_contig44062_733,chr2A,91270892,0.514147426818588,0.158974358974359,195,0.995916515071236,0.150310364210663
Excalibur_c21269_176,chr2A,95428717,0.74489043002542,0.0871794871794872,195,0.995916515071236,0.114807354260568
BobWhite_c5562_219,chr2A,95437852,0.578948172361782,0.0692307692307692,195,0.995916515071236,0.228638104916893
BobWhite_c26259_248,chr2A,101650624,0.118676354153648,0.161538461538462,195,0.995916515071236,0.37400650637246
Tdurum_contig30569_579,chr2A,102169489,0.488814877760663,0.230769230769231,195,0.995916515071236,-0.120238992996507
Tdurum_contig28682_120,chr2A,102768046,0.0555993414457045,0.182051282051282,195,0.995916515071236,0.440827155970327
Excalibur_c21872_135,chr2A,102769471,0.338665221513952,0.0871794871794872,195,0.995916515071236,0.237087390452674
RAC875_rep_c119471_174|Tdurum_contig62073_376,chr2A,103379714,0.277370476523198,0.0666666666666667,195,0.995916515071236,0.337295306545702
TA002645-0060,chr2A,131769179,0.813876061450719,0.0564102564102564,195,0.995916515071236,-0.0898035035488025
Excalibur_c18417_241,chr2A,195049743,0.800661543341563,0.187179487179487,195,0.995916515071236,-0.0646035510066039
BS00039797_51,chr2A,210511211,0.06726766820999,0.41025641025641,195,0.995916515071236,0.476263188144294
RAC875_rep_c101788_71,chr2A,377697739,0.383351756825085,0.348717948717949,195,0.995916515071236,0.179204014606508
IAAV2090,chr2A,421339395,0.504886231966061,0.241025641025641,195,0.995916515071236,0.150660867721964
tplb0047f03_349,chr2A,438830037,0.164684597773141,0.315384615384615,195,0.995916515071236,-0.211610599172584
Kukri_c57491_156,chr2A,508666408,0.888348380997444,0.164102564102564,195,0.995916515071236,-0.0351417473113944
wsnp_Ex_c31900_40635609,chr2A,510294239,0.776783119952985,0.397435897435897,195,0.995916515071236,0.0490128118521849
BobWhite_c2002_100,chr2A,541486812,0.790193113809779,0.0205128205128205,195,0.995916515071236,-0.136633948783666
wsnp_BE403597A_Ta_2_1,chr2A,573136296,0.956671932043382,0.428205128205128,195,0.995916515071236,-0.01002210870654
wsnp_BE406351A_Ta_2_3,chr2A,575052769,0.808562008357249,0.274358974358974,195,0.995916515071236,-0.0414119093654204
CAP12_c6044_69,chr2A,575146330,0.983137871337506,0.420512820512821,195,0.997745773069475,-0.00436815212517061
BobWhite_c28819_733,chr2A,580673465,0.324628447471167,0.5,195,0.995916515071236,0.158741340342264
wsnp_CAP11_c838_518859,chr2A,584175181,0.305920392755591,0.469230769230769,195,0.995916515071236,0.180606419483031
BS00041816_51,chr2A,617159317,0.227495161422208,0.0897435897435897,195,0.995916515071236,0.351537656972739
BS00022241_51,chr2A,670881819,0.368060475337945,0.192307692307692,195,0.995916515071236,-0.176420956369721
BS00081195_51,chr2A,683403062,0.538726491119664,0.130769230769231,195,0.995916515071236,0.142828168075544
Kukri_c44255_832,chr2A,708770014,0.819939106374784,0.125641025641026,195,0.995916515071236,-0.0581528193684555
BS00029332_51,chr2A,712971442,0.121967256902617,0.0564102564102564,195,0.995916515071236,0.520636931795226
BobWhite_c11081_1619,chr2A,716729497,0.946459538580393,0.0769230769230769,195,0.995916515071236,0.0182228860547475
RAC875_c83712_84,chr2A,717763964,0.559108180423616,0.241025641025641,195,0.995916515071236,-0.12688241513619
wsnp_Ex_c59095_60108185,chr2A,723736722,0.0605705118279677,0.146153846153846,195,0.995916515071236,0.438741006672117
wsnp_Ex_c59095_60108097,chr2A,723736810,0.160767293948956,0.0538461538461538,195,0.995916515071236,0.467594886528378
wsnp_Ra_c32271_41304469,chr2A,723738030,0.344308538049778,0.217948717948718,195,0.995916515071236,0.198992072789782
BobWhite_c16923_64,chr2A,726859048,0.707966131209783,0.312820512820513,195,0.995916515071236,-0.0567664522272349
BS00057059_51,chr2A,736842476,0.0506163613774421,0.0179487179487179,195,0.995916515071236,1.05141817660649
BS00024921_51,chr2A,740644564,0.517271698823084,0.0666666666666667,195,0.995916515071236,-0.177255784999848
wsnp_CAP11_c1711_934478,chr2A,741852418,0.37397041810232,0.494871794871795,195,0.995916515071236,-0.180474794003228
RAC875_c19904_308,chr2A,742458348,0.501269958719562,0.394871794871795,195,0.995916515071236,0.117406734625471
RAC875_c104160_61,chr2A,742459079,0.558385026996082,0.379487179487179,195,0.995916515071236,0.100123348378501
BS00077768_51,chr2A,746382095,0.804574284249214,0.0717948717948718,195,0.995916515071236,0.0676478161673764
Excalibur_c22696_316,chr2A,747870924,0.0278698980590872,0.2,195,0.995916515071236,0.44946324619136
Excalibur_c99029_69,chr2A,750152199,0.828036676188544,0.402564102564103,195,0.995916515071236,-0.040567397727564
Kukri_c2687_1407,chr2A,750187115,0.38784144970455,0.302564102564103,195,0.995916515071236,-0.156836625781432
Excalibur_c44834_80,chr2A,766213417,0.0756240326486347,0.487179487179487,195,0.995916515071236,-0.276075959454579
RAC875_c27530_860,chr2A,768108224,0.434787386093006,0.153846153846154,195,0.995916515071236,0.148189846128156
wsnp_Ex_c10555_17235832,chr2A,768113938,0.154458161929203,0.187179487179487,195,0.995916515071236,-0.249904845989041
wsnp_Ex_c3695_6740339,chr2A,768617031,0.532848718169535,0.246153846153846,195,0.995916515071236,0.123732362561471
Kukri_c89717_64,chr2A,774081045,0.189801658450376,0.458974358974359,195,0.995916515071236,-0.241735769642922
BobWhite_rep_c63940_205,chr2A,781419567,0.247774709487783,0.446153846153846,195,0.995916515071236,-0.243422874661345
RAC875_c42539_151,chr2A,785365717,0.324661120829653,0.317948717948718,195,0.995916515071236,-0.223614876382907
BS00070466_51,chr2A,785417292,0.155249894545747,0.123076923076923,195,0.995916515071236,0.345849581247601
BobWhite_c1105_299,chr2A,786338839,0.214177610251187,0.207692307692308,195,0.995916515071236,0.215240506102297
RFL_Contig4560_1503,chr2A,789490031,0.988440867038171,0.161538461538462,195,0.997745773069475,-0.00285544843830365
Kukri_c40204_617,chr2B,1142148,0.6024531872867,0.241025641025641,195,0.995916515071236,0.0939601694116696
Kukri_c30847_344,chr2B,1143112,0.267055292852638,0.187179487179487,195,0.995916515071236,0.234771122823366
Excalibur_c39493_251,chr2B,5488537,0.123662633169604,0.0974358974358974,195,0.995916515071236,-0.443525551215251
Excalibur_c4705_660,chr2B,5522156,0.703480564386502,0.266666666666667,195,0.995916515071236,0.0851848229030203
Excalibur_c17250_751,chr2B,5530076,0.91434713354472,0.0615384615384615,195,0.995916515071236,0.0410896025854388
Ra_c1501_1220,chr2B,5612130,0.950201868904752,0.402564102564103,195,0.995916515071236,0.0108354291880453
Kukri_c3701_1980,chr2B,9354246,0.301324081215142,0.284615384615385,195,0.995916515071236,0.188661915798333
BobWhite_c12144_216,chr2B,9829982,0.405695604145986,0.341025641025641,195,0.995916515071236,0.163589092486541
BobWhite_rep_c64787_359,chr2B,10422988,0.63916830534073,0.251282051282051,195,0.995916515071236,-0.0894819450362405
BobWhite_c7145_355,chr2B,10423162,0.507474453886565,0.192307692307692,195,0.995916515071236,0.148057535075182
BS00072058_51,chr2B,12253959,0.115034497415702,0.246153846153846,195,0.995916515071236,-0.257109469178725
BobWhite_c26803_89,chr2B,13170105,0.859285549679921,0.456410256410256,195,0.995916515071236,0.0276178963082252
IAAV8700,chr2B,16395651,0.434421545939121,0.492307692307692,195,0.995916515071236,0.125805721742438
BS00065556_51,chr2B,16461614,0.520480240425893,0.335897435897436,195,0.995916515071236,0.0955437717349916
Excalibur_c41459_96,chr2B,17264592,0.914452864932172,0.456410256410256,195,0.995916515071236,-0.0157726038349217
Excalibur_c4748_360,chr2B,17271730,0.098293484009641,0.417948717948718,195,0.995916515071236,0.256802419778987
RAC875_c2300_1021,chr2B,17275697,0.729783848437252,0.458974358974359,195,0.995916515071236,0.0532108622022189
wsnp_Ex_rep_c66551_64836462,chr2B,20125018,0.468408083275252,0.187179487179487,195,0.995916515071236,0.170608700738386
wsnp_CAP11_c3271_1608092,chr2B,20193729,0.639323177785158,0.125641025641026,195,0.995916515071236,0.109103147881928
Excalibur_rep_c108189_683,chr2B,20334636,0.810401760241199,0.112820512820513,195,0.995916515071236,0.0556814806962898
tplb0058j01_762,chr2B,20378527,0.702606981979418,0.179487179487179,195,0.995916515071236,0.0802553845684901
Kukri_c3067_398,chr2B,20564047,0.721761400508885,0.166666666666667,195,0.995916515071236,-0.0688883395782058
BS00011149_51,chr2B,20865880,0.892062125394386,0.225641025641026,195,0.995916515071236,-0.0259039259687235
Excalibur_c40567_1893,chr2B,23500473,0.468294165700354,0.276923076923077,195,0.995916515071236,0.126719499432706
TA001263-0453,chr2B,23500700,0.559589465253761,0.461538461538462,195,0.995916515071236,0.111605097295371
BS00067046_51,chr2B,27388075,0.387574503801507,0.141025641025641,195,0.995916515071236,-0.268518083350482
wsnp_Ex_rep_c70756_69644826,chr2B,39254175,0.673790465096466,0.166666666666667,195,0.995916515071236,0.0851207916247407
BS00077914_51,chr2B,39825194,0.461244026824279,0.292307692307692,195,0.995916515071236,-0.115114823518851
Kukri_c25245_998,chr2B,40520522,0.621145146707227,0.333333333333333,195,0.995916515071236,-0.0752522260074606
BS00071995_51,chr2B,40522277,0.174915814011633,0.166666666666667,195,0.995916515071236,-0.30674391537393
RAC875_rep_c105164_545,chr2B,40523265,0.0417699747668295,0.207692307692308,195,0.995916515071236,-0.425546045263387
Kukri_c29807_476,chr2B,40525793,0.146482643327577,0.246153846153846,195,0.995916515071236,-0.297456969817272
wsnp_JD_c5064_6183978,chr2B,40530774,0.633006124648273,0.274358974358974,195,0.995916515071236,-0.0849884790086612
BobWhite_rep_c63363_160,chr2B,41124578,0.612421831896236,0.369230769230769,195,0.995916515071236,0.100548182289007
BobWhite_c5072_107,chr2B,41735829,0.581387485337061,0.238461538461538,195,0.995916515071236,-0.103201534042123
JD_c49544_37,chr2B,41908983,0.183579598000129,0.251282051282051,195,0.995916515071236,-0.254658900295958
wsnp_CAP11_rep_c8489_3665230,chr2B,41909106,0.286967132887856,0.220512820512821,195,0.995916515071236,-0.194328821955018
RAC875_rep_c79427_59,chr2B,42008046,0.136600183357489,0.220512820512821,195,0.995916515071236,-0.277833116738538
Ex_c67274_1225,chr2B,43375346,0.922906476749346,0.297435897435897,195,0.995916515071236,-0.0169633886379259
wsnp_Ex_c19260_28187434,chr2B,47995758,0.683156048572618,0.171794871794872,195,0.995916515071236,-0.0838564048433508
Kukri_c26288_419,chr2B,55482559,0.00813109685594926,0.402564102564103,195,0.845155773203667,-0.488155339720755
wsnp_Ex_c4349_7841003,chr2B,56101655,0.493119415553352,0.282051282051282,195,0.995916515071236,-0.122941048882026
RAC875_c34516_70,chr2B,64110277,0.7865675686911,0.0666666666666667,195,0.995916515071236,-0.0836989860996287
Excalibur_c6502_397,chr2B,64188823,0.822196089742852,0.0615384615384615,195,0.995916515071236,-0.0810870274388087
BobWhite_c10578_272,chr2B,65267267,0.692846421321709,0.0641025641025641,195,0.995916515071236,-0.130507713020192
RAC875_c24914_462,chr2B,71254294,0.396186655005255,0.0871794871794872,195,0.995916515071236,-0.214525026756694
BobWhite_c44986_217,chr2B,71554374,0.56472829539497,0.0461538461538462,195,0.995916515071236,0.252395789735566
wsnp_Ku_c34759_44069854,chr2B,74336879,0.888707667103864,0.333333333333333,195,0.995916515071236,0.0251138911483224
CAP12_rep_c5926_115,chr2B,74424768,0.949414963369207,0.0820512820512821,195,0.995916515071236,0.018107599091957
Kukri_c43403_346,chr2B,75544735,0.470962385081272,0.0820512820512821,195,0.995916515071236,-0.208924939932487
Jagger_c8098_88,chr2B,75644344,0.516455443712519,0.141025641025641,195,0.995916515071236,-0.14553982077997
Kukri_c17483_568,chr2B,75650270,0.772570689282554,0.123076923076923,195,0.995916515071236,-0.0667397340121632
Excalibur_rep_c101660_546,chr2B,75900831,0.537610955188744,0.0846153846153846,195,0.995916515071236,-0.203170760968842
Tdurum_contig29620_207,chr2B,75901178,0.383855554593616,0.128205128205128,195,0.995916515071236,-0.201471254025293
Kukri_c12616_353,chr2B,75902716,0.968777972862225,0.0897435897435897,195,0.997745773069475,0.0119075647532352
Excalibur_c7136_823,chr2B,76309122,0.991920628689577,0.0923076923076923,195,0.997745773069475,-0.00254369520578468
Kukri_rep_c69288_529,chr2B,86137201,0.485656839068406,0.105128205128205,195,0.995916515071236,-0.161592163039459
Kukri_c44_1704,chr2B,88113280,0.457908985228239,0.243589743589744,195,0.995916515071236,-0.135318010849858
GENE-1741_103,chr2B,89813541,0.620720650260692,0.333333333333333,195,0.995916515071236,-0.0771644897610955
BS00030497_51,chr2B,90291782,0.163518834740761,0.387179487179487,195,0.995916515071236,0.266247915164019
Tdurum_contig47202_1699,chr2B,90589409,0.404564253850231,0.407692307692308,195,0.995916515071236,-0.137074317873436
JD_c11869_1297,chr2B,90589480,0.215313969032467,0.451282051282051,195,0.995916515071236,-0.185608641578359
BS00022966_51,chr2B,91759484,0.389637947944877,0.471794871794872,195,0.995916515071236,-0.170488155268639
Tdurum_contig45350_605,chr2B,92995167,0.332726659165016,0.448717948717949,195,0.995916515071236,0.187398503647554
BS00023221_51,chr2B,93003967,0.616063011481025,0.435897435897436,195,0.995916515071236,0.0973432352417021
Kukri_c36879_83,chr2B,94574870,0.912236445303641,0.307692307692308,195,0.995916515071236,0.0207011340223726
BobWhite_c30112_275,chr2B,96247720,0.161800328985657,0.492307692307692,195,0.995916515071236,-0.243668960195748
CAP7_c1018_75,chr2B,96247811,0.570749022169245,0.323076923076923,195,0.995916515071236,0.0913227678054831
RAC875_c26415_350,chr2B,97148945,0.22212735099265,0.18974358974359,195,0.995916515071236,-0.226965049047009
RAC875_c76533_442,chr2B,97203902,0.16712959129577,0.28974358974359,195,0.995916515071236,-0.275263812113028
Tdurum_contig36804_98,chr2B,100395373,0.986304419592966,0.194871794871795,195,0.997745773069475,0.00346718601421969
Kukri_c5904_80,chr2B,101304536,0.738873407389332,0.156410256410256,195,0.995916515071236,0.0896983802000157
RAC875_c3302_1411,chr2B,101861071,0.536414127986183,0.448717948717949,195,0.995916515071236,-0.141291875679627
Excalibur_c25430_183,chr2B,103035608,0.431198193466897,0.215384615384615,195,0.995916515071236,-0.207297084016371
Tdurum_contig81323_291,chr2B,103720137,0.631676377191366,0.458974358974359,195,0.995916515071236,0.089257677212867
Kukri_c49522_254,chr2B,103727547,0.324553564994464,0.328205128205128,195,0.995916515071236,0.169810291890256
RFL_Contig2231_1297,chr2B,104067472,0.904222183744614,0.41025641025641,195,0.995916515071236,-0.0253312423630447
BS00103461_51,chr2B,104068633,0.958768690714317,0.292307692307692,195,0.995916515071236,0.0146298230357971
Excalibur_c27716_544,chr2B,104307842,0.652945420506922,0.351282051282051,195,0.995916515071236,0.0866633201936704
Tdurum_contig7800_228,chr2B,104848870,0.74824524259117,0.466666666666667,195,0.995916515071236,-0.0745206545138828
BS00071690_51,chr2B,104849132,0.832857485294903,0.451282051282051,195,0.995916515071236,-0.0477134584048748
Kukri_c4790_154,chr2B,105438546,0.880459097502132,0.256410256410256,195,0.995916515071236,0.0409379590316448
RAC875_c35438_474,chr2B,106532905,0.963690717244949,0.138461538461538,195,0.995916515071236,-0.0127854253575599
Excalibur_c2496_1141,chr2B,107864011,0.90921951661139,0.0948717948717949,195,0.995916515071236,0.031708697048809
wsnp_JG_c609_370792,chr2B,108526605,0.928643147055407,0.315384615384615,195,0.995916515071236,0.0186165237296443
GENE-1365_16,chr2B,114257203,0.49193838702677,0.18974358974359,195,0.995916515071236,-0.137838068581702
wsnp_Ra_c11493_18637928,chr2B,114836612,0.845746274206134,0.271794871794872,195,0.995916515071236,-0.045986946508858
BobWhite_c38833_197,chr2B,116746451,0.863353410170535,0.276923076923077,195,0.995916515071236,0.0273325123887069
Ku_c4042_576,chr2B,117211953,0.592776986915281,0.441025641025641,195,0.995916515071236,0.12018611020585
TA001821-0411,chr2B,117569460,0.233990930632368,0.102564102564103,195,0.995916515071236,-0.340496160420432
wsnp_Ex_c269_517710,chr2B,117634038,0.441854364852303,0.274358974358974,195,0.995916515071236,0.141479241339196
wsnp_Ex_c269_518324,chr2B,117634838,0.359365505043403,0.31025641025641,195,0.995916515071236,0.214700990389346
Tdurum_contig77602_931,chr2B,119853739,0.56993794156837,0.0692307692307692,195,0.995916515071236,0.237781068400436
GENE-1430_599,chr2B,120623845,0.322918402399744,0.107692307692308,195,0.995916515071236,-0.271635433299498
BS00070001_51,chr2B,121257360,0.145214479575497,0.0461538461538462,195,0.995916515071236,0.679893457196405
IAAV980,chr2B,121941872,0.717105255572114,0.474358974358974,195,0.995916515071236,0.0790251726960811
BS00022969_51,chr2B,122306623,0.873482551455452,0.469230769230769,195,0.995916515071236,-0.0347803194565017
BS00083078_51,chr2B,130369869,0.072701879960594,0.0692307692307692,195,0.995916515071236,0.50732261542595
BS00063577_51,chr2B,131791843,0.340754498653392,0.192307692307692,195,0.995916515071236,-0.230560678147421
RAC875_c79857_301,chr2B,134309712,0.865806114774612,0.456410256410256,195,0.995916515071236,0.0323138274931729
Ra_c106376_879,chr2B,134399177,0.659710395340638,0.315384615384615,195,0.995916515071236,0.10006614666591
BobWhite_c45336_321,chr2B,135559232,0.184271910946726,0.497435897435897,195,0.995916515071236,0.231431908391269
wsnp_BE499478B_Ta_2_1,chr2B,139021946,0.835115775796423,0.466666666666667,195,0.995916515071236,0.0341744793699554
wsnp_Ex_rep_c67257_65786614,chr2B,139023769,0.18382404448551,0.482051282051282,195,0.995916515071236,0.240900541514492
BobWhite_c22301_230,chr2B,139680274,0.561808587939951,0.197435897435897,195,0.995916515071236,-0.108592042874665
RFL_Contig1385_1575,chr2B,140478883,0.581421507455476,0.484615384615385,195,0.995916515071236,0.108801887234403
GENE-4359_102,chr2B,143360251,0.510805494477917,0.446153846153846,195,0.995916515071236,0.132463537741003
GENE-1196_146,chr2B,145564854,0.168205303193185,0.438461538461538,195,0.995916515071236,0.234916936840609
wsnp_CAP12_rep_c4678_2134259,chr2B,145770594,0.441651169383766,0.479487179487179,195,0.995916515071236,0.129829287278781
Kukri_c9387_112,chr2B,145839476,0.583459218257902,0.466666666666667,195,0.995916515071236,0.10747488835246
Ra_c2110_1660,chr2B,145846258,0.655743968050433,0.423076923076923,195,0.995916515071236,0.0865577629789911
BS00022940_51,chr2B,146345398,0.560903470957229,0.292307692307692,195,0.995916515071236,-0.10944586765719
RFL_Contig1139_817,chr2B,147365292,0.31578305208077,0.47948717948718,195,0.995916515071236,0.219494647975949
RFL_Contig1139_602,chr2B,147365507,0.620274728279375,0.176923076923077,195,0.995916515071236,0.10236348951568
Ku_c103035_323,chr2B,148428948,0.0435991272315153,0.461538461538462,195,0.995916515071236,0.400794535514262
Tdurum_contig10994_617,chr2B,149111982,0.0328337759179376,0.358974358974359,195,0.995916515071236,0.444877290417757
D_GA8KES402HPK9H_258,chr2B,150319045,0.0102588163204686,0.412820512820513,195,0.995916515071236,0.545648875306568
tplb0031k24_254,chr2B,150803012,0.360293997668368,0.441025641025641,195,0.995916515071236,-0.148368836831699
BS00087793_51,chr2B,150806434,0.850342049714604,0.497435897435897,195,0.995916515071236,0.0320608697545524
IAAV4434,chr2B,152310781,0.433090408501664,0.438461538461538,195,0.995916515071236,-0.113156308999535
Kukri_c6973_344,chr2B,152586653,0.866666255906365,0.456410256410256,195,0.995916515071236,0.0265351900496107
RAC875_c1226_652,chr2B,156005735,0.49056006551307,0.0435897435897436,195,0.995916515071236,-0.248710096293679
Excalibur_c45094_602,chr2B,156953869,0.568760877678498,0.433333333333333,195,0.995916515071236,-0.10884853509544
BS00073426_51,chr2B,158161365,0.894883235166782,0.430769230769231,195,0.995916515071236,0.0260835212689123
RAC875_c32503_134,chr2B,165555012,0.947363636487809,0.41025641025641,195,0.995916515071236,-0.0143294129628515
RAC875_c32503_241,chr2B,165555119,0.950153032931026,0.369230769230769,195,0.995916515071236,0.0130351826089772
BS00031814_51|IAAV4497,chr2B,165951394,0.244895644412878,0.441025641025641,195,0.995916515071236,0.231139094300811
Kukri_c42244_809,chr2B,173299340,0.541308529668884,0.433333333333333,195,0.995916515071236,-0.126242716302521
IAAV5331,chr2B,179447301,0.0900466342186634,0.135897435897436,195,0.995916515071236,0.449239187264059
BS00091007_51,chr2B,181704087,0.767575555754711,0.476923076923077,195,0.995916515071236,-0.0546465928471278
wsnp_BE445278B_Ta_2_3,chr2B,204725257,0.349221995832723,0.269230769230769,195,0.995916515071236,-0.215102614390986
wsnp_Ex_c4218_7618252,chr2B,376283799,0.762719995203925,0.494871794871795,195,0.995916515071236,0.0578592364779098
Kukri_c91621_319,chr2B,381759921,0.69814160275329,0.484615384615385,195,0.995916515071236,0.0766379539661557
RAC875_c19043_841,chr2B,383351493,0.779034566184005,0.41025641025641,195,0.995916515071236,-0.0784392771088065
BobWhite_c10453_396,chr2B,383352782,0.0516260883054678,0.269230769230769,195,0.995916515071236,0.574697425000899
wsnp_Ku_c691_1430065,chr2B,383689469,0.489616776848667,0.428205128205128,195,0.995916515071236,-0.126558734868954
wsnp_Ex_c2497_4666526,chr2B,383689722,0.321057909584221,0.443589743589744,195,0.995916515071236,-0.145481604246893
wsnp_Ex_c2905_5358140,chr2B,384571875,0.977933028967988,0.446153846153846,195,0.997745773069475,0.00688556132592311
BobWhite_c13455_112,chr2B,386103109,0.891147738527148,0.38974358974359,195,0.995916515071236,-0.0263626909865415
wsnp_Ex_c22693_31898036,chr2B,388001195,0.876883317454231,0.246153846153846,195,0.995916515071236,-0.0434770726569269
wsnp_Ex_c1541_2943791,chr2B,388494507,0.864857516797409,0.453846153846154,195,0.995916515071236,0.0366182494985878
wsnp_Ku_c22272_32093892,chr2B,388546256,0.200570792328823,0.215384615384615,195,0.995916515071236,0.236803396740983
wsnp_Ku_c33652_43115283,chr2B,390116195,0.40362743350391,0.364102564102564,195,0.995916515071236,0.148465812225989
wsnp_Ex_c14735_22823373,chr2B,392576076,0.797764245973946,0.384615384615385,195,0.995916515071236,-0.0587589653687139
wsnp_Ku_c13756_21844262,chr2B,392576672,0.854315848198227,0.353846153846154,195,0.995916515071236,0.0363078507132641
Kukri_c5609_565,chr2B,397116183,0.708476627540801,0.384615384615385,195,0.995916515071236,0.0758708173382026
RAC875_c20366_376,chr2B,398588258,0.789239531572636,0.138461538461538,195,0.995916515071236,0.076138960579005
wsnp_Ex_c482_957514,chr2B,404997987,0.587535433452611,0.158974358974359,195,0.995916515071236,0.10955668944818
Kukri_c34231_167,chr2B,405478335,0.357764324745028,0.48974358974359,195,0.995916515071236,0.162957663043819
RFL_Contig3353_125,chr2B,410485927,0.567281689967107,0.274358974358974,195,0.995916515071236,0.157567727606473
Excalibur_c60716_53,chr2B,415561118,0.88000806070821,0.471794871794872,195,0.995916515071236,-0.0251671624132008
Kukri_c57399_314,chr2B,422191032,0.730843567369213,0.351282051282051,195,0.995916515071236,0.0505913261986031
Excalibur_rep_c111672_114|wsnp_Ex_rep_c103248_88252209,chr2B,423208491,0.776507173935141,0.369230769230769,195,0.995916515071236,-0.0544800586336827
wsnp_Ex_rep_c103248_88252281,chr2B,423208563,0.481837695522226,0.2,195,0.995916515071236,-0.155386458981473
wsnp_Ex_c20529_29609310,chr2B,423209932,0.175403333733794,0.238461538461538,195,0.995916515071236,-0.357088380664834
wsnp_Ex_rep_c69928_68889412,chr2B,423394311,0.728130580493531,0.379487179487179,195,0.995916515071236,0.0725304814678047
Excalibur_rep_c106537_63|wsnp_JD_c21530_18862386,chr2B,423864478,0.163470452693738,0.417948717948718,195,0.995916515071236,-0.279570244168291
wsnp_Ex_c52405_56014689,chr2B,423865562,0.680484244440319,0.402564102564103,195,0.995916515071236,0.0673607934932026
wsnp_Ex_c19819_28827344,chr2B,429087875,0.812483348013893,0.379487179487179,195,0.995916515071236,0.0477159747350733
wsnp_Ku_rep_c83117_78896856,chr2B,429089569,0.89220893609622,0.292307692307692,195,0.995916515071236,-0.02454744740694
Kukri_rep_c107732_99,chr2B,429405787,0.358559285925483,0.428205128205128,195,0.995916515071236,0.147394199482692
Excalibur_c33079_199,chr2B,430124549,0.405015297180346,0.351282051282051,195,0.995916515071236,-0.205874374481485
wsnp_Ex_c51661_55531646,chr2B,431942675,0.179840418333106,0.294871794871795,195,0.995916515071236,0.275675034105799
BobWhite_c1654_440,chr2B,434396917,0.819060962578282,0.1,195,0.995916515071236,-0.0541300716415893
IAAV8980,chr2B,435023442,0.664966026452059,0.392307692307692,195,0.995916515071236,0.0891549125206481
Kukri_rep_c70962_1545,chr2B,436619955,0.205906178803267,0.464102564102564,195,0.995916515071236,0.274406782299032
Excalibur_rep_c107546_206|wsnp_Ex_c45595_51343969,chr2B,436685441,0.750412995119176,0.3,195,0.995916515071236,-0.0779618721394151
Ku_c14053_772,chr2B,436686599,0.319724472962454,0.430769230769231,195,0.995916515071236,-0.189880248693257
wsnp_Ex_c18750_27627600,chr2B,436687010,0.761357287364027,0.315384615384615,195,0.995916515071236,-0.054729771408164
RAC875_c60230_122,chr2B,440484529,0.552739560138003,0.217948717948718,195,0.995916515071236,0.192716020573066
tplb0034a02_1566,chr2B,440751028,0.781062731970261,0.433333333333333,195,0.995916515071236,-0.0599519999754889
wsnp_Ex_rep_c66524_64799410,chr2B,441508567,0.35016929029194,0.41025641025641,195,0.995916515071236,0.213843994016081
wsnp_Ex_rep_c108679_91802578,chr2B,441515403,0.96545167711542,0.497435897435897,195,0.995916515071236,0.00963537816323878
Excalibur_c11125_1525,chr2B,441986391,0.881933253713856,0.264102564102564,195,0.995916515071236,0.0251660680824646
Kukri_c47082_109,chr2B,442200428,0.69817559162415,0.423076923076923,195,0.995916515071236,-0.0560886978122106
IAAV3255,chr2B,442208134,0.34535949038912,0.31025641025641,195,0.995916515071236,-0.166752788299521
wsnp_Ex_c28243_37383894,chr2B,442410942,0.455298375465101,0.494871794871795,195,0.995916515071236,-0.160537717418265
tplb0038i24_1548,chr2B,442414343,0.389212999859382,0.169230769230769,195,0.995916515071236,-0.160696064750029
CAP12_c6259_207,chr2B,442416751,0.938607973185085,0.18974358974359,195,0.995916515071236,-0.015577409362578
Kukri_rep_c91092_72,chr2B,442418021,0.517436447742003,0.47948717948718,195,0.995916515071236,0.128117309337679
wsnp_CAP11_c1956_1045077,chr2B,444843952,0.93566618694556,0.441025641025641,195,0.995916515071236,0.0173460702004569
BobWhite_rep_c50998_607,chr2B,445754012,0.906510941662737,0.169230769230769,195,0.995916515071236,-0.0229936155500425
wsnp_Ex_c29434_38471452,chr2B,446031062,0.646713221817019,0.338461538461538,195,0.995916515071236,0.0759077957506005
wsnp_Ex_rep_c104478_89183627,chr2B,446614453,0.981086687640632,0.407692307692308,195,0.997745773069475,0.00369780921776197
CAP8_c3701_331,chr2B,446884124,0.129303908634323,0.428205128205128,195,0.995916515071236,0.256696788586435
RAC875_c3039_101,chr2B,448972010,0.833477534095753,0.451282051282051,195,0.995916515071236,0.0427908478439463
Kukri_c20819_497|wsnp_Ex_c25438_34703568,chr2B,448974935,0.722796977958445,0.438461538461538,195,0.995916515071236,-0.0771755253701372
BS00066545_51,chr2B,451671316,0.690592724332953,0.487179487179487,195,0.995916515071236,0.06520042481527
wsnp_CAP8_c775_527730,chr2B,451899721,0.524532943868056,0.217948717948718,195,0.995916515071236,-0.110167004777301
wsnp_CAP8_c775_527759,chr2B,451899750,0.130110088843501,0.48974358974359,195,0.995916515071236,0.317671161094392
wsnp_CAP11_c5255_2442548,chr2B,451899991,0.0997159781116908,0.458974358974359,195,0.995916515071236,0.335995621869138
wsnp_JD_c352_546108,chr2B,452059695,0.311903607034439,0.456410256410256,195,0.995916515071236,0.234707339257049
Kukri_c8595_834,chr2B,452541234,0.16637594757804,0.220512820512821,195,0.995916515071236,0.260745190304801
Kukri_c8595_953|wsnp_Ex_c12634_20096724,chr2B,452541446,0.14083209705747,0.11025641025641,195,0.995916515071236,-0.388308363903441
BobWhite_c7326_70,chr2B,454778400,0.834503282463915,0.112820512820513,195,0.995916515071236,0.049660226501854
BobWhite_c31986_324,chr2B,456394185,0.459420689107114,0.371794871794872,195,0.995916515071236,-0.176334863643792
wsnp_JD_c9810_10594505,chr2B,456987855,0.475991123959175,0.256410256410256,195,0.995916515071236,0.140611881506835
BobWhite_c27816_523,chr2B,458224557,0.118373607528057,0.425641025641026,195,0.995916515071236,0.342932682651487
Excalibur_c22285_762,chr2B,492493648,0.844771383247985,0.251282051282051,195,0.995916515071236,0.0342727655455928
Ku_c6050_678,chr2B,527641078,0.92753200736734,0.0384615384615385,195,0.995916515071236,0.0357373134309018
Tdurum_contig64416_441,chr2B,528569946,0.777162812636964,0.225641025641026,195,0.995916515071236,-0.062683933829474
wsnp_Ex_c29445_38480890,chr2B,530602951,0.589732706494191,0.0153846153846154,195,0.995916515071236,-0.299593665647013
Kukri_c25281_99,chr2B,539255935,0.534128405327815,0.0461538461538462,195,0.995916515071236,0.214405777077522
wsnp_Ku_c4004_7311479,chr2B,541691751,0.749408398718579,0.0435897435897436,195,0.995916515071236,0.112857017901328
Excalibur_c84741_99,chr2B,544851508,0.887082866717589,0.21025641025641,195,0.995916515071236,0.030679586215598
Ex_c55735_1012,chr2B,602264831,0.0407163129030422,0.0769230769230769,195,0.995916515071236,-0.579201802452426
Kukri_rep_c112675_676|wsnp_Ex_c55735_58127324,chr2B,602265433,0.407148870387331,0.361538461538462,195,0.995916515071236,-0.140054717810656
wsnp_Ex_rep_c67561_66188180,chr2B,645740965,0.801427436536822,0.456410256410256,195,0.995916515071236,-0.0412751303627505
Tdurum_contig12459_491,chr2B,649815840,0.285233170697286,0.320512820512821,195,0.995916515071236,-0.252767542759265
BS00057475_51,chr2B,650488808,0.296247302413816,0.312820512820513,195,0.995916515071236,-0.199524772475478
Tdurum_contig22828_244,chr2B,651771674,0.390499054018831,0.371794871794872,195,0.995916515071236,-0.137061114000099
BS00079013_51,chr2B,658079744,0.226738230441328,0.241025641025641,195,0.995916515071236,0.233266762491699
wsnp_Ex_c9628_15927045,chr2B,658140718,0.0546521945931974,0.458974358974359,195,0.995916515071236,0.388853496061582
RAC875_c3947_441,chr2B,658444286,0.0761371258981225,0.407692307692308,195,0.995916515071236,0.333111390949504
BobWhite_c12134_1140,chr2B,658449223,0.876803565940484,0.341025641025641,195,0.995916515071236,0.024632282653922
BobWhite_c5543_492,chr2B,662694186,0.365184200289634,0.287179487179487,195,0.995916515071236,0.199645542950623
BobWhite_c22106_204,chr2B,662948543,0.257729136856168,0.284615384615385,195,0.995916515071236,0.236729746151234
wsnp_Ex_c58274_59638635,chr2B,663428891,0.0403919140072903,0.235897435897436,195,0.995916515071236,0.381363963400169
Tdurum_contig76090_916,chr2B,664249819,0.442691837614086,0.21025641025641,195,0.995916515071236,-0.132389853463117
wsnp_Ex_c18503_27349536,chr2B,665036395,0.736365252287992,0.256410256410256,195,0.995916515071236,0.0704975908231926
Tdurum_contig5691_596,chr2B,666308911,0.206938814592252,0.297435897435897,195,0.995916515071236,0.230713840208328
Tdurum_contig5691_526,chr2B,666308981,0.997117262920324,0.279487179487179,195,0.999239524137177,-0.000743582455600134
BS00094373_51,chr2B,668476964,0.0569327924253284,0.128205128205128,195,0.995916515071236,0.654012325396593
tplb0049b10_696,chr2B,669500070,0.0807633670770715,0.312820512820513,195,0.995916515071236,0.3420964949092
Tdurum_contig62800_207,chr2B,670067447,0.478140926273426,0.274358974358974,195,0.995916515071236,0.137778443570291
Tdurum_contig18858_324,chr2B,673052911,0.712470477942049,0.2,195,0.995916515071236,-0.0822573291155386
JD_c8871_331,chr2B,685899987,0.119481073590925,0.251282051282051,195,0.995916515071236,0.372993106308201
wsnp_Ra_c10658_17500498,chr2B,685900594,3.3056769327497e-08,0.120512820512821,195,5.84113114016872e-05,1.59831370067182
IAAV2633,chr2B,691726284,0.894128930057291,0.256410256410256,195,0.995916515071236,-0.0263719629128776
wsnp_Ex_c5123_9088111,chr2B,692712833,0.161911888536695,0.294871794871795,195,0.995916515071236,-0.290527369327092
wsnp_Ku_c9901_16493072,chr2B,692715018,0.893941424849551,0.282051282051282,195,0.995916515071236,0.0303542683677946
BS00046165_51,chr2B,693549242,0.768952174600932,0.18974358974359,195,0.995916515071236,-0.0794380482224071
Excalibur_c36280_764,chr2B,693550500,0.167372384949341,0.3,195,0.995916515071236,-0.29036328410519
BobWhite_c38001_528,chr2B,708723812,0.249909492492379,0.135897435897436,195,0.995916515071236,-0.328016777750451
BS00025649_51,chr2B,711741987,0.983537033736308,0.31025641025641,195,0.997745773069475,-0.0039700909678988
Excalibur_c2484_2113,chr2B,712442143,0.61751049609165,0.215384615384615,195,0.995916515071236,0.0915459224484287
Tdurum_contig56876_365,chr2B,721733507,0.550022851560034,0.423076923076923,195,0.995916515071236,-0.144590566248052
BS00081109_51,chr2B,728733841,0.86896409365762,0.243589743589744,195,0.995916515071236,0.0338791801770668
Kukri_c64884_106,chr2B,729793265,0.803758107127665,0.397435897435897,195,0.995916515071236,-0.0763040758120539
Kukri_c38497_174,chr2B,731053947,0.841801532139752,0.256410256410256,195,0.995916515071236,0.0370370519703904
RAC875_c54085_51,chr2B,732976868,0.0664949262834779,0.266666666666667,195,0.995916515071236,0.331728386250308
BS00035380_51,chr2B,734577169,0.916110121792122,0.276923076923077,195,0.995916515071236,-0.022562676488981
Excalibur_rep_c111396_152,chr2B,734577832,0.176826901505593,0.325641025641026,195,0.995916515071236,0.275208585001364
BS00012382_51,chr2B,734578554,0.864865487758258,0.230769230769231,195,0.995916515071236,0.0373341107939016
BobWhite_c15453_1010,chr2B,735073178,0.958543991044983,0.258974358974359,195,0.995916515071236,0.0115607192626364
BS00030364_51,chr2B,744255572,0.500204580739031,0.369230769230769,195,0.995916515071236,0.120124881435412
CAP11_c2941_210,chr2B,745906250,0.551652664621826,0.376923076923077,195,0.995916515071236,0.113470849797306
RFL_Contig3713_280,chr2B,760066263,0.0595695281102469,0.117948717948718,195,0.995916515071236,-0.430606785955534
BobWhite_c33464_133,chr2B,760220092,0.0432003436477449,0.258974358974359,195,0.995916515071236,-0.323501544457651
RFL_Contig2751_1562,chr2B,768826241,0.432172903473439,0.458974358974359,195,0.995916515071236,-0.120599186755053
Tdurum_contig14482_423,chr2B,771094080,0.899819669827031,0.369230769230769,195,0.995916515071236,0.0239686788329063
BS00072349_51,chr2B,771280632,0.142333405425106,0.0871794871794872,195,0.995916515071236,-0.365048553344955
BobWhite_c24069_257,chr2B,773226077,0.590111355908916,0.151282051282051,195,0.995916515071236,0.122885036503099
Excalibur_c910_946,chr2B,773622725,0.278284357642619,0.128205128205128,195,0.995916515071236,0.29479716650798
Ra_c12604_447,chr2B,774176278,0.947168243322588,0.228205128205128,195,0.995916515071236,-0.0138925586281324
RAC875_c21269_1225,chr2B,774200442,0.446008843836622,0.151282051282051,195,0.995916515071236,0.21306286236454
BobWhite_c12911_649,chr2B,775075291,0.418188225884717,0.135897435897436,195,0.995916515071236,0.209759420811283
BobWhite_c39769_102,chr2B,775267851,0.959527109001617,0.251282051282051,195,0.995916515071236,-0.00945876453585548
BS00039187_51,chr2B,775944587,0.29859811702974,0.371794871794872,195,0.995916515071236,0.186967225687571
RAC875_c7735_338,chr2B,776412867,0.228336249843589,0.205128205128205,195,0.995916515071236,0.232989934680541
Kukri_c94792_127,chr2B,780018349,0.0986243879447803,0.0897435897435897,195,0.995916515071236,0.544579490859304
RAC875_c12741_101,chr2B,780403527,0.144096799629091,0.358974358974359,195,0.995916515071236,-0.345161437371509
RAC875_c35873_1894,chr2B,791032693,0.274549793520355,0.464102564102564,195,0.995916515071236,0.168792876778683
BS00012463_51,chr2B,791033894,0.501789402792147,0.217948717948718,195,0.995916515071236,0.127342863234045
RFL_Contig2324_729,chr2B,791203465,0.314177752818699,0.220512820512821,195,0.995916515071236,0.170999311516839
BS00065264_51,chr2B,796608972,0.805189017200186,0.0717948717948718,195,0.995916515071236,0.0692287180654034
BS00071755_51,chr2D,16051460,0.641999921456969,0.0564102564102564,195,0.995916515071236,0.153115310751842
RAC875_c52926_871,chr2D,16510981,0.717478823932493,0.392307692307692,195,0.995916515071236,-0.0562192192407629
BS00047901_51,chr2D,16868665,0.932190552254114,0.00769230769230769,195,0.995916515071236,-0.0734138149105954
wsnp_JD_c69_109951,chr2D,17292338,0.440758992407474,0.00769230769230769,195,0.995916515071236,0.855638388736804
RAC875_c16897_367,chr2D,18953272,0.401053779276561,0.184615384615385,195,0.995916515071236,-0.22532128439512
Kukri_rep_c113120_104,chr2D,22008879,0.551917241801895,0.192307692307692,195,0.995916515071236,-0.157365928070549
Ex_c14755_1390,chr2D,22009818,0.136164613543339,0.0974358974358974,195,0.995916515071236,0.484811020274256
BS00022276_51,chr2D,31231724,0.544813485804357,0.117948717948718,195,0.995916515071236,-0.148247882659624
D_contig05584_210,chr2D,33724378,0.95193053580022,0.407692307692308,195,0.995916515071236,-0.0159757179359374
CAP12_c812_220,chr2D,34725223,0.705690064403219,0.248717948717949,195,0.995916515071236,-0.0879296021033369
RAC875_c7319_195,chr2D,36096235,0.949538230839144,0.0692307692307692,195,0.995916515071236,0.0194257901794259
wsnp_CAP12_c1503_764765,chr2D,37575041,0.422741477360155,0.0923076923076923,195,0.995916515071236,-0.215841898380957
Excalibur_c39215_100,chr2D,56989437,0.261614685778721,0.320512820512821,195,0.995916515071236,0.254807432591907
D_GBUVHFX02GV41H_67,chr2D,58984014,0.902342652334526,0.474358974358974,195,0.995916515071236,-0.0248006178772293
Excalibur_c59090_145,chr2D,61033250,0.0810493002759398,0.146153846153846,195,0.995916515071236,0.385261757939503
Kukri_c20972_618,chr2D,61724514,0.284090268687272,0.338461538461538,195,0.995916515071236,0.181861375588422
Excalibur_c15048_488,chr2D,63306587,0.731521765367038,0.0692307692307692,195,0.995916515071236,-0.114688224862828
wsnp_Ku_c3107_5818628,chr2D,63474471,0.152410908784556,0.0871794871794872,195,0.995916515071236,0.403634186317804
wsnp_Ex_c1944_3663988,chr2D,63475865,0.506895417853947,0.117948717948718,195,0.995916515071236,-0.201717987736862
wsnp_Ex_c1944_3664205,chr2D,63476082,0.0445102769991514,0.0820512820512821,195,0.995916515071236,0.590051643069637
Excalibur_c1944_1017,chr2D,63476218,0.300473178829859,0.215384615384615,195,0.995916515071236,-0.174494016447492
RAC875_c65419_229,chr2D,63476391,0.401384577324288,0.120512820512821,195,0.995916515071236,0.189799984302423
Kukri_c16477_181,chr2D,64355476,0.495302033062662,0.474358974358974,195,0.995916515071236,0.0977071030006886
Kukri_c16477_157,chr2D,64355500,0.0929636643282342,0.451282051282051,195,0.995916515071236,0.241304031034872
BobWhite_c16655_421,chr2D,65241964,0.694804155829226,0.123076923076923,195,0.995916515071236,-0.0942795795593439
wsnp_Ex_c6400_11123059,chr2D,65601481,0.150624163819482,0.176923076923077,195,0.995916515071236,0.305994632234057
BS00073229_51,chr2D,67632176,0.614453650993021,0.192307692307692,195,0.995916515071236,0.134163855587055
Excalibur_c2496_1752,chr2D,74452313,0.684481203715276,0.197435897435897,195,0.995916515071236,-0.0932768239876243
RAC875_rep_c72220_143,chr2D,81281046,0.869622138475105,0.307692307692308,195,0.995916515071236,0.0376344589169406
D_contig77859_59,chr2D,81410710,0.973448546400068,0.315384615384615,195,0.997745773069475,-0.00681112409635531
Kukri_c26576_329,chr2D,82724851,0.814001862585297,0.246153846153846,195,0.995916515071236,-0.0464433855889066
Kukri_c43943_587,chr2D,95579933,0.989953300919573,0.353846153846154,195,0.997745773069475,-0.00220524677099654
Excalibur_c62824_402,chr2D,100497677,0.971896112015124,0.058974358974359,195,0.997745773069475,-0.0154049455935574
Excalibur_c65531_147,chr2D,240687708,0.99964984827495,0.346153846153846,195,0.99964984827495,8.64060244314402e-05
Excalibur_c31302_230,chr2D,272501525,0.703798246269245,0.223076923076923,195,0.995916515071236,-0.0662758425812511
wsnp_Ex_c25311_34578436,chr2D,323580280,0.591691616399184,0.125641025641026,195,0.995916515071236,0.124923413814827
BS00027456_51,chr2D,355048394,0.120544612691614,0.0128205128205128,195,0.995916515071236,1.15665442394107
BS00000905_51,chr2D,372826720,0.550401062251956,0.041025641025641,195,0.995916515071236,0.212314849109472
wsnp_Ku_c8712_14751858,chr2D,476510310,0.974712362519839,0.253846153846154,195,0.997745773069475,-0.00650500426116629
wsnp_Ex_c8303_14001708,chr2D,484597631,0.577774525756484,0.384615384615385,195,0.995916515071236,0.127889758296234
wsnp_Ex_rep_c66522_64795143,chr2D,555317716,0.986668870350953,0.0769230769230769,195,0.997745773069475,-0.00514149433683997
RAC875_rep_c85788_126,chr2D,575297699,0.0308208867744691,0.241025641025641,195,0.995916515071236,-0.541191033773675
RAC875_c76186_510,chr2D,580358189,0.464295223991875,0.0769230769230769,195,0.995916515071236,-0.191556546560747
RFL_Contig3172_1512,chr2D,580435936,0.575974931607782,0.151282051282051,195,0.995916515071236,-0.192843921605988
Excalibur_c62255_986,chr2D,582833850,0.459661680912043,0.297435897435897,195,0.995916515071236,0.163186187099431
Excalibur_c21486_352,chr2D,583255270,0.420043027906248,0.161538461538462,195,0.995916515071236,-0.193786503865468
wsnp_RFL_Contig2659_2346243,chr2D,598730639,0.722757957521238,0.133333333333333,195,0.995916515071236,0.0817005658612331
BobWhite_c6365_965,chr2D,605118755,0.00787546789343947,0.2,195,0.845155773203667,0.654525770929013
RFL_Contig5204_503,chr2D,610136629,0.807029804330153,0.115384615384615,195,0.995916515071236,0.0622004364445043
Kukri_c31121_1460,chr2D,610846860,0.353872914379993,0.256410256410256,195,0.995916515071236,-0.162823046510965
Excalibur_c44325_339,chr2D,611561802,0.673999917853735,0.141025641025641,195,0.995916515071236,-0.105274098758999
RAC875_c79540_228,chr2D,611843724,0.571525743118912,0.187179487179487,195,0.995916515071236,0.118987366583319
Kukri_c25786_210,chr2D,611844255,0.720422785629664,0.166666666666667,195,0.995916515071236,-0.0786588807432071
RAC875_rep_c120698_93,chr2D,612118868,0.677243165745762,0.241025641025641,195,0.995916515071236,-0.0663314334456162
Excalibur_c18353_55,chr2D,612119051,0.859762676579518,0.258974358974359,195,0.995916515071236,0.0344964935786791
RAC875_c14766_952,chr2D,612135679,0.791539316209398,0.187179487179487,195,0.995916515071236,-0.0617027897692992
Excalibur_c8720_321,chr2D,613642981,0.813453700705302,0.146153846153846,195,0.995916515071236,-0.0630628268743862
wsnp_BE426620D_Ta_2_2,chr2D,613653184,0.0732961906702855,0.130769230769231,195,0.995916515071236,-0.390821679315274
Kukri_c89993_379,chr2D,615559803,0.693346028899666,0.18974358974359,195,0.995916515071236,0.0708796003933854
RFL_Contig2460_547,chr2D,616005424,0.595085402838392,0.207692307692308,195,0.995916515071236,-0.0902894776462855
Excalibur_c1451_351,chr2D,616006909,0.785038302983689,0.146153846153846,195,0.995916515071236,-0.0754018761765511
BS00084880_51,chr2D,617544748,0.364245856786463,0.241025641025641,195,0.995916515071236,-0.177590222185485
D_GDS7LZN02G73QS_245,chr2D,618274152,0.131483143463579,0.0923076923076923,195,0.995916515071236,-0.378025389423235
Kukri_c40146_77,chr2D,618519846,0.385660979506145,0.248717948717949,195,0.995916515071236,0.223340390481635
BS00087054_51,chr2D,619269851,0.508219129516034,0.241025641025641,195,0.995916515071236,-0.144984931981119
wsnp_Ex_c21593_30744815,chr2D,620658752,0.19563614965275,0.0846153846153846,195,0.995916515071236,-0.326477545374549
BS00100106_51,chr2D,620838585,0.244186899294154,0.11025641025641,195,0.995916515071236,-0.290931322612354
RAC875_c56980_68,chr2D,621354531,0.551574651412637,0.174358974358974,195,0.995916515071236,-0.137220976050573
Excalibur_c31806_491,chr2D,639613237,0.814250442866846,0.238461538461538,195,0.995916515071236,-0.052892948992767
Kukri_c16094_406,chr2D,641092837,0.566222432464807,0.125641025641026,195,0.995916515071236,-0.140484473765794
RFL_Contig2862_1287,chr2D,641094295,0.763057057822444,0.312820512820513,195,0.995916515071236,-0.0549466368147087
Excalibur_c77068_190,chr2D,645018722,0.638691440589997,0.412820512820513,195,0.995916515071236,-0.121946127194178
RFL_Contig1732_264,chr2D,646607449,0.000118117207630211,0.297435897435897,195,0.0521782764706458,0.646655114579346
RAC875_c67940_296,chr2D,647207324,0.803149279202457,0.258974358974359,195,0.995916515071236,0.0481101308285599
Kukri_c498_2381,chr2D,654403596,0.733707200558322,0.158974358974359,195,0.995916515071236,0.0644497996273037
BobWhite_c5756_516,chr2D,654991065,0.883192990757893,0.31025641025641,195,0.995916515071236,-0.0273652911047506
BS00086534_51,chr2D,655648075,0.79113781182603,0.330769230769231,195,0.995916515071236,0.049346900730189
Kukri_c1526_616,chr2D,655808124,0.482643017690112,0.469230769230769,195,0.995916515071236,0.12146825612022
Excalibur_c10461_394,chr2D,655998129,0.156059724578872,0.461538461538462,195,0.995916515071236,0.282849468846862
Excalibur_rep_c67599_2154,chr2D,656452099,0.788266949308213,0.194871794871795,195,0.995916515071236,0.0501001185566849
tplb0062k24_584,chr3A,1339838,0.747200746928109,0.0846153846153846,195,0.995916515071236,-0.112282479631379
IAAV4876,chr3A,3681326,0.847336270001343,0.0487179487179487,195,0.995916515071236,0.064997751087458
Excalibur_c11079_101,chr3A,3687599,0.947844502759409,0.0948717948717949,195,0.995916515071236,-0.0184910897916168
tplb0050o09_968,chr3A,3757850,0.516381811296624,0.156410256410256,195,0.995916515071236,0.13113723327863
Excalibur_c19658_127,chr3A,3893832,0.0868571561615995,0.158974358974359,195,0.995916515071236,-0.604230833753173
Excalibur_c11301_305,chr3A,3896569,0.316340770693373,0.166666666666667,195,0.995916515071236,-0.35594888302214
Kukri_rep_c89183_282,chr3A,4861746,0.491965829224927,0.102564102564103,195,0.995916515071236,-0.186696164766364
RAC875_c7060_67,chr3A,4862416,0.302979419685727,0.120512820512821,195,0.995916515071236,-0.241023659359351
wsnp_Ex_c10014_16476905,chr3A,5992953,0.298181534612799,0.112820512820513,195,0.995916515071236,-0.25400656654511
Excalibur_c11824_103,chr3A,6326188,0.848369796189128,0.102564102564103,195,0.995916515071236,-0.0589428758225718
wsnp_Ex_rep_c67635_66292689,chr3A,6326519,0.334175366366425,0.151282051282051,195,0.995916515071236,-0.218457356030331
Excalibur_c12875_864,chr3A,6330439,0.792078549682322,0.130769230769231,195,0.995916515071236,-0.0554129301255948
BS00066230_51,chr3A,6868533,0.401784566521923,0.194871794871795,195,0.995916515071236,-0.164053215264971
Kukri_c2123_1254,chr3A,7265060,0.0838827866897529,0.158974358974359,195,0.995916515071236,-0.34240869730007
BS00088103_51,chr3A,8932995,0.561979037509074,0.0615384615384615,195,0.995916515071236,0.193620403215903
Tdurum_contig52302_649,chr3A,17926801,0.709239014787563,0.333333333333333,195,0.995916515071236,-0.0646760048898418
Tdurum_contig52302_92,chr3A,17927358,0.605073713605342,0.466666666666667,195,0.995916515071236,0.0918417561910161
Kukri_c10511_94,chr3A,50917289,0.997543022398404,0.2,195,0.999239524137177,0.000571082765533859
Kukri_c62467_362,chr3A,50918022,0.704144758834525,0.133333333333333,195,0.995916515071236,-0.0905710001611144
Kukri_rep_c73936_154,chr3A,51162762,0.471163057474198,0.297435897435897,195,0.995916515071236,-0.109984148492661
BobWhite_c9704_273,chr3A,52213865,0.813068975140689,0.0820512820512821,195,0.995916515071236,0.0740740775206152
wsnp_Ex_c21950_31124594,chr3A,52370420,0.832254231660275,0.202564102564103,195,0.995916515071236,0.040443611150387
JG_c3077_214,chr3A,52420539,0.402358004909215,0.0794871794871795,195,0.995916515071236,0.233709305470839
BS00021694_51,chr3A,53683759,0.639793230815996,0.156410256410256,195,0.995916515071236,0.10349067265634
BS00094366_51,chr3A,53684310,0.723237570515293,0.164102564102564,195,0.995916515071236,0.0723997008216966
IAAV2646,chr3A,53960110,0.484494913483896,0.174358974358974,195,0.995916515071236,0.149762035472627
wsnp_Ra_c16846_25598885,chr3A,144269218,0.809858778479559,0.143589743589744,195,0.995916515071236,0.054584032471185
wsnp_Ex_c10272_16842803,chr3A,181349358,0.230440636731821,0.120512820512821,195,0.995916515071236,-0.337393708728078
BobWhite_c47722_613,chr3A,311854750,0.00670733629768701,0.0923076923076923,195,0.845155773203667,-0.678968120069245
BS00037400_51,chr3A,439998429,0.696531792224508,0.153846153846154,195,0.995916515071236,-0.0862108183609882
BS00089400_51,chr3A,442662335,0.247284300561446,0.169230769230769,195,0.995916515071236,-0.252779747460574
wsnp_CAP11_c2438_1258747,chr3A,480573113,0.0613184035444943,0.156410256410256,195,0.995916515071236,-0.387508322776493
BS00095423_51,chr3A,490762484,0.565872318837696,0.225641025641026,195,0.995916515071236,-0.101100802670762
wsnp_Ex_c28310_37444843,chr3A,496454492,0.714087002887664,0.133333333333333,195,0.995916515071236,0.0743039200921736
Tdurum_contig57693_581,chr3A,519596973,0.126386631143595,0.197435897435897,195,0.995916515071236,0.340989952249666
RAC875_rep_c75768_245,chr3A,525727952,0.44016252792895,0.184615384615385,195,0.995916515071236,-0.190490007119832
Tdurum_contig42827_1693,chr3A,611873680,0.355196919920499,0.258974358974359,195,0.995916515071236,-0.179123555364241
GENE-1634_405,chr3A,636113871,0.503531606774146,0.0846153846153846,195,0.995916515071236,0.180750169754758
Excalibur_c18747_1292,chr3A,642665101,0.33095505100183,0.271794871794872,195,0.995916515071236,0.211361539120748
IAAV969,chr3A,642679130,0.986767808109861,0.294871794871795,195,0.997745773069475,0.00302803327774548
CAP7_rep_c12940_130,chr3A,643394742,0.652903908696111,0.284615384615385,195,0.995916515071236,-0.0830118376375086
wsnp_Ex_c27317_36522052,chr3A,682178196,0.73956535762704,0.317948717948718,195,0.995916515071236,0.0578401565308155
IAAV1410,chr3A,682180709,0.602658884958271,0.282051282051282,195,0.995916515071236,0.0902584699711753
wsnp_Ra_c132_291198,chr3A,682430651,0.42528995429642,0.0923076923076923,195,0.995916515071236,-0.217480366662619
Tdurum_contig59585_656|wsnp_JD_c29019_23208078,chr3A,682432792,0.447672204608743,0.1,195,0.995916515071236,0.191681902951423
BobWhite_c5337_225,chr3A,683847798,0.370001900298075,0.448717948717949,195,0.995916515071236,-0.267111745884201
BS00097265_51,chr3A,698464202,0.414075462236694,0.0846153846153846,195,0.995916515071236,0.211968919121108
BS00074926_51,chr3A,742634155,0.8735956381365,0.0384615384615385,195,0.995916515071236,0.0643076765532777
Tdurum_contig67686_633,chr3A,744519119,0.610959622406336,0.458974358974359,195,0.995916515071236,-0.0871484746340023
wsnp_Ex_c28679_37784735,chr3A,747603616,0.750013209929637,0.387179487179487,195,0.995916515071236,-0.0578132022064324
RAC875_s113853_61,chr3B,1936570,0.69952503519231,0.171794871794872,195,0.995916515071236,0.128206730051863
Excalibur_c57482_242,chr3B,3821410,0.325928420053902,0.117948717948718,195,0.995916515071236,0.236435266573862
BobWhite_c5611_281,chr3B,3822948,0.0946423535552778,0.133333333333333,195,0.995916515071236,0.393114864586879
Tdurum_contig50954_475,chr3B,3941853,0.779128953580333,0.138461538461538,195,0.995916515071236,0.0613602218019302
Kukri_c12817_59,chr3B,4190096,0.334344848837135,0.215384615384615,195,0.995916515071236,-0.197445551708798
Ex_c4578_544,chr3B,4655338,0.836776485951078,0.41025641025641,195,0.995916515071236,0.0369057274598994
RAC875_rep_c118986_60,chr3B,6517115,0.220175157459132,0.333333333333333,195,0.995916515071236,0.285207488679767
wsnp_Ex_c16919_25506076,chr3B,7651071,0.578575480955458,0.274358974358974,195,0.995916515071236,0.0890146625272852
Excalibur_c8314_405,chr3B,10877181,0.385853042037739,0.256410256410256,195,0.995916515071236,0.140425914458621
Tdurum_contig14251_320,chr3B,11235481,0.00490504426147149,0.297435897435897,195,0.788991950902029,0.548243007847029
RFL_Contig5709_3005,chr3B,13020455,0.474120011159411,0.448717948717949,195,0.995916515071236,-0.127451162065572
CAP7_c1576_371,chr3B,13839037,0.59524680737649,0.5,195,0.995916515071236,0.083175732332279
tplb0041e10_1230,chr3B,19580794,0.259816055878165,0.0666666666666667,195,0.995916515071236,0.377809764374959
Tdurum_contig22897_107,chr3B,28249938,0.39033999944647,0.246153846153846,195,0.995916515071236,-0.186749267252416
wsnp_Ex_c4063_7344641,chr3B,72169384,0.604731251963917,0.205128205128205,195,0.995916515071236,0.0912649017777554
Ku_c56846_964,chr3B,72680858,0.760048675182131,0.297435897435897,195,0.995916515071236,0.0611169250705057
wsnp_Ku_c13069_20938717,chr3B,74068047,0.0149757774018496,0.18974358974359,195,0.995916515071236,0.575629674710525
Kukri_c48750_1372,chr3B,74069930,0.441973637341536,0.246153846153846,195,0.995916515071236,0.154117568740723
wsnp_Ex_c11246_18191331,chr3B,75787307,0.93206533629093,0.0948717948717949,195,0.995916515071236,0.0237333823239014
BS00065429_51,chr3B,78993759,0.780119052909763,0.0974358974358974,195,0.995916515071236,-0.0752667131368687
RAC875_c86306_256,chr3B,79633533,0.420202353539335,0.105128205128205,195,0.995916515071236,0.204143761060164
Kukri_c48410_604,chr3B,141816811,0.774472164639019,0.374358974358974,195,0.995916515071236,0.0433349712564901
wsnp_JD_c9902_10674626,chr3B,153808061,0.597636140622184,0.148717948717949,195,0.995916515071236,-0.1030506213625
BS00045195_51,chr3B,168855051,0.688356353165305,0.284615384615385,195,0.995916515071236,0.0718719168082416
RAC875_c21086_130,chr3B,244829588,0.363506046189479,0.146153846153846,195,0.995916515071236,0.23962944304019
GENE-4829_238,chr3B,245563450,0.479103587808042,0.158974358974359,195,0.995916515071236,-0.136072256988803
Tdurum_contig3182_132,chr3B,246737866,0.820273648380672,0.258974358974359,195,0.995916515071236,-0.0396998704401899
Kukri_c14113_98,chr3B,247056235,0.48879531806631,0.315384615384615,195,0.995916515071236,-0.115058844788649
RAC875_s119223_94,chr3B,250994037,0.710064481054585,0.205128205128205,195,0.995916515071236,-0.0816444548932544
BS00049570_51,chr3B,253746004,0.276121759987746,0.333333333333333,195,0.995916515071236,-0.193670234263307
RAC875_c8755_314,chr3B,254185065,0.527137612064257,0.330769230769231,195,0.995916515071236,-0.112652907449256
BS00091577_51,chr3B,254185364,0.585702115705232,0.215384615384615,195,0.995916515071236,0.102022414551081
RAC875_rep_c86918_170,chr3B,263288655,0.515493191709967,0.220512820512821,195,0.995916515071236,-0.114029026793922
BobWhite_rep_c53979_427,chr3B,270430990,0.364312255482745,0.31025641025641,195,0.995916515071236,-0.149718182792162
IAAV8536,chr3B,442698226,0.138330635408184,0.325641025641026,195,0.995916515071236,-0.233734924453232
wsnp_Ex_c1116_2138756,chr3B,480585332,0.756777099763101,0.379487179487179,195,0.995916515071236,0.0456519211179867
BS00082644_51,chr3B,481745930,0.501439943108598,0.0666666666666667,195,0.995916515071236,-0.228596390724546
TA005793-0515,chr3B,490162710,0.685825163054464,0.497435897435897,195,0.995916515071236,-0.0751231926670144
BS00045330_51,chr3B,494048201,0.939998348568711,0.469230769230769,195,0.995916515071236,0.026325492808482
BobWhite_c35249_110,chr3B,507821802,0.362767493471486,0.305128205128205,195,0.995916515071236,-0.147545175113835
TA002241-1114,chr3B,508130723,0.488445736842581,0.21025641025641,195,0.995916515071236,0.138834177575946
BS00037898_51,chr3B,508496640,0.582944377496744,0.317948717948718,195,0.995916515071236,0.092627603982173
wsnp_Ex_c7172_12318529,chr3B,508836747,0.670073537946778,0.31025641025641,195,0.995916515071236,-0.0674568794871462
wsnp_Ex_c5457_9632050,chr3B,513051696,0.582577641499249,0.253846153846154,195,0.995916515071236,-0.0949442250107682
BS00036352_51,chr3B,513053489,0.829061571559397,0.323076923076923,195,0.995916515071236,0.0374676215206193
wsnp_Ex_c2920_5385184,chr3B,520221779,0.253025678446575,0.102564102564103,195,0.995916515071236,-0.282545756239997
RAC875_c32792_231,chr3B,521006321,0.223777245300632,0.0820512820512821,195,0.995916515071236,-0.353217249626552
BobWhite_c24718_225,chr3B,525432136,0.157897833011806,0.135897435897436,195,0.995916515071236,-0.356740542549841
Ex_c5074_1539,chr3B,570228048,0.485123247589715,0.0666666666666667,195,0.995916515071236,-0.21599699173021
Excalibur_c5921_1315,chr3B,576003677,0.539724933978998,0.482051282051282,195,0.995916515071236,-0.175711456005708
Kukri_rep_c107421_115,chr3B,594656729,0.404324095191154,0.420512820512821,195,0.995916515071236,-0.133128070644352
BS00005265_51,chr3B,594935164,0.797299076541974,0.0692307692307692,195,0.995916515071236,0.073462329965424
Jagger_c5649_59,chr3B,595356881,0.474172446819747,0.0717948717948718,195,0.995916515071236,0.203845890230816
Tdurum_contig4913_705,chr3B,598452145,0.607780280056825,0.353846153846154,195,0.995916515071236,-0.0886961972584945
BobWhite_c32864_250,chr3B,617462379,0.644494970469909,0.0666666666666667,195,0.995916515071236,-0.12827765597536
wsnp_Ra_c69_149518,chr3B,753609407,0.802023890296387,0.287179487179487,195,0.995916515071236,0.0544615121535443
Excalibur_c33274_498,chr3B,755676302,0.589482149989705,0.482051282051282,195,0.995916515071236,0.0805201364286177
Tdurum_contig11443_1022,chr3B,755676651,0.221906219428716,0.248717948717949,195,0.995916515071236,0.264700067498641
Tdurum_contig55751_315,chr3B,758822591,0.109800417135456,0.461538461538462,195,0.995916515071236,0.265458284460031
BS00030651_51,chr3B,781879073,0.24301171485916,0.458974358974359,195,0.995916515071236,0.188661278915207
RFL_Contig4186_914,chr3B,787799347,0.0581446270019459,0.0871794871794872,195,0.995916515071236,0.501392135706618
Tdurum_contig28053_218,chr3B,811836284,0.0470556194652246,0.120512820512821,195,0.995916515071236,-0.54989594347114
BS00071041_51,chr3B,812182698,0.683948585635537,0.0666666666666667,195,0.995916515071236,0.112651866669045
GENE-2712_367,chr3B,812302124,0.242517817258177,0.423076923076923,195,0.995916515071236,0.268007894545569
RAC875_c37741_476,chr3B,836174029,0.43725463131625,0.487179487179487,195,0.995916515071236,-0.10527450236911
RAC875_c37741_218,chr3B,836174889,0.813648433120858,0.225641025641026,195,0.995916515071236,0.0399938516095046
wsnp_JD_c18509_16968425,chr3B,841311388,0.74011404995153,0.4,195,0.995916515071236,-0.057309960525652
Tdurum_contig59566_4435,chr3B,841312024,0.980417170783636,0.120512820512821,195,0.997745773069475,0.00657143224580103
IAAV8659,chr3B,842939157,0.971319367715255,0.1,195,0.997745773069475,0.01233558898201
Kukri_c48601_98,chr3B,844119703,0.222616808557199,0.230769230769231,195,0.995916515071236,0.231971106739126
Tdurum_contig14350_431,chr3D,77091,0.465398680525476,0.130769230769231,195,0.995916515071236,0.173683799199678
BobWhite_c18256_809,chr3D,743093,0.00426689169256705,0.241025641025641,195,0.788991950902029,0.496547267133977
Kukri_rep_c94244_339,chr3D,803716,0.279641535630224,0.4,195,0.995916515071236,-0.164197860911311
BS00098760_51,chr3D,1051628,0.592982688081048,0.305128205128205,195,0.995916515071236,0.104104417618391
BS00080157_51,chr3D,1476240,0.478762597136297,0.123076923076923,195,0.995916515071236,-0.283655537451439
RAC875_c22383_248,chr3D,1481100,0.686101644016572,0.0641025641025641,195,0.995916515071236,-0.136477025304732
IAAV1578,chr3D,2714182,0.959386570079226,0.415384615384615,195,0.995916515071236,-0.00925602646180579
tplb0053a24_1247,chr3D,3588508,0.956884408340035,0.497435897435897,195,0.995916515071236,0.00915986865111051
Excalibur_c9485_351,chr3D,3695097,0.412980079538486,0.31025641025641,195,0.995916515071236,0.147399759814482
Excalibur_c20559_98,chr3D,3695344,0.418911183306967,0.348717948717949,195,0.995916515071236,-0.161422040545229
Excalibur_c12875_1643,chr3D,5008394,0.0844409030795034,0.223076923076923,195,0.995916515071236,-0.415897128223467
wsnp_JD_c396_603720,chr3D,5433044,0.51577656187915,0.176923076923077,195,0.995916515071236,-0.143358019225436
D_contig79290_372,chr3D,31799415,0.4657294060753,0.228205128205128,195,0.995916515071236,0.143906343342726
Kukri_c5252_107,chr3D,34080877,0.864905533353253,0.220512820512821,195,0.995916515071236,-0.0283771797878991
wsnp_Ex_c18250_27065775,chr3D,126064001,0.115094796641086,0.171794871794872,195,0.995916515071236,-0.401385005145737
wsnp_Ex_rep_c78526_74641162,chr3D,162446861,0.0473245285661768,0.0846153846153846,195,0.995916515071236,-0.617582633065203
Kukri_c43208_335,chr3D,178478493,0.167098258499637,0.0615384615384615,195,0.995916515071236,-0.436702523901886
wsnp_Ex_c54003_57045475,chr3D,267619256,0.371859653848441,0.123076923076923,195,0.995916515071236,0.235478412875263
Ra_c4231_465,chr3D,344728534,0.162017955931612,0.0538461538461538,195,0.995916515071236,-0.448160384332051
IAAV1270,chr3D,378358338,0.3431883381554,0.307692307692308,195,0.995916515071236,-0.170391009131295
BobWhite_c27541_67,chr3D,378927754,0.20432608209389,0.217948717948718,195,0.995916515071236,-0.215246231600076
tplb0029j24_2118,chr3D,418236443,0.951350791180461,0.328205128205128,195,0.995916515071236,-0.00885419440774449
RAC875_c494_436,chr3D,424883434,0.986596410681799,0.0666666666666667,195,0.997745773069475,0.00456842281184411
RFL_Contig383_1347,chr3D,508864621,0.167524835931841,0.0717948717948718,195,0.995916515071236,-0.424160646956594
Kukri_c8913_385,chr3D,516319262,0.92413411869942,0.0846153846153846,195,0.995916515071236,-0.0265537332161152
BS00054496_51,chr3D,539622336,0.992759065018045,0.307692307692308,195,0.997745773069475,-0.00161946115792411
RAC875_c101793_136,chr3D,551216475,0.872146952531481,0.274358974358974,195,0.995916515071236,0.0318293175918427
D_GDRF1KQ02GV96X_70,chr3D,556604263,0.803527483136514,0.0846153846153846,195,0.995916515071236,0.0620034892180135
CAP12_c2615_128,chr3D,582172173,0.0474072696832042,0.425641025641026,195,0.995916515071236,0.378209885462809
RAC875_c5606_501,chr3D,604572945,0.461222807326427,0.143589743589744,195,0.995916515071236,-0.172148584012726
CAP7_c4219_186,chr3D,606219075,0.129004433763217,0.1,195,0.995916515071236,0.391584344132342
CAP7_c4219_359,chr3D,606219247,0.0799756669940344,0.11025641025641,195,0.995916515071236,0.429784588674222
Kukri_c92813_223,chr3D,606569015,0.835266664043345,0.205128205128205,195,0.995916515071236,0.0401835753729607
tplb0060a09_1160,chr3D,608879318,0.301925698626382,0.343589743589744,195,0.995916515071236,-0.239752342569698
Jagger_c3292_145,chr3D,611260936,0.943446315973056,0.192307692307692,195,0.995916515071236,0.0161470685085234
wsnp_Ex_c12369_19730765,chr3D,613343797,0.283257805949092,0.18974358974359,195,0.995916515071236,0.230654193880005
RAC875_c5222_411,chr3D,613758364,0.522291271994148,0.192307692307692,195,0.995916515071236,-0.114241121982304
BS00073760_51,chr3D,613957933,0.418240090768962,0.317948717948718,195,0.995916515071236,0.15413401565157
BobWhite_rep_c52911_146,chr3D,614179926,0.825738620332716,0.364102564102564,195,0.995916515071236,0.0408633462294592
IAAV686,chr3D,614247171,0.71183326276976,0.241025641025641,195,0.995916515071236,-0.0655347899836034
IAAV7013,chr3D,614386580,0.503536465163728,0.225641025641026,195,0.995916515071236,-0.113522376122509
BS00024422_51,chr3D,615044922,0.140490462948336,0.302564102564103,195,0.995916515071236,0.280245377297991
wsnp_Ex_c7451_12757458,chr3D,615289194,0.0417042062025769,0.446153846153846,195,0.995916515071236,-0.329730182749334
Excalibur_c51976_119,chr3D,615289784,0.937872528927074,0.230769230769231,195,0.995916515071236,0.0136666698461969
TA006354-0937,chr3D,615292492,0.349626324219817,0.2,195,0.995916515071236,0.19542025885068
RAC875_c6578_645,chr3D,615711956,0.549252435999727,0.128205128205128,195,0.995916515071236,0.131491532385859
Excalibur_c42667_427,chr3D,615962873,0.576448957910408,0.0743589743589744,195,0.995916515071236,-0.147709948280514
BobWhite_c5246_196,chr3D,615963084,0.224741457277418,0.479487179487179,195,0.995916515071236,-0.174927616840822
Excalibur_c6906_804,chr3D,616940285,0.483511748662752,0.379487179487179,195,0.995916515071236,-0.113264337270653
wsnp_Ku_c7264_12545135,chr3D,616954599,0.355897126845581,0.215384615384615,195,0.995916515071236,0.197524989935298
CAP12_c2073_98,chr3D,617434955,0.259208132044073,0.4,195,0.995916515071236,-0.15813376673268
wsnp_CAP11_c1051_622082,chr3D,617435205,0.0278242971166259,0.256410256410256,195,0.995916515071236,0.379827677792226
CAP11_c1051_121,chr3D,617435313,0.368258453558215,0.276923076923077,195,0.995916515071236,0.166978942917831
BS00024440_51,chr3D,617440108,0.327229192666238,0.266666666666667,195,0.995916515071236,0.182362956987273
Excalibur_c46790_502,chr3D,617673993,0.389261689933292,0.253846153846154,195,0.995916515071236,0.160281958360693
BS00066691_51,chr3D,617751247,0.164521638090271,0.284615384615385,195,0.995916515071236,0.243579242875612
Kukri_c12013_443,chr3D,617752442,0.0930847080814232,0.312820512820513,195,0.995916515071236,-0.400127503343178
Kukri_c12013_90,chr3D,617752796,0.56379561143701,0.348717948717949,195,0.995916515071236,0.0971595689560516
Kukri_rep_c87658_1542,chr3D,617752952,0.564547428616058,0.397435897435897,195,0.995916515071236,-0.0905003575514023
wsnp_Ex_c5061_8986366,chr3D,617753058,0.668663584973278,0.323076923076923,195,0.995916515071236,-0.063927995243338
Excalibur_c54670_110,chr3D,617757062,0.103877787469854,0.423076923076923,195,0.995916515071236,0.304015821569372
RAC875_c51595_177,chr3D,617757520,0.24932713137246,0.238461538461538,195,0.995916515071236,0.227025703751655
BS00064063_51|D_contig04964_668,chr3D,617766333,0.677356378958946,0.364102564102564,195,0.995916515071236,-0.0611598220198442
RAC875_c43838_146,chr3D,617840095,0.205559461927677,0.3,195,0.995916515071236,0.210180165705465
Excalibur_c56069_128,chr3D,617840557,0.799794771091906,0.335897435897436,195,0.995916515071236,-0.0422408107929542
RFL_Contig2432_953,chr3D,618256005,0.632661339780677,0.358974358974359,195,0.995916515071236,0.0755016409793683
BS00078532_51,chr3D,618417590,0.273563695099423,0.274358974358974,195,0.995916515071236,0.211121646140798
BS00078092_51,chr3D,618417763,0.456954025273514,0.41025641025641,195,0.995916515071236,0.110359526684137
BS00035307_51,chr4A,3424618,0.191777827749127,0.282051282051282,195,0.995916515071236,0.249387869080458
IAAV2216,chr4A,4642490,0.0487136746180537,0.330769230769231,195,0.995916515071236,-0.357439960085564
Kukri_c2963_272,chr4A,9987483,0.327714261320706,0.187179487179487,195,0.995916515071236,0.180132260187301
Excalibur_c12032_1101,chr4A,10712266,0.52057994687337,0.141025641025641,195,0.995916515071236,-0.138884157106259
BS00022177_51,chr4A,12242671,0.194679162374372,0.0769230769230769,195,0.995916515071236,0.366516738277125
wsnp_Ra_c14920_23225219,chr4A,13178397,0.930262002985038,0.0846153846153846,195,0.995916515071236,0.0236822667984615
RAC875_c16405_84,chr4A,29280763,0.367522502461908,0.058974358974359,195,0.995916515071236,-0.293450097942777
Kukri_c16916_1073,chr4A,30513653,0.826871823744476,0.128205128205128,195,0.995916515071236,-0.0488218633978441
wsnp_Ex_c5690_9994334,chr4A,39010175,0.122479231062524,0.307692307692308,195,0.995916515071236,0.359645564835517
wsnp_Ku_rep_c76865_75281903,chr4A,60651660,0.0391590576418433,0.366666666666667,195,0.995916515071236,-0.379202225224532
wsnp_Ex_c8131_13754852,chr4A,120070361,0.620021156013474,0.443589743589744,195,0.995916515071236,0.14556262863038
RAC875_c27776_86,chr4A,129834424,0.226305656472226,0.253846153846154,195,0.995916515071236,0.248361868039266
wsnp_Ex_c9464_15689857,chr4A,534414030,0.659622189774245,0.2,195,0.995916515071236,-0.0762581953433896
IAAV125,chr4A,544012642,0.949130764299049,0.320512820512821,195,0.995916515071236,0.010854390474158
BS00010925_51,chr4A,587784360,0.334586316250189,0.0435897435897436,195,0.995916515071236,-0.338878165805562
BobWhite_rep_c49931_364,chr4A,603282322,0.910550769332002,0.474358974358974,195,0.995916515071236,-0.0381363120695752
BS00023151_51,chr4A,609381583,0.877066605428189,0.141025641025641,195,0.995916515071236,0.0324783849266383
BobWhite_c12128_187,chr4A,613169667,0.456743605009101,0.364102564102564,195,0.995916515071236,0.13126421155121
Tdurum_contig42257_4485,chr4A,613283992,0.536716349182752,0.194871794871795,195,0.995916515071236,0.111575400641332
wsnp_Ex_c24474_33721784,chr4A,614813951,0.854892185855553,0.38974358974359,195,0.995916515071236,0.0311796109475395
wsnp_Ku_c4924_8816643,chr4A,615129189,0.826049822839044,0.284615384615385,195,0.995916515071236,0.0367124340010072
BobWhite_c35402_66,chr4A,617281994,0.274077923303957,0.117948717948718,195,0.995916515071236,0.264073011123523
Tdurum_contig13489_292,chr4A,617282086,0.649328141610951,0.117948717948718,195,0.995916515071236,-0.102618883345617
Kukri_c4594_825,chr4A,619215413,0.229212593169295,0.0358974358974359,195,0.995916515071236,-0.653340883743681
Kukri_c5039_2269,chr4A,621255217,0.838887595240759,0.0897435897435897,195,0.995916515071236,0.0630556835400942
Excalibur_c20024_806,chr4A,621256874,0.260772898420567,0.130769230769231,195,0.995916515071236,-0.311112203349611
wsnp_Ex_c41074_47988141,chr4A,621266258,0.758469397526051,0.153846153846154,195,0.995916515071236,-0.0599966474276199
Excalibur_c2618_1412,chr4A,621666044,0.933772927591769,0.0512820512820513,195,0.995916515071236,-0.0269692821527627
Kukri_c25832_794,chr4A,623952035,0.586973686369079,0.282051282051282,195,0.995916515071236,-0.115055429907049
JD_c4438_839,chr4A,627277193,0.281620118399431,0.274358974358974,195,0.995916515071236,0.224439530048846
BobWhite_c20282_164,chr4A,627325347,0.59603326030936,0.451282051282051,195,0.995916515071236,0.124594787119765
BS00010144_51,chr4A,629639764,0.980442763206597,0.138461538461538,195,0.997745773069475,-0.00602124284319316
Kukri_c17942_239,chr4A,629640229,0.345105870222777,0.194871794871795,195,0.995916515071236,-0.267657106588295
CAP11_c1989_183,chr4A,633388836,0.276276564737769,0.338461538461538,195,0.995916515071236,-0.172844205398553
BobWhite_c33898_150,chr4A,634064111,0.132317956026649,0.476923076923077,195,0.995916515071236,-0.257486207661072
Kukri_c33315_159,chr4A,634134455,0.876350171884464,0.120512820512821,195,0.995916515071236,0.0489140945708293
BS00059503_51,chr4A,642560750,0.943829366694386,0.382051282051282,195,0.995916515071236,-0.012852858245358
Kukri_c96159_197,chr4A,646700185,0.944859845636735,0.0743589743589744,195,0.995916515071236,0.0208001150320847
Excalibur_c4325_1440,chr4A,647082974,0.357238069355422,0.0641025641025641,195,0.995916515071236,0.296632625643484
Tdurum_contig15586_563,chr4A,647183147,0.744234480627794,0.0615384615384615,195,0.995916515071236,0.112752465274932
wsnp_Ex_c3988_7221220,chr4A,666371209,0.00723225830644961,0.0769230769230769,195,0.845155773203667,-0.745940143314117
Excalibur_c4370_1451,chr4A,667033050,0.0461273008220757,0.0769230769230769,195,0.995916515071236,-0.583688240666433
Excalibur_c4370_1221,chr4A,667033280,0.02396963607079,0.1,195,0.995916515071236,-0.581518473497397
wsnp_JD_c27162_22206547,chr4A,668474506,0.0456076577114948,0.0615384615384615,195,0.995916515071236,-0.629999061700987
tplb0024a09_919,chr4A,678136068,0.415002444440848,0.0974358974358974,195,0.995916515071236,0.276508120298953
IAAV3960,chr4A,708504916,0.31838771927311,0.0358974358974359,195,0.995916515071236,-0.445621253581647
wsnp_Ex_c11047_17915225,chr4A,709846287,0.472302113271648,0.361538461538462,195,0.995916515071236,0.108685812542451
RAC875_c1115_341,chr4A,709856371,0.791718626288643,0.235897435897436,195,0.995916515071236,0.0448440319851509
BS00022929_51,chr4A,713341626,0.708145938778243,0.394871794871795,195,0.995916515071236,0.0918709978496963
Excalibur_c7753_51,chr4A,717745269,0.399185967245369,0.446153846153846,195,0.995916515071236,0.121850778215588
BS00100441_51,chr4A,717746227,0.37852817470804,0.497435897435897,195,0.995916515071236,0.127223318276098
Tdurum_contig93156_127,chr4A,717746260,0.867412831799713,0.207692307692308,195,0.995916515071236,0.0292781665943522
Jagger_c2200_347,chr4A,722472307,0.379691606835027,0.153846153846154,195,0.995916515071236,-0.179249212096713
Tdurum_contig75819_1591,chr4A,723621083,0.797123971623305,0.320512820512821,195,0.995916515071236,0.0478694354489519
RFL_Contig3841_2409,chr4A,723621320,0.415814601141845,0.215384615384615,195,0.995916515071236,0.161116265611192
RFL_Contig3841_2433,chr4A,723621344,0.767298155930944,0.38974358974359,195,0.995916515071236,-0.0438277127323108
RFL_Contig3841_2595|Tdurum_contig75819_1309,chr4A,723621647,0.672881854041284,0.266666666666667,195,0.995916515071236,0.0693732287902007
Tdurum_contig75819_559,chr4A,723623148,0.388164745756403,0.433333333333333,195,0.995916515071236,-0.12638475581107
BobWhite_c20306_88,chr4A,723882828,0.455453287836924,0.261538461538462,195,0.995916515071236,0.12812165185718
RAC875_c54248_724,chr4A,728382481,0.938700342016796,0.143589743589744,195,0.995916515071236,0.0220645876384822
Excalibur_c6050_323,chr4A,737354924,0.0367499805278993,0.230769230769231,195,0.995916515071236,0.46063379046546
Tdurum_contig46583_2146,chr4A,748960423,0.641595588650524,0.348717948717949,195,0.995916515071236,-0.0856823801748856
Tdurum_contig42083_757,chr4B,5992523,0.336241647346117,0.469230769230769,195,0.995916515071236,-0.225695593507215
wsnp_BF483640B_Ta_2_2,chr4B,9811182,0.489762943004884,0.451282051282051,195,0.995916515071236,-0.139581674574881
BS00009480_51,chr4B,13966893,0.0567136658281575,0.1,195,0.995916515071236,-0.464563443513869
Tdurum_contig10984_210,chr4B,16496592,0.486999195824791,0.0307692307692308,195,0.995916515071236,0.295526098092939
BS00071658_51,chr4B,19660010,0.602845484424756,0.138461538461538,195,0.995916515071236,0.110697944502734
wsnp_Ku_c8075_13785546,chr4B,21914939,0.224001699804868,0.135897435897436,195,0.995916515071236,-0.284524825402695
Tdurum_contig41902_1673,chr4B,26013667,0.829711955618577,0.041025641025641,195,0.995916515071236,0.0871333795290834
Tdurum_contig64772_417,chr4B,27919074,0.851239877419806,0.151282051282051,195,0.995916515071236,0.0442716533636158
RAC875_c44584_162,chr4B,30165134,0.371896349947231,0.469230769230769,195,0.995916515071236,-0.282585790211556
IACX557,chr4B,30367591,0.398535833946236,0.0666666666666667,195,0.995916515071236,0.23354911047546
BS00021984_51,chr4B,36883899,0.913164982782749,0.115384615384615,195,0.995916515071236,-0.028031909392773
Tdurum_contig63670_287,chr4B,38005599,0.501202485823109,0.107692307692308,195,0.995916515071236,-0.188844731779028
BobWhite_c9876_331,chr4B,389489859,0.0434839120260683,0.0692307692307692,195,0.995916515071236,-0.860627919651149
TA006298-0500,chr4B,392977418,0.36206479679044,0.282051282051282,195,0.995916515071236,-0.167223998771309
Tdurum_contig5562_730,chr4B,405410925,0.574324871593622,0.430769230769231,195,0.995916515071236,-0.0998880532392761
Tdurum_contig5562_441,chr4B,405411214,0.247262003673234,0.461538461538462,195,0.995916515071236,-0.187419730389022
Excalibur_rep_c66744_2113,chr4B,411427953,0.203560606419505,0.420512820512821,195,0.995916515071236,-0.233593903297116
Tdurum_contig52805_183,chr4B,417331471,0.0840360115585078,0.233333333333333,195,0.995916515071236,-0.292909360068432
BS00064884_51,chr4B,426786962,0.425013915986171,0.430769230769231,195,0.995916515071236,-0.14516010291759
Kukri_c322_1394,chr4B,533039128,0.499658496393178,0.207692307692308,195,0.995916515071236,0.139392574786052
wsnp_Ex_c23363_32607637,chr4B,541848846,0.132524299278337,0.241025641025641,195,0.995916515071236,-0.263451381803929
BS00087144_51,chr4B,546425684,0.0403142589175466,0.271794871794872,195,0.995916515071236,-0.34929056796854
Tdurum_contig47552_957,chr4B,546613590,0.132886758218094,0.187179487179487,195,0.995916515071236,-0.300893241007206
BS00077411_51,chr4B,552428337,0.459886261864484,0.166666666666667,195,0.995916515071236,-0.149098534356696
Excalibur_c56741_119,chr4B,558353165,0.463315489847024,0.220512820512821,195,0.995916515071236,-0.141008157424114
wsnp_Ex_c19319_28253742,chr4B,565521094,0.936898793025269,0.223076923076923,195,0.995916515071236,-0.0169902156545163
wsnp_CAP12_rep_c4278_1949864,chr4B,566478398,0.829544479928555,0.215384615384615,195,0.995916515071236,-0.0440441201209936
IAAV2228,chr4B,566490208,0.954275351143212,0.417948717948718,195,0.995916515071236,-0.011490244136855
RAC875_c24550_1150,chr4B,566493200,0.814588918663001,0.402564102564103,195,0.995916515071236,0.0536419755086044
BS00022181_51,chr4B,567454376,0.637498203090219,0.38974358974359,195,0.995916515071236,0.0939340592143587
BS00069989_51,chr4B,567855344,0.209140220151325,0.5,195,0.995916515071236,0.249931654785041
BS00058659_51,chr4B,570039984,0.716346376320858,0.323076923076923,195,0.995916515071236,-0.0725803704738759
wsnp_Ex_c42895_49355806,chr4B,570962358,0.559064569346461,0.407692307692308,195,0.995916515071236,0.113727974959687
Ex_c57212_719,chr4B,570977417,0.0536241770711033,0.31025641025641,195,0.995916515071236,-0.329293531010162
RAC875_c39226_131,chr4B,574955516,0.760551439681359,0.230769230769231,195,0.995916515071236,0.0520720870492948
Ra_c15473_681,chr4B,578566549,0.84529968508017,0.135897435897436,195,0.995916515071236,0.043410965505954
RAC875_c15143_227,chr4B,579338703,0.53536152136825,0.235897435897436,195,0.995916515071236,0.107748681641267
RAC875_c3790_429,chr4B,581540703,0.0857857515210834,0.320512820512821,195,0.995916515071236,-0.264213593433057
BobWhite_c1295_470,chr4B,582119206,0.977981832930012,0.369230769230769,195,0.997745773069475,0.0051007803220724
RAC875_rep_c108328_299,chr4B,585672870,0.646392216720239,0.284615384615385,195,0.995916515071236,-0.0921420409293336
Tdurum_contig28920_296,chr4B,588233608,0.415660608310586,0.225641025641026,195,0.995916515071236,0.170812341836276
Tdurum_contig31737_203,chr4B,589903423,0.456660236021548,0.148717948717949,195,0.995916515071236,0.209974116461833
BobWhite_c13247_795,chr4B,590482284,0.638596674637514,0.461538461538462,195,0.995916515071236,0.0669908677398645
Tdurum_contig93160_155,chr4B,591131978,0.48341455049221,0.2,195,0.995916515071236,0.165586174238554
RAC875_c89195_138,chr4B,593980601,0.415842708699389,0.194871794871795,195,0.995916515071236,0.16539370436703
BobWhite_c40424_143,chr4B,633387116,0.618494567241195,0.135897435897436,195,0.995916515071236,0.113119288275792
Excalibur_c31044_482,chr4B,633872661,0.0875771767540228,0.297435897435897,195,0.995916515071236,0.393677849643346
Excalibur_c25270_218,chr4B,634767824,0.949443093616902,0.161538461538462,195,0.995916515071236,0.0142241877581242
BobWhite_c27751_206,chr4B,634855587,0.233648475974582,0.133333333333333,195,0.995916515071236,0.277899131523482
Kukri_c4221_1114,chr4B,645235940,0.612688213632718,0.333333333333333,195,0.995916515071236,0.11566238822849
Excalibur_c1706_1413,chr4B,651659784,0.385285287178397,0.125641025641026,195,0.995916515071236,-0.204996363615262
tplb0027f12_503,chr4B,654991791,0.0485819681152334,0.184615384615385,195,0.995916515071236,0.352586185900332
wsnp_BE499546B_Ta_2_1,chr4B,656245718,0.744897361897548,0.217948717948718,195,0.995916515071236,-0.0654144419685547
Excalibur_c49297_159,chr4B,656249543,0.273411413631311,0.220512820512821,195,0.995916515071236,0.181752502110766
tplb0056i06_856,chr4B,659634248,0.346421823652136,0.307692307692308,195,0.995916515071236,0.142154933935251
RAC875_c87897_333,chr4B,667583494,0.705383188501643,0.456410256410256,195,0.995916515071236,-0.0645898257286959
BS00022808_51,chr4B,668709559,0.443364835746028,0.117948717948718,195,0.995916515071236,0.1759542503158
BS00040517_51,chr4B,673375605,0.207688897927674,0.241025641025641,195,0.995916515071236,-0.282319451025222
wsnp_Ex_c4148_7494801,chr4B,673887818,0.633959218687039,0.105128205128205,195,0.995916515071236,0.120842012421582
JD_c15782_595,chr4B,676710748,0.96313336732745,0.320512820512821,195,0.995916515071236,0.00725885414687966
RAC875_c48025_483,chr4B,681822696,0.143900694127661,0.333333333333333,195,0.995916515071236,0.250738689542821
Ku_c2885_1286,chr4B,689021947,0.441332253665815,0.305128205128205,195,0.995916515071236,-0.12018516938396
Ku_c2885_1189,chr4B,689022044,0.384664569826048,0.458974358974359,195,0.995916515071236,-0.138644515972734
Ku_c9134_782,chr4B,689184395,0.100633760021137,0.448717948717949,195,0.995916515071236,-0.270048424335444
Tdurum_contig9118_1078,chr4B,689336210,0.332149807981573,0.215384615384615,195,0.995916515071236,-0.247796767737164
BS00108770_51,chr4D,3673713,0.12198009058156,0.0461538461538462,195,0.995916515071236,0.548772606121698
BS00022283_51,chr4D,3680171,0.106085403282145,0.0487179487179487,195,0.995916515071236,-0.587313824758296
wsnp_Ex_rep_c107564_91144523,chr4D,26735190,0.233017659113614,0.0564102564102564,195,0.995916515071236,-0.394425357143356
Ra_c350_837,chr4D,111721106,0.934626582834604,0.0641025641025641,195,0.995916515071236,0.0250771546060369
wsnp_BE444858D_Ta_1_1,chr4D,134619728,0.938487328456514,0.176923076923077,195,0.995916515071236,-0.0146355948641492
RAC875_rep_c109674_414,chr4D,187014339,0.235679919173957,0.041025641025641,195,0.995916515071236,0.480987233203793
wsnp_BF202706D_Ta_1_1,chr4D,218513069,0.775106309225814,0.18974358974359,195,0.995916515071236,0.053682488668918
Ku_c2271_358,chr4D,253939544,0.00645468109628465,0.0435897435897436,195,0.845155773203667,0.97425699458045
wsnp_BF473052D_Ta_2_1,chr4D,441152501,0.227623010216209,0.0128205128205128,195,0.995916515071236,0.776089513741334
D_GDS7LZN02F0W89_230,chr4D,458388630,0.694934804170367,0.0102564102564103,195,0.995916515071236,-0.306981274015654
BS00022436_51,chr4D,458393778,0.624669264597199,0.0102564102564103,195,0.995916515071236,0.39252287466661
BS00064002_51,chr4D,458802353,0.90669205933446,0.0641025641025641,195,0.995916515071236,-0.0351538219009573
BS00106571_51,chr4D,458807647,0.671239744742386,0.0641025641025641,195,0.995916515071236,-0.123157130406109
BS00047797_51,chr4D,459122261,0.730937405637358,0.0512820512820513,195,0.995916515071236,-0.118389984352091
BS00101071_51,chr5A,9357157,0.957579776827513,0.041025641025641,195,0.995916515071236,-0.0189418357840498
wsnp_Ku_c9559_15999945,chr5A,9546069,0.598018591292449,0.358974358974359,195,0.995916515071236,-0.0991138720092213
Kukri_c17126_1211,chr5A,9547331,0.949933555459652,0.402564102564103,195,0.995916515071236,-0.011063966172955
wsnp_Ex_c25707_34968426,chr5A,9548776,0.34343185636508,0.376923076923077,195,0.995916515071236,-0.167467889748
Ra_c10762_1137,chr5A,9549092,0.924716631266888,0.371794871794872,195,0.995916515071236,-0.0174987932881976
Kukri_c29420_310,chr5A,10633268,0.401411183282092,0.371794871794872,195,0.995916515071236,-0.144539144199523
wsnp_BE399966A_Ta_2_3,chr5A,11349947,0.964040888869106,0.0897435897435897,195,0.995916515071236,0.0121356018412637
wsnp_Ku_c1254_2498515,chr5A,11617185,0.688352971106455,0.361538461538462,195,0.995916515071236,0.0686799509117453
Excalibur_rep_c88724_127,chr5A,22324829,0.580204259488005,0.246153846153846,195,0.995916515071236,-0.135863130892853
BS00029347_51,chr5A,50006921,0.833026976236828,0.102564102564103,195,0.995916515071236,0.0538304731256067
wsnp_Ku_c48254_54492007,chr5A,50403368,0.924975928066136,0.21025641025641,195,0.995916515071236,0.0187539691610166
BS00078654_51,chr5A,52064637,0.11589540017446,0.102564102564103,195,0.995916515071236,-0.410760616607907
RAC875_c15192_51,chr5A,52354691,0.126478940468068,0.102564102564103,195,0.995916515071236,-0.41908701361826
BS00046772_51,chr5A,53433438,0.3450997470746,0.123076923076923,195,0.995916515071236,-0.20918504434263
wsnp_Ra_c212_447994,chr5A,56320359,0.0137916382524341,0.146153846153846,195,0.995916515071236,-0.537483735203107
wsnp_Ku_c1102_2211433,chr5A,56321316,0.537127550287149,0.112820512820513,195,0.995916515071236,-0.154387330697673
BobWhite_c37803_125,chr5A,77908786,0.0764800754864806,0.217948717948718,195,0.995916515071236,-0.385725573721293
TA006001-0725,chr5A,90201408,0.467716021719143,0.225641025641026,195,0.995916515071236,-0.127646974999381
BobWhite_rep_c49176_485,chr5A,90215490,0.338973506362054,0.0974358974358974,195,0.995916515071236,-0.260346313962176
Excalibur_c25331_1224,chr5A,90906625,0.760459925559274,0.0871794871794872,195,0.995916515071236,0.0773499253175149
RFL_Contig4653_1217,chr5A,93736406,0.404947321488184,0.151282051282051,195,0.995916515071236,-0.185131560497725
IAAV5061,chr5A,95154087,0.340525032111494,0.366666666666667,195,0.995916515071236,0.157435351541482
wsnp_Ex_c2922_5391083,chr5A,96200429,0.204377444307116,0.143589743589744,195,0.995916515071236,-0.281484574780088
RAC875_c29957_355,chr5A,96204453,0.925743611232938,0.494871794871795,195,0.995916515071236,0.0180652324616659
Excalibur_c22926_514,chr5A,97211536,0.53000008261231,0.158974358974359,195,0.995916515071236,-0.123237561253026
wsnp_Ra_c10053_16636851,chr5A,102991330,0.369368230425995,0.451282051282051,195,0.995916515071236,0.178521320943009
wsnp_Ku_c16812_25759885,chr5A,102992259,0.178125182926523,0.107692307692308,195,0.995916515071236,-0.353049712139703
Ku_c4397_2120,chr5A,103387172,0.387685344411008,0.305128205128205,195,0.995916515071236,-0.181180778967839
wsnp_Ex_c130_259533,chr5A,108202113,0.409925125610775,0.107692307692308,195,0.995916515071236,-0.199692391278476
Ex_c5902_360,chr5A,111232258,0.0654154425082105,0.361538461538462,195,0.995916515071236,0.359026276929713
BS00045284_51|wsnp_Ex_c15084_23263641,chr5A,113109004,0.623988195008313,0.120512820512821,195,0.995916515071236,-0.119153080922324
wsnp_Ra_c13_24911,chr5A,418865118,0.441767515588454,0.0666666666666667,195,0.995916515071236,0.250806761362869
wsnp_Ra_c13_24540,chr5A,418865489,0.0824931602748243,0.2,195,0.995916515071236,0.375049833794062
RAC875_c13_1589,chr5A,418866847,0.129511617758645,0.135897435897436,195,0.995916515071236,0.444763923133417
wsnp_Ex_c4666_8349206,chr5A,418968514,0.12507506035047,0.0846153846153846,195,0.995916515071236,0.597390289696698
Tdurum_contig49844_958|tplb0031i04_452,chr5A,419574386,0.432436537810884,0.215384615384615,195,0.995916515071236,0.168714381964964
CAP12_c667_143,chr5A,420174302,0.0857011791071501,0.212820512820513,195,0.995916515071236,0.372383510916794
RAC875_c4033_192,chr5A,444492894,0.410335311082219,0.0538461538461538,195,0.995916515071236,-0.265084679032121
BS00067453_51,chr5A,450797402,0.738174916481264,0.0538461538461538,195,0.995916515071236,0.111437764400305
BS00089968_51,chr5A,450898638,0.0677962753817637,0.287179487179487,195,0.995916515071236,0.31725362496169
Tdurum_contig43874_1129,chr5A,470754069,0.775720427772007,0.0717948717948718,195,0.995916515071236,-0.0910401184422174
wsnp_Ex_c2474_4619730,chr5A,473639409,0.631155391241771,0.276923076923077,195,0.995916515071236,-0.0742687604122487
Kukri_c1106_1489,chr5A,482529631,0.452464170493475,0.115384615384615,195,0.995916515071236,-0.176428894521362
Tdurum_contig49187_601,chr5A,483286973,0.814817539793433,0.451282051282051,195,0.995916515071236,-0.0572684751317354
CAP8_c1066_309,chr5A,489070639,0.0555527062109991,0.187179487179487,195,0.995916515071236,0.45301478732684
Tdurum_contig96830_155,chr5A,489446077,0.629925351878809,0.307692307692308,195,0.995916515071236,-0.0851201681250426
Ex_c9327_1198,chr5A,489450223,0.264573734105323,0.317948717948718,195,0.995916515071236,-0.187309381429767
RAC875_c18195_718,chr5A,506206035,0.606691533625119,0.284615384615385,195,0.995916515071236,0.138692885435685
BobWhite_c1387_798,chr5A,529293612,0.129825138092807,0.376923076923077,195,0.995916515071236,-0.240229858818704
wsnp_Ex_c3670_6694480,chr5A,536305605,0.0966125466702439,0.184615384615385,195,0.995916515071236,-0.300761902660536
BS00021805_51,chr5A,536306153,0.856070503490927,0.148717948717949,195,0.995916515071236,-0.0410123839439489
BS00067676_51,chr5A,555910234,0.924932888325687,0.330769230769231,195,0.995916515071236,0.0147296073265126
BS00065292_51,chr5A,556701936,0.308892224512685,0.330769230769231,195,0.995916515071236,-0.239137740068827
RFL_Contig2031_2040,chr5A,560134598,0.709566001556292,0.425641025641026,195,0.995916515071236,-0.0651882250148148
BS00077858_51,chr5A,560556750,0.604858618023169,0.392307692307692,195,0.995916515071236,0.0863803430773888
BS00010179_51,chr5A,560558215,0.81604759451717,0.451282051282051,195,0.995916515071236,0.0333837604063429
RAC875_c23340_2243,chr5A,560787823,0.553052200413991,0.241025641025641,195,0.995916515071236,-0.108672504160799
Tdurum_contig71499_211,chr5A,571844070,0.432756681341367,0.161538461538462,195,0.995916515071236,-0.176523571019423
Ex_c4208_839,chr5A,574186123,0.313570648870742,0.374358974358974,195,0.995916515071236,0.207041619524578
Excalibur_c54774_408,chr5A,594527080,0.0187671520829602,0.412820512820513,195,0.995916515071236,0.553321253733454
Tdurum_contig50175_875,chr5A,595410894,0.241129188687342,0.364102564102564,195,0.995916515071236,0.211714339649443
RFL_Contig316_572,chr5A,596468536,0.7743807398937,0.207692307692308,195,0.995916515071236,0.0624383814723721
Ku_c21235_676,chr5A,619747127,0.924801822202794,0.328205128205128,195,0.995916515071236,0.0160342997251828
wsnp_Ex_c53426_56666788,chr5A,626963779,0.74879453143276,0.148717948717949,195,0.995916515071236,-0.0621514690025711
wsnp_Ex_c16715_25264080,chr5A,634713681,0.870058446518804,0.3,195,0.995916515071236,0.0282027871424653
BobWhite_c2830_327,chr5A,658205331,0.568725666646798,0.315384615384615,195,0.995916515071236,0.12647175592901
TA003720-0955,chr5A,658352121,0.582931931481696,0.11025641025641,195,0.995916515071236,0.138156137535026
CAP8_rep_c4852_130,chr5A,658544683,0.825431622963017,0.176923076923077,195,0.995916515071236,0.0506978959103908
BS00067351_51,chr5A,672599918,0.116638956234545,0.217948717948718,195,0.995916515071236,-0.300526809646799
CAP11_c2623_196,chr5A,678261079,0.347468946371287,0.446153846153846,195,0.995916515071236,-0.178773415696931
BobWhite_rep_c63332_67,chr5A,678938518,0.196587055879555,0.405128205128205,195,0.995916515071236,0.196216480852501
wsnp_Ra_c25624_35192195,chr5A,682249930,0.0366129247245627,0.402564102564103,195,0.995916515071236,-0.397052053889475
BobWhite_c6966_236,chr5A,684113579,0.956667244854917,0.0897435897435897,195,0.995916515071236,-0.0164424452579528
CAP12_c956_61,chr5A,685656275,0.0263286254205702,0.417948717948718,195,0.995916515071236,-0.445082046058623
wsnp_Ex_c3136_5798185,chr5A,686253587,0.0179767728730107,0.41025641025641,195,0.995916515071236,-0.456322401852905
BS00036851_51,chr5A,686258686,0.251662147153237,0.423076923076923,195,0.995916515071236,-0.217510222797138
tplb0029a15_1300,chr5A,686258843,0.138902950599135,0.471794871794872,195,0.995916515071236,-0.260800070702196
Ku_c19516_384,chr5A,688004183,0.115107601883747,0.0769230769230769,195,0.995916515071236,0.491737371454548
BS00023152_51,chr5A,688483685,0.349184314489182,0.0641025641025641,195,0.995916515071236,-0.322871581154514
BS00022864_51,chr5A,701425767,0.336669470648793,0.0307692307692308,195,0.995916515071236,-0.477332579751843
BS00034658_51,chr5B,473718,0.604444121426335,0.315384615384615,195,0.995916515071236,0.0788075992479431
IACX7443,chr5B,1565766,0.882597378422186,0.338461538461538,195,0.995916515071236,0.0251225089009299
wsnp_Ex_c214_422365,chr5B,44131996,0.143042700493777,0.0717948717948718,195,0.995916515071236,-0.393867108534056
Tdurum_contig81708_212,chr5B,45851978,0.832542759311745,0.0307692307692308,195,0.995916515071236,0.0926379958356005
BS00045447_51,chr5B,331676966,0.695005779859247,0.471794871794872,195,0.995916515071236,0.0720865510017177
BS00045446_51,chr5B,331676982,0.685926949151858,0.366666666666667,195,0.995916515071236,-0.0691230505918945
BS00023803_51|wsnp_Ex_c8985_14979134,chr5B,354891844,0.766078148625705,0.317948717948718,195,0.995916515071236,-0.0515755637434854
Kukri_c23070_350,chr5B,355139255,0.526046969881564,0.328205128205128,195,0.995916515071236,0.0932272329014427
TA008675-0589,chr5B,357771776,0.190014390912568,0.171794871794872,195,0.995916515071236,0.340435045635672
BS00002191_51,chr5B,359067842,0.597113622569731,0.448717948717949,195,0.995916515071236,0.104241378183929
RAC875_c42518_57,chr5B,359816371,0.986620990466007,0.325641025641026,195,0.997745773069475,-0.0032821949236066
wsnp_Ex_c6391_11109898,chr5B,359816662,0.305943897383591,0.341025641025641,195,0.995916515071236,-0.177319508923746
Kukri_c36789_230,chr5B,360466353,0.291000842492909,0.338461538461538,195,0.995916515071236,-0.168470024118474
wsnp_Ex_c2132_4006417,chr5B,360525728,0.421463108605675,0.164102564102564,195,0.995916515071236,0.154137983199357
wsnp_Ex_c2132_4004831,chr5B,360528244,0.694601246831673,0.482051282051282,195,0.995916515071236,0.0562828240347972
Kukri_c38365_158,chr5B,360535355,0.47088552052862,0.392307692307692,195,0.995916515071236,-0.116881953527955
BS00070771_51,chr5B,361040947,0.754730596475541,0.156410256410256,195,0.995916515071236,-0.0615290254184799
Ex_c5632_778,chr5B,361042376,0.00419327514347137,0.353846153846154,195,0.788991950902029,-0.459537339674917
wsnp_Ex_c5632_9904112,chr5B,361042777,0.0976700698526011,0.274358974358974,195,0.995916515071236,-0.28785706118386
Kukri_c17783_58,chr5B,361043921,0.473902925822771,0.292307692307692,195,0.995916515071236,-0.124832044747507
BS00022086_51,chr5B,361887298,0.198234295390496,0.333333333333333,195,0.995916515071236,-0.226225014695634
wsnp_Ku_c7199_12444840,chr5B,361887841,0.271217557390445,0.369230769230769,195,0.995916515071236,-0.178821719788703
RAC875_c47060_61,chr5B,361888806,0.917796045261868,0.169230769230769,195,0.995916515071236,0.0195341255569694
wsnp_Ex_c40022_47169752,chr5B,361901491,0.158851084875182,0.361538461538462,195,0.995916515071236,-0.272757358347295
wsnp_Ex_c40022_47169698,chr5B,361901545,0.259503227884558,0.243589743589744,195,0.995916515071236,0.185704278139389
Ex_c40022_873,chr5B,361902277,0.477112990433148,0.341025641025641,195,0.995916515071236,-0.118434046183896
IAAV3825,chr5B,362344561,0.906436750455616,0.317948717948718,195,0.995916515071236,0.021024057306235
CAP12_c1419_574,chr5B,367232787,0.851466718227535,0.312820512820513,195,0.995916515071236,0.0304370120414603
IAAV5873,chr5B,413547967,0.612772968662767,0.0974358974358974,195,0.995916515071236,0.135280254846483
Excalibur_rep_c110067_199,chr5B,464223005,0.235646968447249,0.0974358974358974,195,0.995916515071236,-0.304181816937044
Ku_c1083_1314,chr5B,479329184,0.685437758104793,0.0820512820512821,195,0.995916515071236,0.107694424559012
RFL_Contig658_1166,chr5B,480565937,0.904528436075023,0.282051282051282,195,0.995916515071236,0.0195782164800562
Excalibur_c10444_2056,chr5B,480797485,0.753678432990227,0.415384615384615,195,0.995916515071236,-0.0519608124258273
Kukri_rep_c103253_565,chr5B,482345599,0.231231492326784,0.379487179487179,195,0.995916515071236,-0.17675145093237
Excalibur_c44034_479,chr5B,508433475,0.0121501135446054,0.207692307692308,195,0.995916515071236,0.611449201717205
BobWhite_c9070_287,chr5B,515089459,0.743328172282838,0.0871794871794872,195,0.995916515071236,0.106531742927935
wsnp_Ex_c1314_2513802,chr5B,517063261,0.346095979360924,0.353846153846154,195,0.995916515071236,-0.154015088442902
Excalibur_c35011_203,chr5B,536861033,0.29756075268166,0.135897435897436,195,0.995916515071236,0.347904598858477
BobWhite_c47456_121,chr5B,536864108,0.296982229376428,0.0846153846153846,195,0.995916515071236,-0.340671271952214
Tdurum_contig67535_391,chr5B,537083150,0.113609797597182,0.215384615384615,195,0.995916515071236,-0.368936931016966
BS00017264_51,chr5B,550885636,0.591156511195483,0.0384615384615385,195,0.995916515071236,0.223470051819945
RAC875_c10139_336,chr5B,550954241,0.398897571698243,0.415384615384615,195,0.995916515071236,0.196900428636805
Excalibur_c33675_201,chr5B,551546734,0.991346039566102,0.207692307692308,195,0.997745773069475,0.0025583055795817
Excalibur_c29928_1264,chr5B,551657746,0.940847731679847,0.120512820512821,195,0.995916515071236,0.0167547862032595
Ku_c11429_519,chr5B,555007956,0.25499064411426,0.0692307692307692,195,0.995916515071236,-0.308558237952615
RAC875_c7011_435,chr5B,584376293,0.598399729613083,0.197435897435897,195,0.995916515071236,-0.129573439972527
RFL_Contig539_1789,chr5B,584793957,0.268240573516381,0.276923076923077,195,0.995916515071236,-0.189299413847788
BobWhite_c11495_120,chr5B,585291153,0.97116982142561,0.438461538461538,195,0.997745773069475,0.00612066845649295
BS00022673_51,chr5B,585345950,0.371740461648825,0.264102564102564,195,0.995916515071236,-0.163851197388068
Kukri_c59540_137,chr5B,587550927,0.80249003584323,0.169230769230769,195,0.995916515071236,-0.0468723573178451
wsnp_Ex_c11265_18216936,chr5B,588628753,0.57450578498298,0.0153846153846154,195,0.995916515071236,-0.347638281098572
Kukri_c6176_1400,chr5B,589773102,0.195603357896366,0.323076923076923,195,0.995916515071236,-0.215364988079729
Excalibur_rep_c106165_238,chr5B,592445656,0.123832961814201,0.228205128205128,195,0.995916515071236,-0.26599942105423
Ra_c2216_1449,chr5B,592446577,0.315032083198582,0.323076923076923,195,0.995916515071236,-0.156024222515832
Tdurum_contig10669_1535,chr5B,592493445,0.942418320920957,0.492307692307692,195,0.995916515071236,0.0133534224602236
BS00080495_51,chr5B,592950186,0.366856768077933,0.0871794871794872,195,0.995916515071236,-0.241115995986114
tplb0021e12_793,chr5B,593131916,0.109132399463614,0.179487179487179,195,0.995916515071236,0.29123294880695
tplb0021e12_768,chr5B,593131941,0.504557439548635,0.253846153846154,195,0.995916515071236,-0.134155229932164
BS00021735_51,chr5B,595269513,0.223919892892777,0.307692307692308,195,0.995916515071236,-0.205799326770897
wsnp_Ra_c47696_53184502,chr5B,595269762,0.606281174020318,0.233333333333333,195,0.995916515071236,-0.0924009885847958
BobWhite_rep_c50349_139,chr5B,596112681,0.173540589543206,0.205128205128205,195,0.995916515071236,-0.292583546875797
IACX5390,chr5B,596114112,0.32268431570533,0.174358974358974,195,0.995916515071236,-0.190253511576945
Tdurum_contig13773_321,chr5B,597202829,0.459314691115958,0.0461538461538462,195,0.995916515071236,-0.268474391327288
BS00026678_51,chr5B,598319581,0.998739390710973,0.0974358974358974,195,0.99964984827495,0.000467318502403558
BS00022065_51,chr5B,604865232,0.863462210348989,0.233333333333333,195,0.995916515071236,0.0336156439195161
Tdurum_contig43078_437,chr5B,605003201,0.875867764367527,0.405128205128205,195,0.995916515071236,0.0292904733661743
Tdurum_contig70554_1006,chr5B,605128793,0.540277171840631,0.2,195,0.995916515071236,-0.116610202222549
Tdurum_contig68741_839,chr5B,611698146,0.314235646354592,0.428205128205128,195,0.995916515071236,0.204645999587196
Kukri_c10508_438,chr5B,618183711,0.241213701362369,0.476923076923077,195,0.995916515071236,0.179658580240165
BobWhite_c22036_399,chr5B,618185783,0.0491991633744628,0.433333333333333,195,0.995916515071236,0.330106168277204
Tdurum_contig50731_961,chr5B,618774147,0.664501811018029,0.112820512820513,195,0.995916515071236,0.111881245594406
wsnp_Ku_c25613_35580381,chr5B,618891524,0.388978778803725,0.433333333333333,195,0.995916515071236,0.141296247972466
wsnp_Ex_c11070_17950604,chr5B,619349569,0.00577302139155506,0.143589743589744,195,0.845155773203667,0.54901274571974
wsnp_JD_c6562_7716133,chr5B,621039177,0.412297169567764,0.482051282051282,195,0.995916515071236,-0.131919934815667
BS00065029_51,chr5B,621040275,0.444582088901612,0.487179487179487,195,0.995916515071236,-0.122047911822591
Tdurum_contig82473_67,chr5B,621864049,0.598445633593296,0.479487179487179,195,0.995916515071236,-0.0876459668108005
Tdurum_contig51422_127,chr5B,622274830,0.994278198837712,0.151282051282051,195,0.997745773069475,-0.00182534717879257
Tdurum_contig94033_717,chr5B,623081019,0.229219156561581,0.0384615384615385,195,0.995916515071236,-0.481310185305485
BS00037104_51,chr5B,623426098,0.208962261669081,0.0307692307692308,195,0.995916515071236,-0.569504626247329
RAC875_rep_c91630_132,chr5B,623589269,0.913466651867201,0.246153846153846,195,0.995916515071236,-0.0218477669789312
wsnp_Ku_rep_c102339_89347150,chr5B,623952830,0.613948374933088,0.369230769230769,195,0.995916515071236,-0.0796303315480209
Tdurum_contig5017_1015,chr5B,634799117,0.357088411690643,0.456410256410256,195,0.995916515071236,0.131171504437569
Tdurum_contig27843_375,chr5B,635941324,0.775152723018035,0.253846153846154,195,0.995916515071236,0.0463928847562016
Tdurum_contig29090_280,chr5B,636022907,0.288385882368782,0.11025641025641,195,0.995916515071236,-0.299973015916986
Kukri_rep_c72756_155,chr5B,636023245,0.239957018200916,0.0435897435897436,195,0.995916515071236,-0.429268676621636
RAC875_rep_c109658_614,chr5B,636023548,0.127143415004094,0.374358974358974,195,0.995916515071236,0.307730082883221
RAC875_rep_c109658_382,chr5B,636023780,0.994126595320132,0.430769230769231,195,0.997745773069475,-0.00105630232442522
RAC875_c48052_127,chr5B,636023819,0.800324174314515,0.412820512820513,195,0.995916515071236,-0.0409334584932246
Excalibur_c1925_2569,chr5B,636028611,0.903788543779992,0.469230769230769,195,0.995916515071236,0.0188653368829179
wsnp_Ra_c12489_19996904,chr5B,636043554,0.637225150365638,0.47948717948718,195,0.995916515071236,0.0705180507756324
Kukri_c4096_220,chr5B,657268199,0.226870777537341,0.382051282051282,195,0.995916515071236,0.204511126669367
wsnp_Ku_c1045_2115866,chr5B,660297335,0.545688044913124,0.415384615384615,195,0.995916515071236,0.0933495337178663
Tdurum_contig35470_227,chr5B,660870053,0.763955850888934,0.264102564102564,195,0.995916515071236,-0.0550430700880273
Excalibur_c45488_148|wsnp_Ex_c11951_19164786,chr5B,664566617,0.309414189647891,0.294871794871795,195,0.995916515071236,-0.185441400959816
Tdurum_contig8210_317,chr5B,665696229,0.0754544022124109,0.405128205128205,195,0.995916515071236,-0.3035943572136
BS00062618_51,chr5B,674914454,0.0704494564307482,0.435897435897436,195,0.995916515071236,-0.302168332213373
RAC875_c13208_684,chr5B,676679683,0.856305137349677,0.379487179487179,195,0.995916515071236,-0.0447914504000693
BS00069416_51,chr5B,681763131,0.751028804832659,0.407692307692308,195,0.995916515071236,0.0916232892193634
Excalibur_c6785_155,chr5B,687835981,0.295928028352157,0.146153846153846,195,0.995916515071236,-0.283417694958043
RFL_Contig5616_1779,chr5B,689325399,0.491164926578161,0.117948717948718,195,0.995916515071236,0.175244178203423
Excalibur_c2618_1723,chr5B,690479072,0.538398215408791,0.297435897435897,195,0.995916515071236,0.098072112727305
BS00031338_51,chr5B,690681816,0.630799402585905,0.0846153846153846,195,0.995916515071236,-0.124516681443798
BS00031339_51,chr5B,690681819,0.0241732973295021,0.441025641025641,195,0.995916515071236,-0.329949671430716
Excalibur_c23801_115,chr5B,693423394,0.336245929567309,0.0743589743589744,195,0.995916515071236,0.276504199903227
Kukri_c18410_409,chr5B,695863508,0.705380942946066,0.0923076923076923,195,0.995916515071236,-0.106744061571883
Excalibur_c146_170,chr5B,695866220,0.717423356253081,0.379487179487179,195,0.995916515071236,-0.0787557493909858
RFL_Contig3285_1009,chr5B,697225030,0.865658078430269,0.274358974358974,195,0.995916515071236,-0.0315601311854437
BobWhite_c3488_386,chr5B,697225666,0.0728698321379444,0.0538461538461538,195,0.995916515071236,-0.600581031582383
RAC875_c79095_311,chr5B,697237337,0.491375031002588,0.0769230769230769,195,0.995916515071236,0.200495655822259
Excalibur_c34579_263,chr5B,698719268,0.36242063965033,0.312820512820513,195,0.995916515071236,0.134066467231653
RAC875_rep_c106589_650,chr5B,703925182,0.144588209889524,0.0794871794871795,195,0.995916515071236,0.408939416115734
BobWhite_rep_c49751_629,chr5B,703927108,0.257686338266014,0.123076923076923,195,0.995916515071236,0.311481253605233
Tdurum_contig92922_58,chr5B,703927864,0.227308418773391,0.151282051282051,195,0.995916515071236,0.246664727238842
Excalibur_rep_c106082_272,chr5B,704447399,0.641180859397684,0.130769230769231,195,0.995916515071236,-0.129702437064278
Tdurum_contig43552_666,chr5B,709702508,0.356571475736493,0.138461538461538,195,0.995916515071236,0.198566470779273
Excalibur_c19267_919,chr5D,47392052,0.74806276926034,0.443589743589744,195,0.995916515071236,0.0583908752346769
RAC875_c44064_222,chr5D,47833988,0.343387701461516,0.28974358974359,195,0.995916515071236,-0.166093611970124
RAC875_rep_c117371_229,chr5D,47865033,0.704886156945593,0.264102564102564,195,0.995916515071236,-0.0708190345888315
Excalibur_c4964_275,chr5D,47905988,0.707688738757514,0.4,195,0.995916515071236,0.0611888289863991
Excalibur_c37393_75,chr5D,48034868,0.894606465656017,0.292307692307692,195,0.995916515071236,0.024479228548163
D_GBF1XID01A16U2_148,chr5D,48284437,0.662026967499757,0.31025641025641,195,0.995916515071236,0.0749121769406464
BobWhite_c836_422,chr5D,48382226,0.862237905520228,0.258974358974359,195,0.995916515071236,-0.0310874273926078
Kukri_c20991_1642,chr5D,49030455,0.468587278750064,0.307692307692308,195,0.995916515071236,-0.119573042915798
BobWhite_c1372_133,chr5D,79000474,0.246290157262688,0.466666666666667,195,0.995916515071236,-0.209584304143505
RAC875_c51455_182,chr5D,83067414,0.36909449441193,0.294871794871795,195,0.995916515071236,0.158217759445211
BobWhite_c7263_337,chr5D,389145327,0.0237142336409963,0.133333333333333,195,0.995916515071236,0.556474747357191
Kukri_c15380_902,chr5D,449241634,0.17323582418212,0.117948717948718,195,0.995916515071236,0.327540575242192
Kukri_c52028_104,chr5D,449246885,0.717814602527338,0.123076923076923,195,0.995916515071236,0.0979548663037768
BS00067651_51,chr5D,526369070,0.0190245197852626,0.158974358974359,195,0.995916515071236,0.486177901709747
BS00022699_51,chr5D,536839579,0.375019028477534,0.174358974358974,195,0.995916515071236,0.203272520044424
wsnp_Ku_c44483_51751682,chr5D,545209817,0.964054429626323,0.28974358974359,195,0.995916515071236,-0.00900683124945445
D_GB5Y7FA02JRQ1I_101,chr5D,545275332,0.0300789494815273,0.266666666666667,195,0.995916515071236,-0.374151605084469
Excalibur_rep_c109856_92,chr5D,545569446,0.960976737626724,0.251282051282051,195,0.995916515071236,-0.00789864841237709
wsnp_Ku_c10877_17896883,chr5D,545604103,0.642017568344685,0.135897435897436,195,0.995916515071236,0.110200398521277
wsnp_Ex_c23618_32855041,chr5D,547984486,0.138068086292571,0.151282051282051,195,0.995916515071236,0.340108741893935
BobWhite_c13030_406,chr5D,548813910,0.413064098245427,0.125641025641026,195,0.995916515071236,-0.215578910018968
tplb0030a05_2386,chr5D,549987853,0.512083059146098,0.258974358974359,195,0.995916515071236,-0.128993347820439
Excalibur_c1289_927,chr5D,549987983,0.722065353308242,0.207692307692308,195,0.995916515071236,-0.0907671227334959
JD_c825_1450,chr5D,549988825,0.0411545362337919,0.182051282051282,195,0.995916515071236,0.450056375121207
CAP7_c756_531,chr5D,550021324,0.595393888145036,0.341025641025641,195,0.995916515071236,-0.110076844571381
BS00079676_51,chr5D,551738077,0.843118807078573,0.312820512820513,195,0.995916515071236,0.0404456189161166
RAC875_c13169_459,chr5D,551738684,0.316471705598571,0.197435897435897,195,0.995916515071236,0.20884546795315
wsnp_JD_c4438_5568170,chr5D,551781233,0.623250104184986,0.282051282051282,195,0.995916515071236,0.0834284226660031
wsnp_JD_c4438_5567972,chr5D,551781431,0.419302144720087,0.261538461538462,195,0.995916515071236,-0.161419978703941
wsnp_JD_c4438_5567834,chr5D,551781569,0.741322916603646,0.333333333333333,195,0.995916515071236,0.0629302720380256
Kukri_c24695_273,chr5D,551867050,0.762805820899833,0.21025641025641,195,0.995916515071236,0.0698442283806635
Excalibur_c28592_377,chr5D,551967239,0.972452382667291,0.164102564102564,195,0.997745773069475,0.00715738653138764
Excalibur_c2795_1518,chr5D,551978729,0.39579767788949,0.125641025641026,195,0.995916515071236,0.224757394123905
BS00022036_51,chr5D,552346597,0.746220697059317,0.320512820512821,195,0.995916515071236,0.0613585364929872
wsnp_Ex_c17928_26697183,chr5D,553003074,0.965698221299094,0.238461538461538,195,0.995916515071236,-0.00934085512944982
wsnp_Ku_c3022_5674299,chr5D,553003948,0.421910463234916,0.338461538461538,195,0.995916515071236,-0.134595927883835
BobWhite_c16578_171,chr5D,553257760,0.439253647893177,0.169230769230769,195,0.995916515071236,-0.153646257646043
RAC875_c50750_234,chr5D,553260475,0.912279023288188,0.207692307692308,195,0.995916515071236,-0.0192154669777604
Excalibur_rep_c104791_725|wsnp_Ku_c5228_9318604,chr5D,553274247,0.253813630739094,0.21025641025641,195,0.995916515071236,-0.201513103335929
D_GCE8AKX02IXEFJ_281,chr5D,553624145,0.162510600153311,0.105128205128205,195,0.995916515071236,-0.421676767683341
Excalibur_c50584_358,chr5D,554264007,0.974540947654898,0.166666666666667,195,0.997745773069475,-0.00658153686887353
RAC875_c31971_336,chr5D,554540351,0.945628200816193,0.284615384615385,195,0.995916515071236,0.012305140137185
wsnp_Ra_c40111_47657505,chr5D,555172657,0.407181669993673,0.112820512820513,195,0.995916515071236,0.222412655067693
wsnp_Ku_rep_c101796_88894110,chr5D,555173572,0.813156977467441,0.351282051282051,195,0.995916515071236,0.0383444421474053
BS00009287_51,chr5D,555174959,0.479845749330336,0.0282051282051282,195,0.995916515071236,0.375804267636097
BS00084133_51,chr5D,555175675,0.548644549348114,0.0153846153846154,195,0.995916515071236,-0.388076966871859
BS00022267_51,chr5D,555190420,0.402029906041319,0.0435897435897436,195,0.995916515071236,0.338426142940911
BS00074353_51,chr5D,555565394,0.204969616651189,0.0487179487179487,195,0.995916515071236,0.480236814734916
BS00075368_51,chr5D,555586190,0.557589315220332,0.0461538461538462,195,0.995916515071236,0.22054079504558
BS00025017_51,chr5D,555697773,0.487038425864801,0.0512820512820513,195,0.995916515071236,0.25309786610458
RAC875_c3672_705,chr5D,557354151,0.601926270348737,0.156410256410256,195,0.995916515071236,-0.132119747076429
D_contig27392_286|Kukri_c6412_124,chr5D,557425850,0.899341413905329,0.0512820512820513,195,0.995916515071236,0.0408647033940204
GENE-2281_931,chr5D,558361985,0.982293103147636,0.258974358974359,195,0.997745773069475,0.00518158235043842
RAC875_c93365_200,chr5D,562060883,0.895254610193964,0.356410256410256,195,0.995916515071236,-0.0208961004993196
BS00011935_51,chr5D,562252120,0.397014502919997,0.379487179487179,195,0.995916515071236,0.180104994847287
BS00094333_51,chr5D,562252514,0.88903287068712,0.366666666666667,195,0.995916515071236,-0.0291859367566829
D_GDS7LZN02F4FP5_176,chr5D,562289685,0.889174158249622,0.446153846153846,195,0.995916515071236,0.0255478089884136
BS00010322_51,chr5D,562558071,0.29542650857886,0.0564102564102564,195,0.995916515071236,-0.343957920005534
tplb0031c19_924,chr5D,562593253,0.773942565949199,0.364102564102564,195,0.995916515071236,-0.0546520685695029
RAC875_c8100_245,chr5D,562835131,0.984797523714689,0.417948717948718,195,0.997745773069475,-0.00362616662588167
wsnp_Ex_c11055_17928283,chr5D,564030767,0.765405010425787,0.0666666666666667,195,0.995916515071236,0.100717748122934
wsnp_Ex_c11055_17927692,chr5D,564031713,0.332571679669742,0.0717948717948718,195,0.995916515071236,-0.295150121062255
BS00070751_51,chr5D,564411054,0.547013306621529,0.451282051282051,195,0.995916515071236,0.110196970327348
BS00021991_51,chr5D,564416759,0.465244140626099,0.348717948717949,195,0.995916515071236,0.156158925205212
BS00085191_51,chr5D,564417082,0.857869636684528,0.358974358974359,195,0.995916515071236,0.0367544992061575
BobWhite_c47158_89,chr5D,564444102,0.794003040093297,0.353846153846154,195,0.995916515071236,-0.0552884825632596
wsnp_Ex_c6657_11523455,chr5D,564972428,0.639998505785286,0.323076923076923,195,0.995916515071236,0.0835093544249474
RAC875_c3988_3479,chr5D,565042995,0.569547018515318,0.174358974358974,195,0.995916515071236,0.11361675845102
Excalibur_c33062_305,chr5D,565149017,0.115310262791034,0.158974358974359,195,0.995916515071236,0.311591853219965
Excalibur_c19430_1066,chr6A,853287,0.34388505511281,0.366666666666667,195,0.995916515071236,0.210349598171256
RAC875_c13610_822,chr6A,856118,0.803903216075302,0.0641025641025641,195,0.995916515071236,-0.073601386613948
Kukri_c7146_870,chr6A,1179961,0.821184970159432,0.433333333333333,195,0.995916515071236,0.0352895625015961
Kukri_c8500_728,chr6A,1371862,0.672049806251011,0.474358974358974,195,0.995916515071236,-0.0631152712927445
Tdurum_contig44853_1083,chr6A,1381461,0.669015993156572,0.233333333333333,195,0.995916515071236,-0.076403135629926
RAC875_c6135_95,chr6A,3392250,0.487159087052966,0.0820512820512821,195,0.995916515071236,-0.18496678880328
BobWhite_rep_c52979_181,chr6A,5330053,0.398188701492361,0.420512820512821,195,0.995916515071236,-0.122454562527125
Excalibur_c431_1130,chr6A,6284330,0.441830799627949,0.356410256410256,195,0.995916515071236,-0.124837819615722
Tdurum_contig12045_868,chr6A,6284606,0.824852938223446,0.230769230769231,195,0.995916515071236,0.0445724462167814
wsnp_Ex_c431_848217,chr6A,6284933,0.69502179853753,0.215384615384615,195,0.995916515071236,-0.0862237893925677
TA005787-0140,chr6A,6305743,0.142223894737192,0.328205128205128,195,0.995916515071236,0.244524986389644
RFL_Contig5170_330,chr6A,7488477,0.424550574842103,0.441025641025641,195,0.995916515071236,0.166299544652048
Kukri_c3009_1374,chr6A,7492582,0.409886906091439,0.28974358974359,195,0.995916515071236,0.188742983118548
IAAV9150,chr6A,7492910,0.547959435467219,0.279487179487179,195,0.995916515071236,0.112864624586484
BobWhite_c13779_636,chr6A,10477021,0.520083887051781,0.353846153846154,195,0.995916515071236,0.131887897594957
wsnp_Ex_c9779_16145653,chr6A,10757488,0.231783086161655,0.392307692307692,195,0.995916515071236,-0.190804751216691
Kukri_c21443_482,chr6A,14518123,0.113610041810764,0.456410256410256,195,0.995916515071236,0.261998681272132
Excalibur_c8197_381,chr6A,19116006,0.743417865433803,0.0871794871794872,195,0.995916515071236,-0.0867724176671016
RAC875_c45444_883,chr6A,21672758,0.952106958398442,0.0897435897435897,195,0.995916515071236,-0.0184637344809868
Tdurum_contig9544_2233,chr6A,31858297,0.843665428347307,0.279487179487179,195,0.995916515071236,-0.0366326286117022
TA001668-0792,chr6A,32055395,0.627769288623414,0.246153846153846,195,0.995916515071236,0.0794738019575973
BS00076530_51,chr6A,32106332,0.487208592882337,0.397435897435897,195,0.995916515071236,-0.123206889277798
BS00063990_51,chr6A,47790264,0.858881852243039,0.366666666666667,195,0.995916515071236,-0.0397312418789433
wsnp_Ex_c15378_23639387,chr6A,48436676,0.594407584547764,0.417948717948718,195,0.995916515071236,0.0808364948674143
Tdurum_contig17126_1477,chr6A,59543545,0.9217072095603,0.394871794871795,195,0.995916515071236,-0.0182502157128503
BobWhite_c18017_209,chr6A,60193545,0.362493390507329,0.405128205128205,195,0.995916515071236,-0.268104744293836
IAAV2681,chr6A,72679186,0.194944933714104,0.21025641025641,195,0.995916515071236,0.318924164639313
Ra_c28284_223,chr6A,76531998,0.0404334968794696,0.325641025641026,195,0.995916515071236,0.391022724829108
Kukri_c14418_2376,chr6A,518727439,0.164498842401653,0.0205128205128205,195,0.995916515071236,0.767817319977188
wsnp_Ku_c4296_7807837,chr6A,520757834,0.082147814266018,0.358974358974359,195,0.995916515071236,0.340960746429023
wsnp_JD_c10969_11530496,chr6A,520918877,0.800364386712842,0.494871794871795,195,0.995916515071236,0.0482932769421502
wsnp_JD_c3839_4902725,chr6A,520965138,0.0231639739073532,0.156410256410256,195,0.995916515071236,0.654531571129016
RAC875_c7560_398,chr6A,522646901,0.558148838010704,0.153846153846154,195,0.995916515071236,0.168494013475151
wsnp_Ex_c8741_14630167,chr6A,522657633,0.0954114930312692,0.307692307692308,195,0.995916515071236,0.36109081904387
wsnp_JD_rep_c48797_33040150,chr6A,522657674,0.645970149415084,0.184615384615385,195,0.995916515071236,0.116934024197086
BS00063215_51,chr6A,524104335,0.882349153037482,0.312820512820513,195,0.995916515071236,0.0231950869988928
IAAV5035|wsnp_CAP12_c1226_628910,chr6A,524873532,0.887082871831999,0.21025641025641,195,0.995916515071236,0.0338736590689663
BS00065633_51,chr6A,526232270,0.116561995566981,0.497435897435897,195,0.995916515071236,0.311842333112679
BS00074754_51,chr6A,528369319,0.0772705175128405,0.353846153846154,195,0.995916515071236,0.321928796511552
BS00037223_51,chr6A,528565875,0.748671141722513,0.351282051282051,195,0.995916515071236,0.0639688451476665
Ku_c18430_1287,chr6A,529666950,0.667648920712602,0.307692307692308,195,0.995916515071236,0.087600872318335
RAC875_c691_1486,chr6A,530666612,0.33468908698822,0.323076923076923,195,0.995916515071236,0.20170722241344
BS00010780_51,chr6A,530669193,0.225028915601253,0.356410256410256,195,0.995916515071236,0.238915693382431
Kukri_c19612_514,chr6A,530784353,0.309292650620983,0.343589743589744,195,0.995916515071236,0.186201018205155
BS00028263_51,chr6A,532025818,0.862603862331068,0.343589743589744,195,0.995916515071236,-0.034573117445257
BS00087447_51,chr6A,532779860,0.12519965406124,0.353846153846154,195,0.995916515071236,0.259706155399664
wsnp_BE490147A_Ta_2_1,chr6A,539626421,0.16578868292684,0.0641025641025641,195,0.995916515071236,0.421532605740979
CAP8_rep_c9395_153,chr6A,540211451,0.0752097393112177,0.0615384615384615,195,0.995916515071236,0.543292355085149
wsnp_Ex_rep_c86110_78630016,chr6A,546248727,0.329406663971486,0.0974358974358974,195,0.995916515071236,0.230027878058643
BS00072216_51,chr6A,549119737,0.912443179909461,0.0307692307692308,195,0.995916515071236,0.0484425725699156
Kukri_c19802_710,chr6A,552338674,0.842953124823552,0.241025641025641,195,0.995916515071236,-0.0498474299017673
wsnp_RFL_Contig3136_3092151,chr6A,561390593,0.296037172723464,0.266666666666667,195,0.995916515071236,-0.24080452719471
wsnp_BE495143A_Ta_2_2,chr6A,578284241,0.186447537459307,0.171794871794872,195,0.995916515071236,0.271463895897803
BS00062781_51,chr6A,578284926,0.554857000725944,0.176923076923077,195,0.995916515071236,0.114945396235354
Excalibur_c10372_1256,chr6A,583458047,0.106295536454642,0.0538461538461538,195,0.995916515071236,0.524475045821029
Tdurum_contig29357_338,chr6A,592907982,0.0133820038815593,0.217948717948718,195,0.995916515071236,0.475616862693402
wsnp_Ex_c20457_29526403,chr6A,594560074,0.030038678812374,0.233333333333333,195,0.995916515071236,0.392209744487568
wsnp_Ex_c20457_29526260,chr6A,594560217,0.00265086184712192,0.169230769230769,195,0.788991950902029,0.56656107086038
RFL_Contig1715_631,chr6A,595459929,0.0196876177153803,0.251282051282051,195,0.995916515071236,0.432867458522344
RFL_Contig6053_3082,chr6A,596082476,0.0437838313432708,0.0871794871794872,195,0.995916515071236,0.61354447858912
Tdurum_contig46670_1680,chr6A,597608897,0.401945592057357,0.0282051282051282,195,0.995916515071236,0.458288702000143
RAC875_c1998_2067,chr6A,597610510,0.524677950814455,0.0820512820512821,195,0.995916515071236,0.163409049700522
Tdurum_contig33799_172,chr6A,599763478,0.061375370632746,0.320512820512821,195,0.995916515071236,0.300130790832378
wsnp_Ra_c11651_18855691,chr6A,602037120,0.531340197813985,0.279487179487179,195,0.995916515071236,0.109335365476401
RAC875_c15525_271,chr6A,603916407,0.594829232980582,0.315384615384615,195,0.995916515071236,-0.0935218889430232
Excalibur_c25390_2483,chr6A,604252528,0.285620311427639,0.469230769230769,195,0.995916515071236,-0.147233259849722
RAC875_c38488_164,chr6A,604394245,0.924035394929305,0.184615384615385,195,0.995916515071236,0.0195318470911801
Tdurum_contig30953_142,chr6A,604395580,0.782241808317194,0.182051282051282,195,0.995916515071236,-0.0575984773237508
Excalibur_c79991_552,chr6A,606064043,0.679308165201554,0.476923076923077,195,0.995916515071236,0.0600826018122209
D_GDEEGVY02GMZ4L_337,chr6A,606943130,0.947601273875481,0.453846153846154,195,0.995916515071236,-0.0098221308698534
RFL_Contig5262_1500,chr6A,608640995,0.252063057575901,0.28974358974359,195,0.995916515071236,0.182892958508682
BS00034337_51,chr6A,609188436,0.741174655923877,0.307692307692308,195,0.995916515071236,0.0509898427614619
BobWhite_c10832_1131,chr6A,609602209,0.474411971806765,0.371794871794872,195,0.995916515071236,0.126688896903257
Tdurum_contig83087_104,chr6A,610598464,0.460485385318848,0.197435897435897,195,0.995916515071236,0.14026239318687
Kukri_rep_c70558_246,chr6A,614102014,0.798794269219007,0.425641025641026,195,0.995916515071236,-0.0361867300961407
tplb0050d17_1401,chr6A,614416275,0.931705614613526,0.0769230769230769,195,0.995916515071236,0.021913235540989
BobWhite_c27364_124,chr6A,614732976,0.664216164644126,0.215384615384615,195,0.995916515071236,-0.0950678524458972
Kukri_c494_1479,chr6A,616792479,0.110479765642669,0.297435897435897,195,0.995916515071236,0.244634791209219
Excalibur_c5082_158,chr6A,619345299,0.881312258509835,0.469230769230769,195,0.995916515071236,-0.020687364740132
IAAV1761,chr6B,4340062,0.557748353367954,0.143589743589744,195,0.995916515071236,-0.118551132197736
Tdurum_contig61178_618,chr6B,4557815,0.475760541711507,0.158974358974359,195,0.995916515071236,0.181754583629253
RFL_Contig2424_2617,chr6B,5579542,0.837053858952304,0.182051282051282,195,0.995916515071236,0.0376315114817727
Kukri_c21405_2131,chr6B,5581925,0.143963209938865,0.287179487179487,195,0.995916515071236,0.226729370037642
Ex_c16090_1439,chr6B,7226097,0.0759405522618477,0.0717948717948718,195,0.995916515071236,0.514745521526551
Tdurum_contig32779_217,chr6B,9654099,0.52179106482841,0.0948717948717949,195,0.995916515071236,-0.162103069354791
RFL_Contig3110_2172,chr6B,17158086,0.640741647736353,0.428205128205128,195,0.995916515071236,0.0816241451767628
Excalibur_c50559_622,chr6B,17275679,0.957268625524204,0.169230769230769,195,0.995916515071236,-0.0155009174617984
wsnp_Ex_c702_1383612,chr6B,21203244,0.496685764846666,0.415384615384615,195,0.995916515071236,0.117684590229208
Kukri_rep_c104879_103,chr6B,40166798,0.0352869282617299,0.0846153846153846,195,0.995916515071236,0.55829393602006
Tdurum_contig9612_971,chr6B,40407602,0.808119758049842,0.412820512820513,195,0.995916515071236,0.0400820552619816
RAC875_c92963_773,chr6B,41395152,0.939347984901241,0.133333333333333,195,0.995916515071236,0.0200582283799706
Excalibur_rep_c76289_85,chr6B,41657316,0.541579433239075,0.0461538461538462,195,0.995916515071236,0.214511164436167
RAC875_c26450_575,chr6B,41657660,0.417804605115502,0.120512820512821,195,0.995916515071236,0.176667989672766
BS00100307_51,chr6B,41872065,0.33489291339933,0.287179487179487,195,0.995916515071236,0.151932034402416
BS00090070_51,chr6B,41931523,0.311454832138282,0.0820512820512821,195,0.995916515071236,-0.276880792192886
Kukri_c35255_1234,chr6B,41947726,0.573335329010395,0.323076923076923,195,0.995916515071236,-0.0823652739494829
Tdurum_contig43092_876,chr6B,41948125,0.0742808840722157,0.223076923076923,195,0.995916515071236,0.325806797359021
Kukri_rep_c103613_253,chr6B,41949545,0.291291413397391,0.179487179487179,195,0.995916515071236,0.19638841272337
Kukri_c61725_362,chr6B,42487282,0.0971728056693756,0.261538461538462,195,0.995916515071236,-0.258834665806807
RAC875_c13920_836,chr6B,42779478,0.987570304109028,0.330769230769231,195,0.997745773069475,0.00252821683358739
IACX6023,chr6B,43274391,0.882318991579777,0.169230769230769,195,0.995916515071236,0.0385903751538166
Tdurum_contig61150_752,chr6B,61999322,0.921046022439393,0.120512820512821,195,0.995916515071236,0.0230282358426734
Tdurum_contig58200_210,chr6B,91788342,0.53543257203321,0.464102564102564,195,0.995916515071236,0.106205324563096
Tdurum_contig13901_55,chr6B,91911452,0.994922496971373,0.292307692307692,195,0.997745773069475,0.00099807538491703
wsnp_Ex_c7907_13427724,chr6B,121827975,0.821590706122824,0.156410256410256,195,0.995916515071236,-0.0644723087951995
wsnp_Ex_c12577_20022294,chr6B,134856731,0.667417964157348,0.184615384615385,195,0.995916515071236,0.0960814465254956
Tdurum_contig41980_2722,chr6B,140447863,0.894341914753467,0.369230769230769,195,0.995916515071236,-0.0224928823964845
Tdurum_contig41980_1727,chr6B,140449098,0.588952817527953,0.38974358974359,195,0.995916515071236,0.0854758006688261
Tdurum_contig41980_619,chr6B,140450206,0.421876753774382,0.323076923076923,195,0.995916515071236,0.136333285208059
BS00003214_51,chr6B,146559912,0.309761049390565,0.238461538461538,195,0.995916515071236,0.182739575493981
Tdurum_contig6121_947,chr6B,159494753,0.0626629499383262,0.0692307692307692,195,0.995916515071236,-0.544594034328547
CAP8_c1678_709,chr6B,163564152,0.112188491844033,0.287179487179487,195,0.995916515071236,0.282487574697218
BobWhite_c47659_100,chr6B,168506828,0.696928344455801,0.1,195,0.995916515071236,0.107223825185004
RAC875_c81264_124,chr6B,175045985,0.370273303207922,0.407692307692308,195,0.995916515071236,0.14437241649447
BobWhite_c10140_297,chr6B,176030131,0.529451405970905,0.123076923076923,195,0.995916515071236,0.156326493576087
wsnp_Ra_c57648_59682822,chr6B,185173497,0.902986627724806,0.112820512820513,195,0.995916515071236,-0.0306189789446076
wsnp_CAP8_c1530_885118,chr6B,189339270,0.608306659165359,0.374358974358974,195,0.995916515071236,-0.0833816528684768
Kukri_rep_c69660_52,chr6B,189876876,0.956588663255455,0.279487179487179,195,0.995916515071236,0.00934632643962452
BS00058305_51,chr6B,206629051,0.864486424207244,0.0871794871794872,195,0.995916515071236,0.0463498968001614
Ra_c17795_425,chr6B,206630635,0.806575336139253,0.312820512820513,195,0.995916515071236,-0.0413886746912802
BobWhite_c17750_568,chr6B,211707872,0.907791718277251,0.315384615384615,195,0.995916515071236,0.0194605925904447
Kukri_c66543_712,chr6B,228095587,0.0207153882627206,0.358974358974359,195,0.995916515071236,0.46108087741273
Excalibur_c28771_400,chr6B,232184408,0.806011175206707,0.107692307692308,195,0.995916515071236,0.0547401759922419
BobWhite_c10852_309,chr6B,235052954,0.0785128188386921,0.294871794871795,195,0.995916515071236,0.285257410762798
Kukri_c44940_117,chr6B,273623097,0.734418235795326,0.105128205128205,195,0.995916515071236,0.0874087989640113
RAC875_c7110_2706,chr6B,277610928,0.364540466446226,0.123076923076923,195,0.995916515071236,-0.227237910641319
D_GBB4FNX01BO9N8_336,chr6B,284509623,0.496908489697115,0.138461538461538,195,0.995916515071236,-0.157225582059079
BS00026203_51,chr6B,305885219,0.929298349411833,0.105128205128205,195,0.995916515071236,-0.0203452338750152
wsnp_Ex_c16446_24946990,chr6B,318373853,0.282904307457601,0.0923076923076923,195,0.995916515071236,0.300337855911692
Excalibur_c7823_397,chr6B,323148501,0.236475991670375,0.130769230769231,195,0.995916515071236,0.300404642083546
Ku_c47744_1073,chr6B,425174896,0.827813025622009,0.284615384615385,195,0.995916515071236,-0.0432639120309055
BobWhite_c11301_226,chr6B,447219599,0.766674015551307,0.351282051282051,195,0.995916515071236,-0.0518607165655389
Ex_c1145_552,chr6B,456101999,0.83992006438797,0.294871794871795,195,0.995916515071236,0.0389440372808689
RAC875_c64560_111,chr6B,456103535,0.0500488036199669,0.238461538461538,195,0.995916515071236,-0.448991905182133
BS00067073_51,chr6B,459086682,0.806469264890933,0.141025641025641,195,0.995916515071236,-0.0547991407547528
BS00073906_51,chr6B,472040473,0.29307811846151,0.120512820512821,195,0.995916515071236,-0.271701618429502
RAC875_c6431_1012,chr6B,487244663,0.98180690252479,0.123076923076923,195,0.997745773069475,0.0059980314856336
wsnp_BE591931B_Ta_2_2,chr6B,529149473,0.707291092993634,0.169230769230769,195,0.995916515071236,0.0959603719075286
wsnp_JD_c34368_25929293,chr6B,553778886,0.320918629357782,0.192307692307692,195,0.995916515071236,-0.188683812295643
Tdurum_contig44173_792,chr6B,560781552,0.999481534904494,0.0846153846153846,195,0.99964984827495,0.000190334236199519
RFL_Contig4251_851,chr6B,602793525,0.440724368292865,0.0769230769230769,195,0.995916515071236,-0.21377133265535
RAC875_c13216_111,chr6B,630446803,0.62856655567825,0.376923076923077,195,0.995916515071236,-0.100479744624856
Tdurum_contig76997_244,chr6B,630755690,0.663723722349273,0.302564102564103,195,0.995916515071236,0.0767294476905249
Tdurum_contig76997_462,chr6B,630755908,0.933169384997677,0.356410256410256,195,0.995916515071236,0.0140684038526349
BS00023050_51|Tdurum_contig76997_664,chr6B,630756109,0.540539628758387,0.323076923076923,195,0.995916515071236,0.116373080359001
BS00022599_51,chr6B,632282933,0.0165755800437294,0.376923076923077,195,0.995916515071236,-0.369199167236937
Kukri_rep_c68504_1403,chr6B,635965377,0.341475101530023,0.220512820512821,195,0.995916515071236,-0.172409225628876
BobWhite_rep_c53133_385,chr6B,647372358,0.921438058998499,0.202564102564103,195,0.995916515071236,0.018758501872858
CAP7_rep_c12929_169,chr6B,650812725,0.11057114652238,0.438461538461538,195,0.995916515071236,0.275468680560854
Tdurum_contig53779_1074,chr6B,652161389,0.438708198369001,0.469230769230769,195,0.995916515071236,0.129957264891596
wsnp_BE637911B_Ta_2_2,chr6B,652162564,0.994417415733316,0.379487179487179,195,0.997745773069475,0.00106356673491703
wsnp_BE637911B_Ta_2_1,chr6B,652162812,0.312604733418392,0.484615384615385,195,0.995916515071236,0.160830990691682
BS00063217_51,chr6B,652871833,0.434543905270763,0.317948717948718,195,0.995916515071236,0.137399433751655
BS00068506_51,chr6B,652977737,0.773076507829716,0.453846153846154,195,0.995916515071236,0.0503711932582451
GENE-4093_178,chr6B,653046902,0.690051358540564,0.182051282051282,195,0.995916515071236,-0.0825955959263105
Tdurum_contig17421_310,chr6B,667436427,0.116709319959944,0.279487179487179,195,0.995916515071236,-0.272598233792001
Excalibur_rep_c110824_66,chr6B,667437484,0.734924014808003,0.415384615384615,195,0.995916515071236,0.0611405827811922
BS00023080_51,chr6B,667547478,0.659434177122038,0.287179487179487,195,0.995916515071236,-0.0753684131201258
BS00109717_51,chr6B,667550423,0.608881205224256,0.428205128205128,195,0.995916515071236,0.0866852384890748
Kukri_c16404_100,chr6B,668281604,0.270905572936602,0.446153846153846,195,0.995916515071236,-0.162978085146641
BS00041633_51,chr6B,669292378,0.685721076430707,0.474358974358974,195,0.995916515071236,0.0684287610490131
Kukri_c85856_60,chr6B,680423612,0.804388550933834,0.220512820512821,195,0.995916515071236,-0.0599145276096031
Kukri_c20590_210,chr6B,685151594,0.285321872274359,0.133333333333333,195,0.995916515071236,0.254232573397366
BobWhite_c27559_270,chr6B,685244445,0.269345335636755,0.158974358974359,195,0.995916515071236,0.220250013565307
BS00046264_51,chr6B,687410691,0.270015415732756,0.205128205128205,195,0.995916515071236,-0.214664013988987
BS00046263_51,chr6B,687410926,0.947217250405673,0.364102564102564,195,0.995916515071236,0.010719562077794
BS00085688_51,chr6B,687621646,0.826800346293701,0.248717948717949,195,0.995916515071236,0.0376914615799429
IAAV3657,chr6B,688071134,0.146274414425372,0.164102564102564,195,0.995916515071236,-0.286978800632379
Kukri_rep_c101126_469,chr6B,688275278,2.91393858276022e-05,0.356410256410256,195,0.0171630982524577,0.633539966033304
tplb0046e21_618,chr6B,690415049,0.179143182677424,0.0948717948717949,195,0.995916515071236,-0.40502043238337
Tdurum_contig7986_704,chr6B,690415134,0.600054902394796,0.276923076923077,195,0.995916515071236,0.0936360174431741
RAC875_c5413_1266,chr6B,692702675,0.851464416983134,0.18974358974359,195,0.995916515071236,-0.0382874438138359
wsnp_Ex_c54772_57527555,chr6B,692783381,0.793851008955732,0.392307692307692,195,0.995916515071236,-0.0440982044156577
wsnp_Ex_c54772_57528275,chr6B,692784320,0.605904008825159,0.341025641025641,195,0.995916515071236,0.0912729080784267
wsnp_Ex_c293_568575,chr6B,693010696,0.402247981153423,0.0461538461538462,195,0.995916515071236,-0.361961172284429
wsnp_Ex_c293_568283,chr6B,693010988,0.350744436785972,0.246153846153846,195,0.995916515071236,-0.154634184608735
RAC875_c56205_127,chr6B,694908864,0.206250331940514,0.374358974358974,195,0.995916515071236,0.223486971528009
IAAV1771,chr6B,694909003,0.726872990794175,0.305128205128205,195,0.995916515071236,-0.0567912277063396
RAC875_c45987_106,chr6B,694916868,0.148232292236894,0.402564102564103,195,0.995916515071236,0.252167260094062
RAC875_c1927_197,chr6B,703811130,0.715492225333742,0.135897435897436,195,0.995916515071236,-0.079617636689286
Excalibur_c10358_1800,chr6D,1151876,0.508233811742719,0.146153846153846,195,0.995916515071236,-0.139274583709742
Excalibur_c52276_176,chr6D,1503859,0.200399330865693,0.453846153846154,195,0.995916515071236,-0.248007217231059
Kukri_c55362_75,chr6D,1820453,0.238055914206051,0.423076923076923,195,0.995916515071236,0.254870605874043
BS00022523_51,chr6D,5712193,0.410938483477706,0.192307692307692,195,0.995916515071236,-0.167298858854586
IACX9471,chr6D,5778807,0.524515332951665,0.171794871794872,195,0.995916515071236,-0.137782832921646
Ra_c42576_780,chr6D,5778906,0.303653077473267,0.215384615384615,195,0.995916515071236,0.19629116547763
wsnp_BE445201D_Ta_1_1,chr6D,114460376,0.671084635320162,0.379487179487179,195,0.995916515071236,0.0622563012360473
IACX179,chr6D,152594622,0.876243991565147,0.184615384615385,195,0.995916515071236,-0.0294025127178914
wsnp_Ex_c1035_1980908,chr6D,160807187,0.492872802677023,0.184615384615385,195,0.995916515071236,-0.141938645178374
Ex_c39405_712,chr6D,169801520,0.733014353503218,0.220512820512821,195,0.995916515071236,-0.0645798747591009
Jagger_c211_207,chr6D,220780001,0.570975008721767,0.202564102564103,195,0.995916515071236,-0.114964544446158
BS00021881_51,chr6D,433062115,0.941826805570815,0.1,195,0.995916515071236,0.0180516510422253
BS00036102_51,chr6D,467428502,0.748210112654278,0.217948717948718,195,0.995916515071236,-0.0619151234461199
RAC875_c17946_277,chr6D,467639548,0.619607903672468,0.18974358974359,195,0.995916515071236,0.0883816839812015
wsnp_Ex_c25390_34655262,chr6D,469342249,0.237412314946566,0.464102564102564,195,0.995916515071236,0.162565739217374
Kukri_rep_c70361_193,chr6D,469342501,0.558791823868221,0.18974358974359,195,0.995916515071236,-0.122146798307327
wsnp_Ex_c25390_34654575,chr6D,469342936,0.154198211916876,0.302564102564103,195,0.995916515071236,-0.298393801088915
CAP7_rep_c12716_77,chr6D,469721666,0.112066279141066,0.220512820512821,195,0.995916515071236,-0.327892882512046
GENE-3976_443,chr6D,469722499,0.816234130954949,0.392307692307692,195,0.995916515071236,-0.036559187170166
wsnp_Ra_c7200_12462543,chr6D,469731296,0.29441444979605,0.241025641025641,195,0.995916515071236,-0.195859558504875
IAAV1012,chr6D,470208435,0.574659362444178,0.358974358974359,195,0.995916515071236,-0.091328916042464
Excalibur_c30035_368,chr6D,470208464,0.492454181103264,0.443589743589744,195,0.995916515071236,0.100510172159801
tplb0025h02_894,chr6D,470667422,0.750483272193521,0.197435897435897,195,0.995916515071236,0.0654820697471106
RAC875_c64099_90,chr6D,471528107,0.29203760183195,0.164102564102564,195,0.995916515071236,0.220259218865448
RAC875_c48570_361,chr6D,471530500,0.324043679305259,0.215384615384615,195,0.995916515071236,-0.19870520602672
BobWhite_c34996_280,chr6D,471655495,0.8760701164908,0.258974358974359,195,0.995916515071236,-0.0330704603541516
Excalibur_c22599_921,chr6D,471657156,0.504478691530547,0.176923076923077,195,0.995916515071236,-0.146915668744613
tplb0046a04_902,chr6D,471960938,0.247731958581799,0.256410256410256,195,0.995916515071236,-0.213567113260909
Excalibur_c83056_83,chr6D,472263729,0.235003271955967,0.156410256410256,195,0.995916515071236,-0.28566641124986
wsnp_Ex_c14691_22763609,chr6D,472304683,0.540767423810589,0.225641025641026,195,0.995916515071236,-0.101523588734461
GENE-3864_207,chr6D,472310433,0.177211709947418,0.0871794871794872,195,0.995916515071236,-0.373245402749363
IAAV3944,chr6D,472341415,0.251831451454291,0.112820512820513,195,0.995916515071236,-0.283736524692927
Excalibur_c43740_95,chr6D,472344152,0.309398216525806,0.117948717948718,195,0.995916515071236,-0.243630452649816
Excalibur_c4261_1098,chr6D,472401057,0.049103561237621,0.353846153846154,195,0.995916515071236,0.310616296484625
wsnp_JD_rep_c50999_34772439,chr6D,472660811,0.127770910987808,0.241025641025641,195,0.995916515071236,-0.2484895297048
Ku_c107983_831,chr6D,472871571,0.130510376786499,0.0974358974358974,195,0.995916515071236,-0.419361178039932
RAC875_rep_c115101_171,chr6D,472871976,0.931541034259198,0.248717948717949,195,0.995916515071236,0.0145081490537695
BobWhite_c34798_184,chr6D,473158971,0.356147184054253,0.258974358974359,195,0.995916515071236,-0.156483184647863
RAC875_c24285_1049,chr6D,473425756,0.186233028251069,0.174358974358974,195,0.995916515071236,-0.255948168773575
Excalibur_c8134_1319,chr6D,473563887,0.235183903451208,0.458974358974359,195,0.995916515071236,-0.202755009325998
Excalibur_c29102_933,chr6D,473565054,0.345095070864072,0.41025641025641,195,0.995916515071236,-0.185534256857178
Ex_c31468_763,chr6D,473572658,0.131217458277235,0.112820512820513,195,0.995916515071236,-0.378963547909295
Ex_c31468_598,chr6D,473572823,0.0761143710324539,0.484615384615385,195,0.995916515071236,0.404530355889001
CAP7_c2559_543,chr6D,474710482,0.0993798380407176,0.0307692307692308,195,0.995916515071236,-0.919875739707102
wsnp_Ex_c6942_11966469,chr6D,474714743,0.302037523779056,0.130769230769231,195,0.995916515071236,-0.248773491369976
BobWhite_c13435_700,chr6D,474719776,0.118142387738097,0.0564102564102564,195,0.995916515071236,-0.504557605656524
tplb0038e08_609,chr6D,475043287,0.162126133795301,0.412820512820513,195,0.995916515071236,0.343293657973042
Excalibur_c2991_320,chr6D,475822943,0.194997009686061,0.0769230769230769,195,0.995916515071236,0.360232568568304
Excalibur_c63506_512,chr6D,475826293,0.148504548282242,0.0948717948717949,195,0.995916515071236,0.393513675724556
wsnp_CAP7_c1735_859744,chr6D,476519223,0.787453473010094,0.0717948717948718,195,0.995916515071236,0.0782266520973618
wsnp_CAP7_c1735_859875,chr6D,476519355,0.271622836055047,0.31025641025641,195,0.995916515071236,0.22254303674983
Kukri_rep_c107605_164,chr6D,476520297,0.326041532120124,0.0743589743589744,195,0.995916515071236,-0.269666053427026
Excalibur_c16566_485,chr6D,476889546,0.954083950718129,0.0974358974358974,195,0.995916515071236,-0.0153817871433706
BS00022206_51,chr6D,476890714,0.637698247249024,0.105128205128205,195,0.995916515071236,-0.127963123503594
BS00105877_51,chr6D,479165444,0.905182320185744,0.0923076923076923,195,0.995916515071236,-0.0353753251049547
RAC875_c14354_934,chr6D,482228853,0.0741053031201905,0.246153846153846,195,0.995916515071236,-0.28890796943992
Excalibur_c15309_646,chr6D,482230102,0.822271898237665,0.225641025641026,195,0.995916515071236,-0.0390616070265342
Ex_c12134_939,chr6D,482716332,0.0908651226878932,0.102564102564103,195,0.995916515071236,-0.424670254475883
BS00070856_51,chr6D,483739858,0.17999574550219,0.0743589743589744,195,0.995916515071236,-0.381794504724743
RFL_Contig2615_982,chr6D,483805184,0.700272434481974,0.0487179487179487,195,0.995916515071236,0.129013760803885
BS00061126_51,chr6D,483982851,0.701064379082737,0.0461538461538462,195,0.995916515071236,-0.134676860432977
BS00095826_51,chr7A,1706781,0.332855552486201,0.261538461538462,195,0.995916515071236,0.186496159020084
Kukri_c38338_485,chr7A,13723399,0.0345242784328643,0.241025641025641,195,0.995916515071236,-0.36946565025767
Kukri_c36885_58,chr7A,13787485,0.418494555065985,0.230769230769231,195,0.995916515071236,-0.147865003129878
RAC875_rep_c114991_493,chr7A,17135188,0.112814686431169,0.307692307692308,195,0.995916515071236,-0.322003152862695
wsnp_Ra_c63822_63288359,chr7A,25057395,0.793770500613764,0.269230769230769,195,0.995916515071236,-0.0543099607497641
RAC875_c63822_185,chr7A,25058429,0.689014132647953,0.328205128205128,195,0.995916515071236,-0.0732615958973248
IAAV6131,chr7A,25983207,0.341664094411818,0.364102564102564,195,0.995916515071236,-0.1672764495345
Tdurum_contig85217_286,chr7A,30068113,0.156377945857676,0.0641025641025641,195,0.995916515071236,-0.449951190145558
Tdurum_contig67992_238,chr7A,63155684,0.365574342908755,0.284615384615385,195,0.995916515071236,0.15767918416512
Tdurum_contig28195_198,chr7A,63715214,0.740531853021152,0.302564102564103,195,0.995916515071236,-0.059772464919682
BS00111112_51,chr7A,67932872,0.552654517260071,0.146153846153846,195,0.995916515071236,-0.143182650939893
Ex_c4463_146,chr7A,82484003,0.566288049829705,0.0717948717948718,195,0.995916515071236,0.162302448410526
BS00074230_51,chr7A,83230747,0.566436403051112,0.0846153846153846,195,0.995916515071236,0.154496969360514
Tdurum_contig63598_188,chr7A,116164416,0.531969750476442,0.41025641025641,195,0.995916515071236,-0.101437685896519
wsnp_Ex_c40247_47349166,chr7A,116518294,0.0128731753480279,0.0948717948717949,195,0.995916515071236,-0.737711969615225
RAC875_rep_c111778_387,chr7A,116520582,0.822528160658607,0.366666666666667,195,0.995916515071236,-0.0336079173828043
RAC875_rep_c76772_850,chr7A,117353100,0.769852183423308,0.351282051282051,195,0.995916515071236,-0.0476352529598962
Tdurum_contig61653_948,chr7A,117827314,0.149479533483279,0.041025641025641,195,0.995916515071236,0.529427127986072
BS00021769_51,chr7A,118856384,0.577588985329216,0.0871794871794872,195,0.995916515071236,-0.154143198062751
Tdurum_contig13080_153,chr7A,149047446,0.280206062585216,0.47948717948718,195,0.995916515071236,-0.183389159260269
Tdurum_contig4676_3592,chr7A,158008204,0.0670311098587395,0.461538461538462,195,0.995916515071236,-0.331388664975666
BS00092805_51,chr7A,160452438,0.185486319233149,0.479487179487179,195,0.995916515071236,-0.211608605820865
Kukri_s118416_65,chr7A,167980070,0.195335173029285,0.302564102564103,195,0.995916515071236,-0.250666333485988
BS00051338_51,chr7A,169518996,0.548455130948943,0.192307692307692,195,0.995916515071236,-0.109955094676688
BobWhite_c3670_517,chr7A,172407805,0.289798795885155,0.346153846153846,195,0.995916515071236,-0.196544496240829
Kukri_c24337_416,chr7A,202681037,0.76128705984046,0.0974358974358974,195,0.995916515071236,0.0920356312107291
Excalibur_rep_c81365_214|wsnp_JD_c6050_7214383,chr7A,246132388,0.374890660902926,0.0384615384615385,195,0.995916515071236,-0.387737702292394
BS00067759_51,chr7A,247501601,0.802778609113597,0.0794871794871795,195,0.995916515071236,-0.0775817132743803
Tdurum_contig11862_341,chr7A,259647856,0.883599268181498,0.0846153846153846,195,0.995916515071236,-0.0423199993736834
Ra_c8425_1331,chr7A,261044837,0.93306654545032,0.0564102564102564,195,0.995916515071236,0.0279794461909315
Excalibur_c48973_1688,chr7A,280935326,0.469921693073337,0.148717948717949,195,0.995916515071236,-0.145901748940271
Tdurum_contig76441_240,chr7A,285225672,0.48748586861737,0.0820512820512821,195,0.995916515071236,-0.202504208449834
RAC875_c37071_73,chr7A,296344858,0.792278000318453,0.0769230769230769,195,0.995916515071236,0.078982231734301
Tdurum_contig28843_80,chr7A,296345296,0.68564112235725,0.0692307692307692,195,0.995916515071236,-0.136884266679585
Excalibur_c26782_423,chr7A,432819293,0.977614535379916,0.366666666666667,195,0.997745773069475,0.00709104584988296
Excalibur_rep_c68850_592,chr7A,505791672,0.727654473142865,0.0666666666666667,195,0.995916515071236,0.114563073468881
wsnp_Ex_c558_1105911,chr7A,515632441,0.557613067061503,0.058974358974359,195,0.995916515071236,-0.201197683873844
BS00015354_51|Kukri_c64283_212,chr7A,541306840,0.727714931787191,0.0615384615384615,195,0.995916515071236,-0.11600378143771
BS00065462_51,chr7A,542734798,0.674758250159206,0.0743589743589744,195,0.995916515071236,0.141013858066762
BobWhite_c66165_77,chr7A,543557005,0.74867795206975,0.0358974358974359,195,0.995916515071236,0.158248403426745
Excalibur_c12916_123,chr7A,574041546,0.116361198776468,0.248717948717949,195,0.995916515071236,-0.269863761661912
IAAV8081,chr7A,576110262,0.781220529485518,0.297435897435897,195,0.995916515071236,-0.0472324811491465
RAC875_c4732_1672|wsnp_Ku_c4591_8286583,chr7A,576512294,0.48218230050171,0.420512820512821,195,0.995916515071236,0.0988154298180355
RAC875_c21280_2176,chr7A,585401984,0.436361543020918,0.164102564102564,195,0.995916515071236,-0.170801317961034
wsnp_Ra_c21280_30656003,chr7A,585402124,0.875950700264863,0.0948717948717949,195,0.995916515071236,-0.057463487725542
Ra_c1227_2718,chr7A,585467638,0.710629409229514,0.128205128205128,195,0.995916515071236,0.105680237746725
Kukri_c47141_79,chr7A,587249974,0.864405169689113,0.225641025641026,195,0.995916515071236,-0.0277792897606712
GENE-4270_242,chr7A,592585602,0.902727835078138,0.187179487179487,195,0.995916515071236,0.027229545567419
wsnp_Ra_c40910_48252997,chr7A,597726092,0.440627094172649,0.146153846153846,195,0.995916515071236,-0.204407497257835
wsnp_RFL_Contig1510_707132,chr7A,598682800,0.0666333821709069,0.374358974358974,195,0.995916515071236,0.266494435788998
Ex_c7397_545,chr7A,598683110,0.056551651583186,0.430769230769231,195,0.995916515071236,-0.392323739028289
Ex_c7397_535,chr7A,598683120,0.0269612708484796,0.417948717948718,195,0.995916515071236,-0.458009742245316
Excalibur_rep_c79404_164,chr7A,598683580,0.621220930248274,0.120512820512821,195,0.995916515071236,0.156996846002828
wsnp_Ex_c1482_2834254,chr7A,599333457,0.133810064951652,0.428205128205128,195,0.995916515071236,0.356021316180552
wsnp_Ex_c1482_2835474,chr7A,599336465,0.252961511135934,0.266666666666667,195,0.995916515071236,-0.204074301401469
wsnp_Ex_c6059_10615895,chr7A,599364299,0.823755669681837,0.128205128205128,195,0.995916515071236,-0.0697795189348938
wsnp_Ra_c16813_25556454,chr7A,600982250,0.771400939758876,0.133333333333333,195,0.995916515071236,0.0868600129513055
TA005578-0927,chr7A,604620635,0.710062051854976,0.151282051282051,195,0.995916515071236,-0.0941789312714274
BS00035807_51,chr7A,604756468,0.138023990147927,0.130769230769231,195,0.995916515071236,-0.467349155692975
BS00059928_51,chr7A,605590060,0.969574707977147,0.133333333333333,195,0.997745773069475,-0.0101772500802397
BS00075525_51,chr7A,606081784,0.790937151286605,0.133333333333333,195,0.995916515071236,-0.0698071208150086
wsnp_Ex_c8614_14453388,chr7A,608297993,0.593300462114867,0.184615384615385,195,0.995916515071236,0.111378628653123
wsnp_Ex_rep_c68405_67220388,chr7A,610070466,0.727081417143292,0.435897435897436,195,0.995916515071236,-0.048770838030693
Ra_c72413_1987,chr7A,610070856,0.392435681711001,0.287179487179487,195,0.995916515071236,0.130233550690328
wsnp_Ex_c38981_46383475,chr7A,610715364,0.668720008440815,0.128205128205128,195,0.995916515071236,-0.114478874680866
wsnp_Ex_c19582_28564743,chr7A,611247295,0.826268557202816,0.0717948717948718,195,0.995916515071236,0.0688012154256485
wsnp_Ex_c19005_27918129,chr7A,611514975,0.646145915411683,0.148717948717949,195,0.995916515071236,-0.10065864980163
BS00044260_51,chr7A,611515954,0.815177026612098,0.0794871794871795,195,0.995916515071236,0.062631055258743
Ku_c5901_1487,chr7A,611909139,0.525665848212424,0.235897435897436,195,0.995916515071236,-0.104534337290591
RAC875_c13696_226,chr7A,613241025,0.512719439550557,0.0384615384615385,195,0.995916515071236,-0.260253469708445
BS00092631_51,chr7A,613484154,0.360485254138655,0.107692307692308,195,0.995916515071236,0.211754693686669
Kukri_c6676_172,chr7A,613488811,0.886592282793202,0.0871794871794872,195,0.995916515071236,-0.0378717108929507
Kukri_c16922_106,chr7A,615341146,0.528239007282558,0.182051282051282,195,0.995916515071236,0.155938355026182
CAP7_c1522_255,chr7A,619318726,0.80319836902867,0.161538461538462,195,0.995916515071236,0.0569034972015192
wsnp_CAP11_c827_513472,chr7A,619598078,0.540072227863658,0.241025641025641,195,0.995916515071236,0.123792662336658
Ku_c2990_1997,chr7A,623951492,0.661542614100636,0.0769230769230769,195,0.995916515071236,0.133706798323354
CAP8_c3496_118,chr7A,628258831,0.628615332991132,0.0538461538461538,195,0.995916515071236,-0.155483009996762
wsnp_Ex_c15341_23592177,chr7A,637162608,0.104196920530481,0.264102564102564,195,0.995916515071236,0.30297660670276
wsnp_Ex_c15341_23592075,chr7A,637162710,0.457283667059109,0.171794871794872,195,0.995916515071236,0.156328586996539
wsnp_JD_c5102_6225151,chr7A,645455423,0.398980016582018,0.443589743589744,195,0.995916515071236,0.130874456833016
RAC875_c35723_106,chr7A,659821504,0.10943837893426,0.235897435897436,195,0.995916515071236,0.327691928605015
RAC875_c43295_135,chr7A,663534731,0.233119870979408,0.187179487179487,195,0.995916515071236,0.232175810816876
Excalibur_c14451_389,chr7A,673729628,0.0760715967001881,0.166666666666667,195,0.995916515071236,0.407898509333243
tplb0045p11_893,chr7A,673763752,0.82806053280629,0.148717948717949,195,0.995916515071236,0.0537770311549561
RAC875_c24411_889,chr7A,677625516,0.752977756638584,0.251282051282051,195,0.995916515071236,-0.0501122398472145
wsnp_Ex_c9428_15641609,chr7A,677736623,0.46016658940496,0.2,195,0.995916515071236,0.148848896846779
IAAV5268,chr7A,682233957,0.259456980153354,0.220512820512821,195,0.995916515071236,0.280861967084419
RAC875_rep_c119304_226,chr7A,692358395,0.348960352414793,0.0102564102564103,195,0.995916515071236,0.638545311426068
wsnp_Ku_c44760_51961180,chr7A,692637444,0.121897384904589,0.217948717948718,195,0.995916515071236,-0.297007027536955
BS00065529_51,chr7A,692955614,0.295708913109859,0.21025641025641,195,0.995916515071236,0.179435363065244
BobWhite_c19346_434,chr7A,696459217,0.699624069717672,0.41025641025641,195,0.995916515071236,-0.0651279316970896
Tdurum_contig43216_852,chr7A,705563849,0.260251706476264,0.341025641025641,195,0.995916515071236,-0.224634098616564
Tdurum_contig61864_1352,chr7A,705594059,0.00480668549492945,0.179487179487179,195,0.788991950902029,-0.725578287033331
JD_c1314_1184,chr7A,711613052,0.310606146352341,0.335897435897436,195,0.995916515071236,-0.174297265325047
BS00081057_51,chr7A,712784880,0.0143746687203879,0.31025641025641,195,0.995916515071236,-0.443360781347526
Kukri_c28968_130,chr7A,720270650,0.288908389966091,0.0538461538461538,195,0.995916515071236,-0.385734463204613
wsnp_Ra_c7112_12318340,chr7A,720981510,0.117388789476619,0.492307692307692,195,0.995916515071236,-0.268482337884784
Tdurum_contig12454_585,chr7A,723972206,0.337006199678504,0.0256410256410256,195,0.995916515071236,-0.590650489781131
Tdurum_contig59633_56,chr7A,723980490,0.275568350287902,0.176923076923077,195,0.995916515071236,-0.207233498269913
BS00010677_51,chr7A,723986356,0.309999023203041,0.174358974358974,195,0.995916515071236,0.227438452496342
RAC875_c90330_82,chr7A,725491311,0.367783101157179,0.433333333333333,195,0.995916515071236,-0.22136722431344
RFL_Contig2814_385,chr7A,737730734,0.365531192592837,0.112820512820513,195,0.995916515071236,-0.217200504160689
Tdurum_contig45618_1089,chr7A,737884396,0.543626268126496,0.117948717948718,195,0.995916515071236,0.137291307908157
RAC875_c18550_228,chr7A,737885505,0.747231464766495,0.4,195,0.995916515071236,-0.06027791161676
Tdurum_contig28435_107,chr7A,738022186,0.668234938273527,0.187179487179487,195,0.995916515071236,-0.105766949692118
Excalibur_c8486_419,chr7B,16481,0.175700951162418,0.266666666666667,195,0.995916515071236,0.231703791312849
GENE-2935_114,chr7B,2281105,0.845214581956581,0.0358974358974359,195,0.995916515071236,0.0721739454472976
RFL_Contig6075_1128,chr7B,2885702,0.740238466697602,0.297435897435897,195,0.995916515071236,0.0719002987723414
RAC875_rep_c78258_214,chr7B,3383560,0.0994511353273904,0.243589743589744,195,0.995916515071236,0.362516825202979
Tdurum_contig25857_274,chr7B,3822839,0.510687932374453,0.351282051282051,195,0.995916515071236,0.119568917205687
Kukri_c41117_824,chr7B,3832150,0.179301237126015,0.146153846153846,195,0.995916515071236,-0.313546977380962
Tdurum_contig98005_272,chr7B,4662572,0.0684729311637952,0.330769230769231,195,0.995916515071236,0.304732578191008
Tdurum_contig85266_280,chr7B,5558560,0.504863608741311,0.330769230769231,195,0.995916515071236,0.124709086245595
Ra_c39042_935,chr7B,12171340,0.277409386122194,0.4,195,0.995916515071236,0.1767151000545
BS00021952_51,chr7B,43286870,0.0999846980464971,0.269230769230769,195,0.995916515071236,0.274481148438003
GENE-4376_439,chr7B,43290208,0.193067645685755,0.264102564102564,195,0.995916515071236,0.227213202386755
RAC875_c30123_913,chr7B,79041916,0.107669321059694,0.364102564102564,195,0.995916515071236,0.260686358602808
Excalibur_c32859_652,chr7B,87150682,0.100358146121799,0.405128205128205,195,0.995916515071236,0.256460560785865
GENE-4507_56,chr7B,130466305,0.227248069800073,0.271794871794872,195,0.995916515071236,-0.268944936513124
GENE-4507_113,chr7B,130466358,0.787076625495338,0.0948717948717949,195,0.995916515071236,-0.0699469327210585
wsnp_Ex_rep_c66351_64532511,chr7B,130480340,0.258155678695327,0.361538461538462,195,0.995916515071236,-0.238749794451738
wsnp_Ra_c31052_40235870,chr7B,130634075,0.0864467068220633,0.212820512820513,195,0.995916515071236,-0.406317925629704
wsnp_Ex_rep_c69954_68913284,chr7B,130634178,0.604255338336373,0.215384615384615,195,0.995916515071236,-0.120253959414436
wsnp_Ex_c27666_36847022,chr7B,130636566,0.203827768913272,0.197435897435897,195,0.995916515071236,-0.25444221421383
Tdurum_contig50984_599,chr7B,429421995,0.777550071745916,0.41025641025641,195,0.995916515071236,-0.0522099121031552
Tdurum_contig54532_206,chr7B,440575969,0.600626999810319,0.179487179487179,195,0.995916515071236,-0.139144944092951
wsnp_Ex_c65605_63952614,chr7B,454540269,0.785063429249818,0.166666666666667,195,0.995916515071236,-0.0607621866647339
Tdurum_contig48695_527,chr7B,460005311,0.614683214324408,0.21025641025641,195,0.995916515071236,-0.0885513008238519
wsnp_Ku_c19037_28455905,chr7B,460023036,0.127629975854398,0.361538461538462,195,0.995916515071236,0.297585629792316
Tdurum_contig81318_116,chr7B,470087643,0.214514595911535,0.215384615384615,195,0.995916515071236,-0.254610903554592
Excalibur_c17078_400,chr7B,470612372,0.238233033171131,0.207692307692308,195,0.995916515071236,0.252380216041916
RFL_Contig3306_194,chr7B,486378939,0.640592312163866,0.135897435897436,195,0.995916515071236,0.108681619839761
Excalibur_c16687_476,chr7B,491053428,0.305166406005374,0.238461538461538,195,0.995916515071236,0.193064476941197
Kukri_c48870_115,chr7B,491053591,0.381711468193171,0.228205128205128,195,0.995916515071236,0.183232774551549
BobWhite_rep_c49587_1290,chr7B,491345170,0.470886998907475,0.18974358974359,195,0.995916515071236,0.163465944713934
RAC875_rep_c106651_635,chr7B,532301752,0.809543639171477,0.128205128205128,195,0.995916515071236,0.0500339394954512
Kukri_c34355_722,chr7B,543184224,0.668024319863401,0.0512820512820513,195,0.995916515071236,-0.134322745694909
wsnp_Ex_c10550_17231658,chr7B,632289892,0.381863245843201,0.130769230769231,195,0.995916515071236,0.186966349381555
GENE-4624_79,chr7B,633507557,0.0405352245126379,0.0512820512820513,195,0.995916515071236,0.736756139280969
wsnp_Ex_rep_c70700_69597262,chr7B,634181119,0.508091388207826,0.18974358974359,195,0.995916515071236,0.157571621723298
RAC875_c24101_284,chr7B,636880918,0.441462248587762,0.0743589743589744,195,0.995916515071236,-0.207007032281449
Tdurum_contig97814_355,chr7B,648091240,0.322286816442336,0.315384615384615,195,0.995916515071236,0.207881335825828
BS00022053_51,chr7B,648696805,0.827408312673069,0.441025641025641,195,0.995916515071236,0.0344137457005065
Kukri_c25451_119,chr7B,651534868,0.991029775008997,0.246153846153846,195,0.997745773069475,-0.00210974298660282
Kukri_c29415_392,chr7B,651535852,0.958814569145912,0.32051282051282,195,0.995916515071236,0.00781677340551923
RAC875_c45062_305,chr7B,658493608,0.744115722606039,0.466666666666667,195,0.995916515071236,0.0504567410357453
BobWhite_c9774_101,chr7B,666983983,0.177658129992102,0.351282051282051,195,0.995916515071236,0.252320564919973
Tdurum_contig44993_359,chr7B,670628424,0.117300885711287,0.0897435897435897,195,0.995916515071236,0.454943749309965
Excalibur_c16856_432,chr7B,685802816,0.183357859203365,0.292307692307692,195,0.995916515071236,-0.272384970255926
Tdurum_contig4658_346,chr7B,687058202,0.986567922307982,0.333333333333333,195,0.997745773069475,0.0031482846766604
BobWhite_c1802_456,chr7B,687058274,0.397755943627733,0.176923076923077,195,0.995916515071236,0.18437924094717
Ra_c21094_506,chr7B,687836118,0.580289349524817,0.0743589743589744,195,0.995916515071236,0.167141031657675
Kukri_c10430_1138,chr7B,700204215,0.120788115271404,0.194871794871795,195,0.995916515071236,-0.282338931097664
wsnp_Ex_rep_c68762_67626384,chr7B,707835747,0.439025181848697,0.0974358974358974,195,0.995916515071236,0.22534584158274
Tdurum_contig17062_665,chr7B,708306460,0.737236766059118,0.312820512820513,195,0.995916515071236,-0.0551909492794422
Excalibur_c7338_563,chr7B,708309524,0.341550600325642,0.205128205128205,195,0.995916515071236,0.211026807258495
wsnp_Ex_c1721_3261986,chr7B,708641818,0.77542606327513,0.482051282051282,195,0.995916515071236,0.0541557022258807
BobWhite_c12048_145,chr7B,708642117,0.962981230747833,0.471794871794872,195,0.995916515071236,0.0067872171279415
TA005284-0990,chr7B,712320916,0.265720993085508,0.058974358974359,195,0.995916515071236,0.407931253902362
CAP7_c2649_283,chr7B,714646871,0.0152075773210218,0.058974358974359,195,0.995916515071236,0.842435412971568
RAC875_rep_c117259_207,chr7B,716558650,0.082554561833508,0.123076923076923,195,0.995916515071236,0.386719415879742
tplb0035h03_1251,chr7B,717851388,0.470091468239344,0.123076923076923,195,0.995916515071236,-0.15159549849343
BS00040283_51,chr7B,717910972,0.8712903032613,0.0948717948717949,195,0.995916515071236,-0.0417453771304004
Excalibur_c4948_454,chr7B,718170078,0.927745488497223,0.151282051282051,195,0.995916515071236,-0.0185693044921784
BobWhite_c4729_243,chr7B,718253809,0.824221374817184,0.0641025641025641,195,0.995916515071236,-0.0707613683821622
BS00022810_51,chr7B,719591810,0.089099234705174,0.169230769230769,195,0.995916515071236,-0.41706646712616
Tdurum_contig8402_460,chr7B,719763877,0.202961078850897,0.0923076923076923,195,0.995916515071236,-0.314614764273536
Tdurum_contig8402_638,chr7B,719764055,0.49360006885216,0.0564102564102564,195,0.995916515071236,-0.226475160803238
Excalibur_c4042_223,chr7B,724890148,0.723588345493868,0.102564102564103,195,0.995916515071236,-0.0925052236270201
BobWhite_c12316_383,chr7D,7357620,0.233561187647835,0.0666666666666667,195,0.995916515071236,-0.464234734141828
Kukri_c20938_270,chr7D,7986459,0.752864655780908,0.166666666666667,195,0.995916515071236,0.0944372730947229
D_F5XZDLF02H192C_184,chr7D,9278177,0.803300020869428,0.0743589743589744,195,0.995916515071236,-0.0924584795611132
Excalibur_c27950_459,chr7D,54998126,0.756781049146258,0.417948717948718,195,0.995916515071236,-0.0445964487657573
BobWhite_c40479_283,chr7D,59309787,0.474108182188971,0.0846153846153846,195,0.995916515071236,-0.189374563542884
BobWhite_rep_c65034_450,chr7D,90543595,0.839615671358342,0.220512820512821,195,0.995916515071236,-0.0380832035365888
RAC875_c13942_2973,chr7D,94763397,0.621642562292816,0.233333333333333,195,0.995916515071236,-0.0812568184467501
Kukri_c20975_765,chr7D,102982144,0.253076681236911,0.3,195,0.995916515071236,0.247364562807817
wsnp_Ex_c4637_8299644,chr7D,103122012,0.483674774611651,0.494871794871795,195,0.995916515071236,-0.103917067677681
CAP12_c2046_153,chr7D,104536964,0.612790177696087,0.379487179487179,195,0.995916515071236,0.0811703759929792
D_contig35184_357,chr7D,105305853,0.411372318491819,0.371794871794872,195,0.995916515071236,0.123787939894974
RAC875_c4453_2678,chr7D,105647896,0.799050723421386,0.369230769230769,195,0.995916515071236,0.0388708099051165
Ku_c30772_1151,chr7D,105649400,0.351762441993575,0.161538461538462,195,0.995916515071236,0.186968830030919
D_GDEEGVY02FN6KZ_98,chr7D,105673995,0.663677803992618,0.302564102564103,195,0.995916515071236,-0.0668723074595654
wsnp_Ex_c20320_29383733,chr7D,105679359,0.724302128880974,0.274358974358974,195,0.995916515071236,0.0553407249449105
RAC875_c1863_3196,chr7D,105679820,0.185607586081642,0.497435897435897,195,0.995916515071236,0.212006146204004
Kukri_c11890_709,chr7D,106099353,0.684447720830637,0.282051282051282,195,0.995916515071236,0.0943486706088095
RAC875_c53629_483,chr7D,144584842,0.980526212796493,0.282051282051282,195,0.997745773069475,-0.00386512550638329
wsnp_Ex_c2123_3988735,chr7D,172976023,0.13570276307221,0.235897435897436,195,0.995916515071236,0.251165496738129
wsnp_CAP11_c2839_1425826,chr7D,213831428,0.353704311786016,0.133333333333333,195,0.995916515071236,0.221953685596255
IAAV7925,chr7D,255040936,0.680487227709901,0.107692307692308,195,0.995916515071236,0.12212679540521
wsnp_Ex_c23001_32223579,chr7D,268178205,0.192212325173536,0.0435897435897436,195,0.995916515071236,0.686486730663294
wsnp_bm138650D_Ta_2_2,chr7D,268870177,0.69008695074993,0.153846153846154,195,0.995916515071236,-0.0887937827573957
IACX7714,chr7D,389487508,0.884516284417544,0.143589743589744,195,0.995916515071236,-0.0357964616821116
wsnp_cd454041D_Ta_2_1,chr7D,392298332,0.879051576912857,0.169230769230769,195,0.995916515071236,0.0288105773406517
IAAV4133,chr7D,394409246,0.855259709756619,0.161538461538462,195,0.995916515071236,0.0414133319699346
wsnp_Ex_c6664_11531767,chr7D,395093667,0.409102685404429,0.0487179487179487,195,0.995916515071236,0.403396336129799
Kukri_rep_c109239_223,chr7D,396358142,0.621269934707229,0.130769230769231,195,0.995916515071236,0.126791173188829
wsnp_Ex_rep_c66483_64738995,chr7D,396358712,0.481915349941604,0.0948717948717949,195,0.995916515071236,-0.213246306682935
Kukri_c58234_519,chr7D,416191413,0.17028555624592,0.0871794871794872,195,0.995916515071236,0.37147579110886
Ex_c8238_637,chr7D,464338258,0.603073783944782,0.0948717948717949,195,0.995916515071236,-0.128035252833167
wsnp_Ex_c17914_26681837,chr7D,504182022,0.516468079799459,0.315384615384615,195,0.995916515071236,0.146662278766907
TA001185-0966,chr7D,519574795,0.42356329882147,0.307692307692308,195,0.995916515071236,0.141625138378462
RFL_Contig471_835,chr7D,526524314,0.444854211713408,0.294871794871795,195,0.995916515071236,-0.119110600527927
BS00051607_51,chr7D,529494695,0.382016514839968,0.374358974358974,195,0.995916515071236,0.148179645606925
BS00066128_51,chr7D,531229184,0.786067053472453,0.230769230769231,195,0.995916515071236,0.0437174995379159
wsnp_Ex_c145_285194,chr7D,533549451,0.808545487395428,0.4,195,0.995916515071236,-0.0394831283574604
Ku_c32426_324,chr7D,552228822,0.204683606270745,0.135897435897436,195,0.995916515071236,-0.271085530640788
BS00022610_51,chr7D,553528968,0.579548445483107,0.228205128205128,195,0.995916515071236,0.140019988181489
RAC875_c16367_81,chr7D,572091412,0.338814106544252,0.123076923076923,195,0.995916515071236,-0.241866316334111
tplb0049k01_89,chr7D,573162684,0.990214534463623,0.238461538461538,195,0.997745773069475,-0.0020404171239079
Kukri_c22576_148,chr7D,573744387,0.835935531418512,0.166666666666667,195,0.995916515071236,0.0480441880022102
Excalibur_c7895_385,chr7D,573803660,0.227242407655381,0.143589743589744,195,0.995916515071236,-0.268966994204746
BobWhite_c11549_468,chr7D,574260504,0.500859179960203,0.102564102564103,195,0.995916515071236,-0.209646181827909
Kukri_c61816_202,chr7D,574331477,0.656407338817714,0.320512820512821,195,0.995916515071236,-0.090774772671752
D_contig57690_497,chr7D,585248188,0.20407306906819,0.0564102564102564,195,0.995916515071236,-0.426078192885483
tplb0057p21_1365,chr7D,585668368,0.936617165652254,0.187179487179487,195,0.995916515071236,-0.0163569793711495
Excalibur_c30730_1503,chr7D,601674848,0.148401420667292,0.207692307692308,195,0.995916515071236,0.249999147709246
BS00000744_51,chrUn,2128412,0.63789305022254,0.394871794871795,195,0.995916515071236,0.0874322789000139
BS00086387_51,chrUn,5306850,0.920432721305997,0.0256410256410256,195,0.995916515071236,-0.043182604733822
Ex_c45438_377,chrUn,35000738,0.00402535714907535,0.469230769230769,195,0.788991950902029,0.626941554566582
IAAV4595,chrUn,42458587,0.722736241595072,0.315384615384615,195,0.995916515071236,-0.068667388579307
BobWhite_c15849_189,chrUn,94654791,0.87685221458507,0.0794871794871795,195,0.995916515071236,0.0480417259689201
RAC875_c58425_286,chrUn,208301821,0.784833929652154,0.451282051282051,195,0.995916515071236,0.0423055372852925
